Downloading https://services.gradle.org/distributions/gradle-8.9-bin.zip
............10%.............20%.............30%.............40%.............50%.............60%.............70%.............80%.............90%.............100%
Initialized native services in: /home/runner/.gradle/native
Initialized jansi services in: /home/runner/.gradle/native
Received JVM installation metadata from '/usr/lib/jvm/temurin-17-jdk-amd64': {JAVA_HOME=/usr/lib/jvm/temurin-17-jdk-amd64, JAVA_VERSION=17.0.20.1, JAVA_VENDOR=Eclipse Adoptium, RUNTIME_NAME=OpenJDK Runtime Environment, RUNTIME_VERSION=17.0.20.1+1, VM_NAME=OpenJDK 64-Bit Server VM, VM_VERSION=17.0.20.1+1, VM_VENDOR=Eclipse Adoptium, OS_ARCH=amd64}
The client will now receive all logging from the daemon (pid: 2406). The daemon log file: /home/runner/.gradle/daemon/8.9/daemon-2406.out.log
Starting 2nd build in daemon [uptime: 29.522 secs, performance: 99%, GC rate: 0.00/s, heap usage: 0% of 2 GiB]
Using 4 worker leases.
Now considering [/home/runner/work/Kzmwpwnsmms/Kzmwpwnsmms/android] as hierarchies to watch
Watching the file system is configured to be enabled if available
File system watching is active
Starting Build
Settings evaluated using settings file '/home/runner/work/Kzmwpwnsmms/Kzmwpwnsmms/android/settings.gradle'.
Using local directory build cache for the root build (location = /home/runner/.gradle/caches/build-cache-1, removeUnusedEntriesAfter = 7 days).
Projects loaded. Root project using build file '/home/runner/work/Kzmwpwnsmms/Kzmwpwnsmms/android/build.gradle'.
Included projects: [root project 'AniBeat', project ':app']

> Configure project :
Evaluating root project 'AniBeat' using build file '/home/runner/work/Kzmwpwnsmms/Kzmwpwnsmms/android/build.gradle'.
Transforming gradle-8.5.2.jar (com.android.tools.build:gradle:8.5.2) with InstrumentationAnalysisTransform
Transforming gradle-settings-api-8.5.2.jar (com.android.tools.build:gradle-settings-api:8.5.2) with InstrumentationAnalysisTransform
Transforming lint-model-31.5.2.jar (com.android.tools.lint:lint-model:31.5.2) with InstrumentationAnalysisTransform
Transforming builder-8.5.2.jar (com.android.tools.build:builder:8.5.2) with InstrumentationAnalysisTransform
Transforming manifest-merger-31.5.2.jar (com.android.tools.build:manifest-merger:31.5.2) with InstrumentationAnalysisTransform
Transforming sdk-common-31.5.2.jar (com.android.tools:sdk-common:31.5.2) with InstrumentationAnalysisTransform
Transforming sdklib-31.5.2.jar (com.android.tools:sdklib:31.5.2) with InstrumentationAnalysisTransform
Transforming repository-31.5.2.jar (com.android.tools:repository:31.5.2) with InstrumentationAnalysisTransform
Transforming gradle-api-8.5.2.jar (com.android.tools.build:gradle-api:8.5.2) with InstrumentationAnalysisTransform
Transforming builder-test-api-8.5.2.jar (com.android.tools.build:builder-test-api:8.5.2) with InstrumentationAnalysisTransform
Transforming ddmlib-31.5.2.jar (com.android.tools.ddms:ddmlib:31.5.2) with InstrumentationAnalysisTransform
Transforming aaptcompiler-8.5.2.jar (com.android.tools.build:aaptcompiler:8.5.2) with InstrumentationAnalysisTransform
Transforming bundletool-1.16.0.jar (com.android.tools.build:bundletool:1.16.0) with InstrumentationAnalysisTransform
Transforming aapt2-proto-8.5.2-11315950.jar (com.android.tools.build:aapt2-proto:8.5.2-11315950) with InstrumentationAnalysisTransform
Transforming crash-31.5.2.jar (com.android.tools.analytics-library:crash:31.5.2) with InstrumentationAnalysisTransform
Transforming tracker-31.5.2.jar (com.android.tools.analytics-library:tracker:31.5.2) with InstrumentationAnalysisTransform
Transforming shared-31.5.2.jar (com.android.tools.analytics-library:shared:31.5.2) with InstrumentationAnalysisTransform
Transforming lint-typedef-remover-31.5.2.jar (com.android.tools.lint:lint-typedef-remover:31.5.2) with InstrumentationAnalysisTransform
Transforming databinding-compiler-common-8.5.2.jar (androidx.databinding:databinding-compiler-common:8.5.2) with InstrumentationAnalysisTransform
Transforming databinding-common-8.5.2.jar (androidx.databinding:databinding-common:8.5.2) with InstrumentationAnalysisTransform
Transforming baseLibrary-8.5.2.jar (com.android.databinding:baseLibrary:8.5.2) with InstrumentationAnalysisTransform
Transforming layoutlib-api-31.5.2.jar (com.android.tools.layoutlib:layoutlib-api:31.5.2) with InstrumentationAnalysisTransform
Transforming android-device-provider-ddmlib-proto-31.5.2.jar (com.android.tools.utp:android-device-provider-ddmlib-proto:31.5.2) with InstrumentationAnalysisTransform
Transforming android-device-provider-gradle-proto-31.5.2.jar (com.android.tools.utp:android-device-provider-gradle-proto:31.5.2) with InstrumentationAnalysisTransform
Transforming android-test-plugin-host-additional-test-output-proto-31.5.2.jar (com.android.tools.utp:android-test-plugin-host-additional-test-output-proto:31.5.2) with InstrumentationAnalysisTransform
Transforming android-test-plugin-host-coverage-proto-31.5.2.jar (com.android.tools.utp:android-test-plugin-host-coverage-proto:31.5.2) with InstrumentationAnalysisTransform
Transforming android-test-plugin-host-emulator-control-proto-31.5.2.jar (com.android.tools.utp:android-test-plugin-host-emulator-control-proto:31.5.2) with InstrumentationAnalysisTransform
Transforming android-test-plugin-host-logcat-proto-31.5.2.jar (com.android.tools.utp:android-test-plugin-host-logcat-proto:31.5.2) with InstrumentationAnalysisTransform
Transforming android-test-plugin-host-apk-installer-proto-31.5.2.jar (com.android.tools.utp:android-test-plugin-host-apk-installer-proto:31.5.2) with InstrumentationAnalysisTransform
Transforming android-test-plugin-host-retention-proto-31.5.2.jar (com.android.tools.utp:android-test-plugin-host-retention-proto:31.5.2) with InstrumentationAnalysisTransform
Transforming android-test-plugin-result-listener-gradle-proto-31.5.2.jar (com.android.tools.utp:android-test-plugin-result-listener-gradle-proto:31.5.2) with InstrumentationAnalysisTransform
Transforming builder-model-8.5.2.jar (com.android.tools.build:builder-model:8.5.2) with InstrumentationAnalysisTransform
Transforming dvlib-31.5.2.jar (com.android.tools:dvlib:31.5.2) with InstrumentationAnalysisTransform
Transforming common-31.5.2.jar (com.android.tools:common:31.5.2) with InstrumentationAnalysisTransform
Transforming jetifier-processor-1.0.0-beta10.jar (com.android.tools.build.jetifier:jetifier-processor:1.0.0-beta10) with InstrumentationAnalysisTransform
Transforming jetifier-core-1.0.0-beta10.jar (com.android.tools.build.jetifier:jetifier-core:1.0.0-beta10) with InstrumentationAnalysisTransform
Transforming kotlin-reflect-1.9.20.jar (org.jetbrains.kotlin:kotlin-reflect:1.9.20) with InstrumentationAnalysisTransform
Transforming kotlin-stdlib-jdk7-1.9.20.jar (org.jetbrains.kotlin:kotlin-stdlib-jdk7:1.9.20) with InstrumentationAnalysisTransform
Transforming kotlin-stdlib-1.9.20.jar (org.jetbrains.kotlin:kotlin-stdlib:1.9.20) with InstrumentationAnalysisTransform
Transforming kotlin-stdlib-jdk8-1.9.20.jar (org.jetbrains.kotlin:kotlin-stdlib-jdk8:1.9.20) with InstrumentationAnalysisTransform
Transforming transform-api-2.0.0-deprecated-use-gradle-api.jar (com.android.tools.build:transform-api:2.0.0-deprecated-use-gradle-api) with InstrumentationAnalysisTransform
Transforming httpmime-4.5.6.jar (org.apache.httpcomponents:httpmime:4.5.6) with InstrumentationAnalysisTransform
Transforming commons-io-2.13.0.jar (commons-io:commons-io:2.13.0) with InstrumentationAnalysisTransform
Transforming asm-commons-9.6.jar (org.ow2.asm:asm-commons:9.6) with InstrumentationAnalysisTransform
Transforming asm-util-9.6.jar (org.ow2.asm:asm-util:9.6) with InstrumentationAnalysisTransform
Transforming asm-analysis-9.6.jar (org.ow2.asm:asm-analysis:9.6) with InstrumentationAnalysisTransform
Transforming asm-tree-9.6.jar (org.ow2.asm:asm-tree:9.6) with InstrumentationAnalysisTransform
Transforming asm-9.6.jar (org.ow2.asm:asm:9.6) with InstrumentationAnalysisTransform
Transforming apkzlib-8.5.2.jar (com.android.tools.build:apkzlib:8.5.2) with InstrumentationAnalysisTransform
Transforming bcpkix-jdk18on-1.77.jar (org.bouncycastle:bcpkix-jdk18on:1.77) with InstrumentationAnalysisTransform
Transforming jaxb-runtime-2.3.2.jar (org.glassfish.jaxb:jaxb-runtime:2.3.2) with InstrumentationAnalysisTransform
Transforming jopt-simple-4.9.jar (net.sf.jopt-simple:jopt-simple:4.9) with InstrumentationAnalysisTransform
Transforming javapoet-1.10.0.jar (com.squareup:javapoet:1.10.0) with InstrumentationAnalysisTransform
Transforming protobuf-java-util-3.22.3.jar (com.google.protobuf:protobuf-java-util:3.22.3) with InstrumentationAnalysisTransform
Transforming grpc-protobuf-1.57.0.jar (io.grpc:grpc-protobuf:1.57.0) with InstrumentationAnalysisTransform
Transforming tink-1.7.0.jar (com.google.crypto.tink:tink:1.7.0) with InstrumentationAnalysisTransform
Transforming protos-31.5.2.jar (com.android.tools.analytics-library:protos:31.5.2) with InstrumentationAnalysisTransform
Transforming proto-google-common-protos-2.17.0.jar (com.google.api.grpc:proto-google-common-protos:2.17.0) with InstrumentationAnalysisTransform
Transforming protobuf-java-3.22.3.jar (com.google.protobuf:protobuf-java:3.22.3) with InstrumentationAnalysisTransform
Transforming grpc-netty-1.57.0.jar (io.grpc:grpc-netty:1.57.0) with InstrumentationAnalysisTransform
Transforming grpc-core-1.57.0.jar (io.grpc:grpc-core:1.57.0) with InstrumentationAnalysisTransform
Transforming gson-2.10.1.jar (com.google.code.gson:gson:2.10.1) with InstrumentationAnalysisTransform
Transforming grpc-stub-1.57.0.jar (io.grpc:grpc-stub:1.57.0) with InstrumentationAnalysisTransform
Transforming core-proto-0.0.9-alpha02.jar (com.google.testing.platform:core-proto:0.0.9-alpha02) with InstrumentationAnalysisTransform
Transforming kxml2-2.3.0.jar (net.sf.kxml:kxml2:2.3.0) with InstrumentationAnalysisTransform
Transforming tensorflow-lite-metadata-0.1.0-rc2.jar (org.tensorflow:tensorflow-lite-metadata:0.1.0-rc2) with InstrumentationAnalysisTransform
Transforming flatbuffers-java-1.12.0.jar (com.google.flatbuffers:flatbuffers-java:1.12.0) with InstrumentationAnalysisTransform
Transforming jimfs-1.1.jar (com.google.jimfs:jimfs:1.1) with InstrumentationAnalysisTransform
Transforming grpc-context-1.57.0.jar (io.grpc:grpc-context:1.57.0) with InstrumentationAnalysisTransform
Transforming grpc-protobuf-lite-1.57.0.jar (io.grpc:grpc-protobuf-lite:1.57.0) with InstrumentationAnalysisTransform
Transforming grpc-api-1.57.0.jar (io.grpc:grpc-api:1.57.0) with InstrumentationAnalysisTransform
Transforming guava-32.0.1-jre.jar (com.google.guava:guava:32.0.1-jre) with InstrumentationAnalysisTransform
Transforming dagger-2.28.3.jar (com.google.dagger:dagger:2.28.3) with InstrumentationAnalysisTransform
Transforming javax.inject-1.jar (javax.inject:javax.inject:1) with InstrumentationAnalysisTransform
Transforming bcutil-jdk18on-1.77.jar (org.bouncycastle:bcutil-jdk18on:1.77) with InstrumentationAnalysisTransform
Transforming bcprov-jdk18on-1.77.jar (org.bouncycastle:bcprov-jdk18on:1.77) with InstrumentationAnalysisTransform
Transforming trove4j-1.0.20200330.jar (org.jetbrains.intellij.deps:trove4j:1.0.20200330) with InstrumentationAnalysisTransform
Transforming commons-compress-1.21.jar (org.apache.commons:commons-compress:1.21) with InstrumentationAnalysisTransform
Transforming httpclient-4.5.14.jar (org.apache.httpcomponents:httpclient:4.5.14) with InstrumentationAnalysisTransform
Transforming httpcore-4.4.16.jar (org.apache.httpcomponents:httpcore:4.4.16) with InstrumentationAnalysisTransform
Transforming javax.activation-1.2.0.jar (com.sun.activation:javax.activation:1.2.0) with InstrumentationAnalysisTransform
Transforming annotations-23.0.0.jar (org.jetbrains:annotations:23.0.0) with InstrumentationAnalysisTransform
Transforming signflinger-8.5.2.jar (com.android:signflinger:8.5.2) with InstrumentationAnalysisTransform
Transforming zipflinger-8.5.2.jar (com.android:zipflinger:8.5.2) with InstrumentationAnalysisTransform
Transforming annotations-31.5.2.jar (com.android.tools:annotations:31.5.2) with InstrumentationAnalysisTransform
Transforming jna-platform-5.6.0.jar (net.java.dev.jna:jna-platform:5.6.0) with InstrumentationAnalysisTransform
Transforming juniversalchardet-1.0.3.jar (com.googlecode.juniversalchardet:juniversalchardet:1.0.3) with InstrumentationAnalysisTransform
Transforming javax.annotation-api-1.3.2.jar (javax.annotation:javax.annotation-api:1.3.2) with InstrumentationAnalysisTransform
Transforming stax-ex-1.8.1.jar (org.jvnet.staxex:stax-ex:1.8.1) with InstrumentationAnalysisTransform
Transforming jakarta.xml.bind-api-2.3.2.jar (jakarta.xml.bind:jakarta.xml.bind-api:2.3.2) with InstrumentationAnalysisTransform
Transforming txw2-2.3.2.jar (org.glassfish.jaxb:txw2:2.3.2) with InstrumentationAnalysisTransform
Transforming istack-commons-runtime-3.0.8.jar (com.sun.istack:istack-commons-runtime:3.0.8) with InstrumentationAnalysisTransform
Transforming FastInfoset-1.2.16.jar (com.sun.xml.fastinfoset:FastInfoset:1.2.16) with InstrumentationAnalysisTransform
Transforming jakarta.activation-api-1.2.1.jar (jakarta.activation:jakarta.activation-api:1.2.1) with InstrumentationAnalysisTransform
Transforming auto-value-annotations-1.6.2.jar (com.google.auto.value:auto-value-annotations:1.6.2) with InstrumentationAnalysisTransform
Transforming error_prone_annotations-2.18.0.jar (com.google.errorprone:error_prone_annotations:2.18.0) with InstrumentationAnalysisTransform
Transforming jose4j-0.9.5.jar (org.bitbucket.b_c:jose4j:0.9.5) with InstrumentationAnalysisTransform
Transforming slf4j-api-1.7.30.jar (org.slf4j:slf4j-api:1.7.30) with InstrumentationAnalysisTransform
Transforming jdom2-2.0.6.jar (org.jdom:jdom2:2.0.6) with InstrumentationAnalysisTransform
Transforming jsr305-3.0.2.jar (com.google.code.findbugs:jsr305:3.0.2) with InstrumentationAnalysisTransform
Transforming j2objc-annotations-2.8.jar (com.google.j2objc:j2objc-annotations:2.8) with InstrumentationAnalysisTransform
Transforming annotations-4.1.1.4.jar (com.google.android:annotations:4.1.1.4) with InstrumentationAnalysisTransform
Transforming animal-sniffer-annotations-1.23.jar (org.codehaus.mojo:animal-sniffer-annotations:1.23) with InstrumentationAnalysisTransform
Transforming perfmark-api-0.26.0.jar (io.perfmark:perfmark-api:0.26.0) with InstrumentationAnalysisTransform
Transforming netty-codec-http2-4.1.93.Final.jar (io.netty:netty-codec-http2:4.1.93.Final) with InstrumentationAnalysisTransform
Transforming netty-handler-proxy-4.1.93.Final.jar (io.netty:netty-handler-proxy:4.1.93.Final) with InstrumentationAnalysisTransform
Transforming netty-codec-http-4.1.93.Final.jar (io.netty:netty-codec-http:4.1.93.Final) with InstrumentationAnalysisTransform
Transforming netty-handler-4.1.93.Final.jar (io.netty:netty-handler:4.1.93.Final) with InstrumentationAnalysisTransform
Transforming netty-transport-native-unix-common-4.1.93.Final.jar (io.netty:netty-transport-native-unix-common:4.1.93.Final) with InstrumentationAnalysisTransform
Transforming checker-qual-3.33.0.jar (org.checkerframework:checker-qual:3.33.0) with InstrumentationAnalysisTransform
Transforming commons-codec-1.11.jar (commons-codec:commons-codec:1.11) with InstrumentationAnalysisTransform
Transforming apksig-8.5.2.jar (com.android.tools.build:apksig:8.5.2) with InstrumentationAnalysisTransform
Transforming javawriter-2.5.0.jar (com.squareup:javawriter:2.5.0) with InstrumentationAnalysisTransform
Transforming failureaccess-1.0.1.jar (com.google.guava:failureaccess:1.0.1) with InstrumentationAnalysisTransform
Transforming listenablefuture-9999.0-empty-to-avoid-conflict-with-guava.jar (com.google.guava:listenablefuture:9999.0-empty-to-avoid-conflict-with-guava) with InstrumentationAnalysisTransform
Transforming commons-logging-1.2.jar (commons-logging:commons-logging:1.2) with InstrumentationAnalysisTransform
Transforming jna-5.6.0.jar (net.java.dev.jna:jna:5.6.0) with InstrumentationAnalysisTransform
Transforming netty-codec-socks-4.1.93.Final.jar (io.netty:netty-codec-socks:4.1.93.Final) with InstrumentationAnalysisTransform
Transforming netty-codec-4.1.93.Final.jar (io.netty:netty-codec:4.1.93.Final) with InstrumentationAnalysisTransform
Transforming netty-transport-4.1.93.Final.jar (io.netty:netty-transport:4.1.93.Final) with InstrumentationAnalysisTransform
Transforming netty-buffer-4.1.93.Final.jar (io.netty:netty-buffer:4.1.93.Final) with InstrumentationAnalysisTransform
Transforming netty-resolver-4.1.93.Final.jar (io.netty:netty-resolver:4.1.93.Final) with InstrumentationAnalysisTransform
Transforming netty-common-4.1.93.Final.jar (io.netty:netty-common:4.1.93.Final) with InstrumentationAnalysisTransform
Transforming gradle-8.5.2.jar (com.android.tools.build:gradle:8.5.2) with InstrumentationAnalysisTransform
Transforming gradle-8.5.2.jar (com.android.tools.build:gradle:8.5.2) with MergeInstrumentationAnalysisTransform
Transforming gradle-settings-api-8.5.2.jar (com.android.tools.build:gradle-settings-api:8.5.2) with InstrumentationAnalysisTransform
Transforming gradle-settings-api-8.5.2.jar (com.android.tools.build:gradle-settings-api:8.5.2) with MergeInstrumentationAnalysisTransform
Transforming lint-model-31.5.2.jar (com.android.tools.lint:lint-model:31.5.2) with InstrumentationAnalysisTransform
Transforming lint-model-31.5.2.jar (com.android.tools.lint:lint-model:31.5.2) with MergeInstrumentationAnalysisTransform
Transforming gradle-settings-api-8.5.2.jar (com.android.tools.build:gradle-settings-api:8.5.2) with ExternalDependencyInstrumentingArtifactTransform
Transforming builder-8.5.2.jar (com.android.tools.build:builder:8.5.2) with InstrumentationAnalysisTransform
Transforming builder-8.5.2.jar (com.android.tools.build:builder:8.5.2) with MergeInstrumentationAnalysisTransform
Transforming manifest-merger-31.5.2.jar (com.android.tools.build:manifest-merger:31.5.2) with InstrumentationAnalysisTransform
Transforming lint-model-31.5.2.jar (com.android.tools.lint:lint-model:31.5.2) with ExternalDependencyInstrumentingArtifactTransform
Transforming manifest-merger-31.5.2.jar (com.android.tools.build:manifest-merger:31.5.2) with MergeInstrumentationAnalysisTransform
Transforming sdk-common-31.5.2.jar (com.android.tools:sdk-common:31.5.2) with InstrumentationAnalysisTransform
Transforming sdk-common-31.5.2.jar (com.android.tools:sdk-common:31.5.2) with MergeInstrumentationAnalysisTransform
Transforming sdklib-31.5.2.jar (com.android.tools:sdklib:31.5.2) with InstrumentationAnalysisTransform
Transforming sdklib-31.5.2.jar (com.android.tools:sdklib:31.5.2) with MergeInstrumentationAnalysisTransform
Transforming repository-31.5.2.jar (com.android.tools:repository:31.5.2) with InstrumentationAnalysisTransform
Transforming repository-31.5.2.jar (com.android.tools:repository:31.5.2) with MergeInstrumentationAnalysisTransform
Transforming gradle-api-8.5.2.jar (com.android.tools.build:gradle-api:8.5.2) with InstrumentationAnalysisTransform
Transforming gradle-api-8.5.2.jar (com.android.tools.build:gradle-api:8.5.2) with MergeInstrumentationAnalysisTransform
Transforming builder-test-api-8.5.2.jar (com.android.tools.build:builder-test-api:8.5.2) with InstrumentationAnalysisTransform
Transforming builder-test-api-8.5.2.jar (com.android.tools.build:builder-test-api:8.5.2) with MergeInstrumentationAnalysisTransform
Transforming ddmlib-31.5.2.jar (com.android.tools.ddms:ddmlib:31.5.2) with InstrumentationAnalysisTransform
Transforming ddmlib-31.5.2.jar (com.android.tools.ddms:ddmlib:31.5.2) with MergeInstrumentationAnalysisTransform
Transforming aaptcompiler-8.5.2.jar (com.android.tools.build:aaptcompiler:8.5.2) with InstrumentationAnalysisTransform
Transforming aaptcompiler-8.5.2.jar (com.android.tools.build:aaptcompiler:8.5.2) with MergeInstrumentationAnalysisTransform
Transforming bundletool-1.16.0.jar (com.android.tools.build:bundletool:1.16.0) with InstrumentationAnalysisTransform
Transforming bundletool-1.16.0.jar (com.android.tools.build:bundletool:1.16.0) with MergeInstrumentationAnalysisTransform
Transforming aapt2-proto-8.5.2-11315950.jar (com.android.tools.build:aapt2-proto:8.5.2-11315950) with InstrumentationAnalysisTransform
Transforming gradle-8.5.2.jar (com.android.tools.build:gradle:8.5.2) with ExternalDependencyInstrumentingArtifactTransform
Transforming manifest-merger-31.5.2.jar (com.android.tools.build:manifest-merger:31.5.2) with ExternalDependencyInstrumentingArtifactTransform
Transforming builder-8.5.2.jar (com.android.tools.build:builder:8.5.2) with ExternalDependencyInstrumentingArtifactTransform
Transforming sdk-common-31.5.2.jar (com.android.tools:sdk-common:31.5.2) with ExternalDependencyInstrumentingArtifactTransform
Transforming aapt2-proto-8.5.2-11315950.jar (com.android.tools.build:aapt2-proto:8.5.2-11315950) with MergeInstrumentationAnalysisTransform
Transforming repository-31.5.2.jar (com.android.tools:repository:31.5.2) with ExternalDependencyInstrumentingArtifactTransform
Transforming crash-31.5.2.jar (com.android.tools.analytics-library:crash:31.5.2) with InstrumentationAnalysisTransform
Transforming gradle-api-8.5.2.jar (com.android.tools.build:gradle-api:8.5.2) with ExternalDependencyInstrumentingArtifactTransform
Transforming crash-31.5.2.jar (com.android.tools.analytics-library:crash:31.5.2) with MergeInstrumentationAnalysisTransform
Transforming tracker-31.5.2.jar (com.android.tools.analytics-library:tracker:31.5.2) with InstrumentationAnalysisTransform
Transforming tracker-31.5.2.jar (com.android.tools.analytics-library:tracker:31.5.2) with MergeInstrumentationAnalysisTransform
Transforming shared-31.5.2.jar (com.android.tools.analytics-library:shared:31.5.2) with InstrumentationAnalysisTransform
Transforming shared-31.5.2.jar (com.android.tools.analytics-library:shared:31.5.2) with MergeInstrumentationAnalysisTransform
Transforming lint-typedef-remover-31.5.2.jar (com.android.tools.lint:lint-typedef-remover:31.5.2) with InstrumentationAnalysisTransform
Transforming lint-typedef-remover-31.5.2.jar (com.android.tools.lint:lint-typedef-remover:31.5.2) with MergeInstrumentationAnalysisTransform
Transforming databinding-compiler-common-8.5.2.jar (androidx.databinding:databinding-compiler-common:8.5.2) with InstrumentationAnalysisTransform
Transforming databinding-compiler-common-8.5.2.jar (androidx.databinding:databinding-compiler-common:8.5.2) with MergeInstrumentationAnalysisTransform
Transforming databinding-common-8.5.2.jar (androidx.databinding:databinding-common:8.5.2) with InstrumentationAnalysisTransform
Transforming databinding-common-8.5.2.jar (androidx.databinding:databinding-common:8.5.2) with MergeInstrumentationAnalysisTransform
Transforming baseLibrary-8.5.2.jar (com.android.databinding:baseLibrary:8.5.2) with InstrumentationAnalysisTransform
Transforming baseLibrary-8.5.2.jar (com.android.databinding:baseLibrary:8.5.2) with MergeInstrumentationAnalysisTransform
Transforming layoutlib-api-31.5.2.jar (com.android.tools.layoutlib:layoutlib-api:31.5.2) with InstrumentationAnalysisTransform
Transforming layoutlib-api-31.5.2.jar (com.android.tools.layoutlib:layoutlib-api:31.5.2) with MergeInstrumentationAnalysisTransform
Transforming android-device-provider-ddmlib-proto-31.5.2.jar (com.android.tools.utp:android-device-provider-ddmlib-proto:31.5.2) with InstrumentationAnalysisTransform
Transforming android-device-provider-ddmlib-proto-31.5.2.jar (com.android.tools.utp:android-device-provider-ddmlib-proto:31.5.2) with MergeInstrumentationAnalysisTransform
Transforming android-device-provider-gradle-proto-31.5.2.jar (com.android.tools.utp:android-device-provider-gradle-proto:31.5.2) with InstrumentationAnalysisTransform
Transforming android-device-provider-gradle-proto-31.5.2.jar (com.android.tools.utp:android-device-provider-gradle-proto:31.5.2) with MergeInstrumentationAnalysisTransform
Transforming android-test-plugin-host-additional-test-output-proto-31.5.2.jar (com.android.tools.utp:android-test-plugin-host-additional-test-output-proto:31.5.2) with InstrumentationAnalysisTransform
Transforming android-test-plugin-host-additional-test-output-proto-31.5.2.jar (com.android.tools.utp:android-test-plugin-host-additional-test-output-proto:31.5.2) with MergeInstrumentationAnalysisTransform
Transforming android-test-plugin-host-coverage-proto-31.5.2.jar (com.android.tools.utp:android-test-plugin-host-coverage-proto:31.5.2) with InstrumentationAnalysisTransform
Transforming android-test-plugin-host-coverage-proto-31.5.2.jar (com.android.tools.utp:android-test-plugin-host-coverage-proto:31.5.2) with MergeInstrumentationAnalysisTransform
Transforming android-test-plugin-host-emulator-control-proto-31.5.2.jar (com.android.tools.utp:android-test-plugin-host-emulator-control-proto:31.5.2) with InstrumentationAnalysisTransform
Transforming android-test-plugin-host-emulator-control-proto-31.5.2.jar (com.android.tools.utp:android-test-plugin-host-emulator-control-proto:31.5.2) with MergeInstrumentationAnalysisTransform
Transforming android-test-plugin-host-logcat-proto-31.5.2.jar (com.android.tools.utp:android-test-plugin-host-logcat-proto:31.5.2) with InstrumentationAnalysisTransform
Transforming android-test-plugin-host-logcat-proto-31.5.2.jar (com.android.tools.utp:android-test-plugin-host-logcat-proto:31.5.2) with MergeInstrumentationAnalysisTransform
Transforming android-test-plugin-host-apk-installer-proto-31.5.2.jar (com.android.tools.utp:android-test-plugin-host-apk-installer-proto:31.5.2) with InstrumentationAnalysisTransform
Transforming android-test-plugin-host-apk-installer-proto-31.5.2.jar (com.android.tools.utp:android-test-plugin-host-apk-installer-proto:31.5.2) with MergeInstrumentationAnalysisTransform
Transforming builder-test-api-8.5.2.jar (com.android.tools.build:builder-test-api:8.5.2) with ExternalDependencyInstrumentingArtifactTransform
Transforming android-test-plugin-host-retention-proto-31.5.2.jar (com.android.tools.utp:android-test-plugin-host-retention-proto:31.5.2) with InstrumentationAnalysisTransform
Transforming android-test-plugin-host-retention-proto-31.5.2.jar (com.android.tools.utp:android-test-plugin-host-retention-proto:31.5.2) with MergeInstrumentationAnalysisTransform
Transforming android-test-plugin-result-listener-gradle-proto-31.5.2.jar (com.android.tools.utp:android-test-plugin-result-listener-gradle-proto:31.5.2) with InstrumentationAnalysisTransform
Transforming ddmlib-31.5.2.jar (com.android.tools.ddms:ddmlib:31.5.2) with ExternalDependencyInstrumentingArtifactTransform
Transforming android-test-plugin-result-listener-gradle-proto-31.5.2.jar (com.android.tools.utp:android-test-plugin-result-listener-gradle-proto:31.5.2) with MergeInstrumentationAnalysisTransform
Transforming builder-model-8.5.2.jar (com.android.tools.build:builder-model:8.5.2) with InstrumentationAnalysisTransform
Transforming builder-model-8.5.2.jar (com.android.tools.build:builder-model:8.5.2) with MergeInstrumentationAnalysisTransform
Transforming aaptcompiler-8.5.2.jar (com.android.tools.build:aaptcompiler:8.5.2) with ExternalDependencyInstrumentingArtifactTransform
Transforming bundletool-1.16.0.jar (com.android.tools.build:bundletool:1.16.0) with ExternalDependencyInstrumentingArtifactTransform
Transforming dvlib-31.5.2.jar (com.android.tools:dvlib:31.5.2) with InstrumentationAnalysisTransform
Transforming aapt2-proto-8.5.2-11315950.jar (com.android.tools.build:aapt2-proto:8.5.2-11315950) with ExternalDependencyInstrumentingArtifactTransform
Transforming crash-31.5.2.jar (com.android.tools.analytics-library:crash:31.5.2) with ExternalDependencyInstrumentingArtifactTransform
Transforming tracker-31.5.2.jar (com.android.tools.analytics-library:tracker:31.5.2) with ExternalDependencyInstrumentingArtifactTransform
Transforming dvlib-31.5.2.jar (com.android.tools:dvlib:31.5.2) with MergeInstrumentationAnalysisTransform
Transforming common-31.5.2.jar (com.android.tools:common:31.5.2) with InstrumentationAnalysisTransform
Transforming common-31.5.2.jar (com.android.tools:common:31.5.2) with MergeInstrumentationAnalysisTransform
Transforming jetifier-processor-1.0.0-beta10.jar (com.android.tools.build.jetifier:jetifier-processor:1.0.0-beta10) with InstrumentationAnalysisTransform
Transforming jetifier-processor-1.0.0-beta10.jar (com.android.tools.build.jetifier:jetifier-processor:1.0.0-beta10) with MergeInstrumentationAnalysisTransform
Transforming jetifier-core-1.0.0-beta10.jar (com.android.tools.build.jetifier:jetifier-core:1.0.0-beta10) with InstrumentationAnalysisTransform
Transforming jetifier-core-1.0.0-beta10.jar (com.android.tools.build.jetifier:jetifier-core:1.0.0-beta10) with MergeInstrumentationAnalysisTransform
Transforming kotlin-reflect-1.9.20.jar (org.jetbrains.kotlin:kotlin-reflect:1.9.20) with InstrumentationAnalysisTransform
Transforming kotlin-reflect-1.9.20.jar (org.jetbrains.kotlin:kotlin-reflect:1.9.20) with MergeInstrumentationAnalysisTransform
Transforming lint-typedef-remover-31.5.2.jar (com.android.tools.lint:lint-typedef-remover:31.5.2) with ExternalDependencyInstrumentingArtifactTransform
Transforming databinding-compiler-common-8.5.2.jar (androidx.databinding:databinding-compiler-common:8.5.2) with ExternalDependencyInstrumentingArtifactTransform
Transforming databinding-common-8.5.2.jar (androidx.databinding:databinding-common:8.5.2) with ExternalDependencyInstrumentingArtifactTransform
Transforming baseLibrary-8.5.2.jar (com.android.databinding:baseLibrary:8.5.2) with ExternalDependencyInstrumentingArtifactTransform
Transforming layoutlib-api-31.5.2.jar (com.android.tools.layoutlib:layoutlib-api:31.5.2) with ExternalDependencyInstrumentingArtifactTransform
Transforming android-device-provider-ddmlib-proto-31.5.2.jar (com.android.tools.utp:android-device-provider-ddmlib-proto:31.5.2) with ExternalDependencyInstrumentingArtifactTransform
Transforming android-device-provider-gradle-proto-31.5.2.jar (com.android.tools.utp:android-device-provider-gradle-proto:31.5.2) with ExternalDependencyInstrumentingArtifactTransform
Transforming android-test-plugin-host-additional-test-output-proto-31.5.2.jar (com.android.tools.utp:android-test-plugin-host-additional-test-output-proto:31.5.2) with ExternalDependencyInstrumentingArtifactTransform
Transforming android-test-plugin-host-coverage-proto-31.5.2.jar (com.android.tools.utp:android-test-plugin-host-coverage-proto:31.5.2) with ExternalDependencyInstrumentingArtifactTransform
Transforming android-test-plugin-host-emulator-control-proto-31.5.2.jar (com.android.tools.utp:android-test-plugin-host-emulator-control-proto:31.5.2) with ExternalDependencyInstrumentingArtifactTransform
Transforming android-test-plugin-host-logcat-proto-31.5.2.jar (com.android.tools.utp:android-test-plugin-host-logcat-proto:31.5.2) with ExternalDependencyInstrumentingArtifactTransform
Transforming android-test-plugin-host-apk-installer-proto-31.5.2.jar (com.android.tools.utp:android-test-plugin-host-apk-installer-proto:31.5.2) with ExternalDependencyInstrumentingArtifactTransform
Transforming shared-31.5.2.jar (com.android.tools.analytics-library:shared:31.5.2) with ExternalDependencyInstrumentingArtifactTransform
Transforming kotlin-stdlib-jdk7-1.9.20.jar (org.jetbrains.kotlin:kotlin-stdlib-jdk7:1.9.20) with InstrumentationAnalysisTransform
Transforming kotlin-stdlib-jdk7-1.9.20.jar (org.jetbrains.kotlin:kotlin-stdlib-jdk7:1.9.20) with MergeInstrumentationAnalysisTransform
Transforming kotlin-stdlib-1.9.20.jar (org.jetbrains.kotlin:kotlin-stdlib:1.9.20) with InstrumentationAnalysisTransform
Transforming kotlin-stdlib-1.9.20.jar (org.jetbrains.kotlin:kotlin-stdlib:1.9.20) with MergeInstrumentationAnalysisTransform
Transforming android-test-plugin-result-listener-gradle-proto-31.5.2.jar (com.android.tools.utp:android-test-plugin-result-listener-gradle-proto:31.5.2) with ExternalDependencyInstrumentingArtifactTransform
Transforming kotlin-stdlib-jdk8-1.9.20.jar (org.jetbrains.kotlin:kotlin-stdlib-jdk8:1.9.20) with InstrumentationAnalysisTransform
Transforming kotlin-stdlib-jdk8-1.9.20.jar (org.jetbrains.kotlin:kotlin-stdlib-jdk8:1.9.20) with MergeInstrumentationAnalysisTransform
Transforming transform-api-2.0.0-deprecated-use-gradle-api.jar (com.android.tools.build:transform-api:2.0.0-deprecated-use-gradle-api) with InstrumentationAnalysisTransform
Transforming transform-api-2.0.0-deprecated-use-gradle-api.jar (com.android.tools.build:transform-api:2.0.0-deprecated-use-gradle-api) with MergeInstrumentationAnalysisTransform
Transforming httpmime-4.5.6.jar (org.apache.httpcomponents:httpmime:4.5.6) with InstrumentationAnalysisTransform
Transforming httpmime-4.5.6.jar (org.apache.httpcomponents:httpmime:4.5.6) with MergeInstrumentationAnalysisTransform
Transforming sdklib-31.5.2.jar (com.android.tools:sdklib:31.5.2) with ExternalDependencyInstrumentingArtifactTransform
Transforming commons-io-2.13.0.jar (commons-io:commons-io:2.13.0) with InstrumentationAnalysisTransform
Transforming builder-model-8.5.2.jar (com.android.tools.build:builder-model:8.5.2) with ExternalDependencyInstrumentingArtifactTransform
Transforming commons-io-2.13.0.jar (commons-io:commons-io:2.13.0) with MergeInstrumentationAnalysisTransform
Transforming asm-commons-9.6.jar (org.ow2.asm:asm-commons:9.6) with InstrumentationAnalysisTransform
Transforming dvlib-31.5.2.jar (com.android.tools:dvlib:31.5.2) with ExternalDependencyInstrumentingArtifactTransform
Transforming asm-commons-9.6.jar (org.ow2.asm:asm-commons:9.6) with MergeInstrumentationAnalysisTransform
Transforming asm-util-9.6.jar (org.ow2.asm:asm-util:9.6) with InstrumentationAnalysisTransform
Transforming common-31.5.2.jar (com.android.tools:common:31.5.2) with ExternalDependencyInstrumentingArtifactTransform
Transforming asm-util-9.6.jar (org.ow2.asm:asm-util:9.6) with MergeInstrumentationAnalysisTransform
Transforming jetifier-processor-1.0.0-beta10.jar (com.android.tools.build.jetifier:jetifier-processor:1.0.0-beta10) with ExternalDependencyInstrumentingArtifactTransform
Transforming asm-analysis-9.6.jar (org.ow2.asm:asm-analysis:9.6) with InstrumentationAnalysisTransform
Transforming asm-analysis-9.6.jar (org.ow2.asm:asm-analysis:9.6) with MergeInstrumentationAnalysisTransform
Transforming asm-tree-9.6.jar (org.ow2.asm:asm-tree:9.6) with InstrumentationAnalysisTransform
Transforming jetifier-core-1.0.0-beta10.jar (com.android.tools.build.jetifier:jetifier-core:1.0.0-beta10) with ExternalDependencyInstrumentingArtifactTransform
Transforming kotlin-reflect-1.9.20.jar (org.jetbrains.kotlin:kotlin-reflect:1.9.20) with ExternalDependencyInstrumentingArtifactTransform
Transforming kotlin-stdlib-jdk7-1.9.20.jar (org.jetbrains.kotlin:kotlin-stdlib-jdk7:1.9.20) with ExternalDependencyInstrumentingArtifactTransform
Transforming kotlin-stdlib-1.9.20.jar (org.jetbrains.kotlin:kotlin-stdlib:1.9.20) with ExternalDependencyInstrumentingArtifactTransform
Transforming kotlin-stdlib-jdk8-1.9.20.jar (org.jetbrains.kotlin:kotlin-stdlib-jdk8:1.9.20) with ExternalDependencyInstrumentingArtifactTransform
Transforming transform-api-2.0.0-deprecated-use-gradle-api.jar (com.android.tools.build:transform-api:2.0.0-deprecated-use-gradle-api) with ExternalDependencyInstrumentingArtifactTransform
Transforming httpmime-4.5.6.jar (org.apache.httpcomponents:httpmime:4.5.6) with ExternalDependencyInstrumentingArtifactTransform
Transforming commons-io-2.13.0.jar (commons-io:commons-io:2.13.0) with ExternalDependencyInstrumentingArtifactTransform
Transforming asm-commons-9.6.jar (org.ow2.asm:asm-commons:9.6) with ExternalDependencyInstrumentingArtifactTransform
Transforming asm-util-9.6.jar (org.ow2.asm:asm-util:9.6) with ExternalDependencyInstrumentingArtifactTransform
Transforming asm-analysis-9.6.jar (org.ow2.asm:asm-analysis:9.6) with ExternalDependencyInstrumentingArtifactTransform
Transforming android-test-plugin-host-retention-proto-31.5.2.jar (com.android.tools.utp:android-test-plugin-host-retention-proto:31.5.2) with ExternalDependencyInstrumentingArtifactTransform
Transforming asm-tree-9.6.jar (org.ow2.asm:asm-tree:9.6) with MergeInstrumentationAnalysisTransform
Transforming asm-9.6.jar (org.ow2.asm:asm:9.6) with InstrumentationAnalysisTransform
Transforming asm-9.6.jar (org.ow2.asm:asm:9.6) with MergeInstrumentationAnalysisTransform
Transforming apkzlib-8.5.2.jar (com.android.tools.build:apkzlib:8.5.2) with InstrumentationAnalysisTransform
Transforming apkzlib-8.5.2.jar (com.android.tools.build:apkzlib:8.5.2) with MergeInstrumentationAnalysisTransform
Transforming bcpkix-jdk18on-1.77.jar (org.bouncycastle:bcpkix-jdk18on:1.77) with InstrumentationAnalysisTransform
Transforming asm-tree-9.6.jar (org.ow2.asm:asm-tree:9.6) with ExternalDependencyInstrumentingArtifactTransform
Transforming bcpkix-jdk18on-1.77.jar (org.bouncycastle:bcpkix-jdk18on:1.77) with MergeInstrumentationAnalysisTransform
Transforming asm-9.6.jar (org.ow2.asm:asm:9.6) with ExternalDependencyInstrumentingArtifactTransform
Transforming jaxb-runtime-2.3.2.jar (org.glassfish.jaxb:jaxb-runtime:2.3.2) with InstrumentationAnalysisTransform
Transforming jaxb-runtime-2.3.2.jar (org.glassfish.jaxb:jaxb-runtime:2.3.2) with MergeInstrumentationAnalysisTransform
Transforming jopt-simple-4.9.jar (net.sf.jopt-simple:jopt-simple:4.9) with InstrumentationAnalysisTransform
Transforming apkzlib-8.5.2.jar (com.android.tools.build:apkzlib:8.5.2) with ExternalDependencyInstrumentingArtifactTransform
Transforming bcpkix-jdk18on-1.77.jar (org.bouncycastle:bcpkix-jdk18on:1.77) with ExternalDependencyInstrumentingArtifactTransform
Transforming jopt-simple-4.9.jar (net.sf.jopt-simple:jopt-simple:4.9) with MergeInstrumentationAnalysisTransform
Transforming javapoet-1.10.0.jar (com.squareup:javapoet:1.10.0) with InstrumentationAnalysisTransform
Transforming javapoet-1.10.0.jar (com.squareup:javapoet:1.10.0) with MergeInstrumentationAnalysisTransform
Transforming protobuf-java-util-3.22.3.jar (com.google.protobuf:protobuf-java-util:3.22.3) with InstrumentationAnalysisTransform
Transforming protobuf-java-util-3.22.3.jar (com.google.protobuf:protobuf-java-util:3.22.3) with MergeInstrumentationAnalysisTransform
Transforming grpc-protobuf-1.57.0.jar (io.grpc:grpc-protobuf:1.57.0) with InstrumentationAnalysisTransform
Transforming grpc-protobuf-1.57.0.jar (io.grpc:grpc-protobuf:1.57.0) with MergeInstrumentationAnalysisTransform
Transforming tink-1.7.0.jar (com.google.crypto.tink:tink:1.7.0) with InstrumentationAnalysisTransform
Transforming tink-1.7.0.jar (com.google.crypto.tink:tink:1.7.0) with MergeInstrumentationAnalysisTransform
Transforming protos-31.5.2.jar (com.android.tools.analytics-library:protos:31.5.2) with InstrumentationAnalysisTransform
Transforming protos-31.5.2.jar (com.android.tools.analytics-library:protos:31.5.2) with MergeInstrumentationAnalysisTransform
Transforming proto-google-common-protos-2.17.0.jar (com.google.api.grpc:proto-google-common-protos:2.17.0) with InstrumentationAnalysisTransform
Transforming proto-google-common-protos-2.17.0.jar (com.google.api.grpc:proto-google-common-protos:2.17.0) with MergeInstrumentationAnalysisTransform
Transforming protobuf-java-3.22.3.jar (com.google.protobuf:protobuf-java:3.22.3) with InstrumentationAnalysisTransform
Transforming protobuf-java-3.22.3.jar (com.google.protobuf:protobuf-java:3.22.3) with MergeInstrumentationAnalysisTransform
Transforming grpc-netty-1.57.0.jar (io.grpc:grpc-netty:1.57.0) with InstrumentationAnalysisTransform
Transforming grpc-netty-1.57.0.jar (io.grpc:grpc-netty:1.57.0) with MergeInstrumentationAnalysisTransform
Transforming grpc-core-1.57.0.jar (io.grpc:grpc-core:1.57.0) with InstrumentationAnalysisTransform
Transforming grpc-core-1.57.0.jar (io.grpc:grpc-core:1.57.0) with MergeInstrumentationAnalysisTransform
Transforming gson-2.10.1.jar (com.google.code.gson:gson:2.10.1) with InstrumentationAnalysisTransform
Transforming gson-2.10.1.jar (com.google.code.gson:gson:2.10.1) with MergeInstrumentationAnalysisTransform
Transforming grpc-stub-1.57.0.jar (io.grpc:grpc-stub:1.57.0) with InstrumentationAnalysisTransform
Transforming grpc-stub-1.57.0.jar (io.grpc:grpc-stub:1.57.0) with MergeInstrumentationAnalysisTransform
Transforming core-proto-0.0.9-alpha02.jar (com.google.testing.platform:core-proto:0.0.9-alpha02) with InstrumentationAnalysisTransform
Transforming core-proto-0.0.9-alpha02.jar (com.google.testing.platform:core-proto:0.0.9-alpha02) with MergeInstrumentationAnalysisTransform
Transforming kxml2-2.3.0.jar (net.sf.kxml:kxml2:2.3.0) with InstrumentationAnalysisTransform
Transforming kxml2-2.3.0.jar (net.sf.kxml:kxml2:2.3.0) with MergeInstrumentationAnalysisTransform
Transforming tensorflow-lite-metadata-0.1.0-rc2.jar (org.tensorflow:tensorflow-lite-metadata:0.1.0-rc2) with InstrumentationAnalysisTransform
Transforming tensorflow-lite-metadata-0.1.0-rc2.jar (org.tensorflow:tensorflow-lite-metadata:0.1.0-rc2) with MergeInstrumentationAnalysisTransform
Transforming flatbuffers-java-1.12.0.jar (com.google.flatbuffers:flatbuffers-java:1.12.0) with InstrumentationAnalysisTransform
Transforming flatbuffers-java-1.12.0.jar (com.google.flatbuffers:flatbuffers-java:1.12.0) with MergeInstrumentationAnalysisTransform
Transforming jimfs-1.1.jar (com.google.jimfs:jimfs:1.1) with InstrumentationAnalysisTransform
Transforming jimfs-1.1.jar (com.google.jimfs:jimfs:1.1) with MergeInstrumentationAnalysisTransform
Transforming grpc-context-1.57.0.jar (io.grpc:grpc-context:1.57.0) with InstrumentationAnalysisTransform
Transforming grpc-context-1.57.0.jar (io.grpc:grpc-context:1.57.0) with MergeInstrumentationAnalysisTransform
Transforming jaxb-runtime-2.3.2.jar (org.glassfish.jaxb:jaxb-runtime:2.3.2) with ExternalDependencyInstrumentingArtifactTransform
Transforming grpc-protobuf-lite-1.57.0.jar (io.grpc:grpc-protobuf-lite:1.57.0) with InstrumentationAnalysisTransform
Transforming grpc-protobuf-lite-1.57.0.jar (io.grpc:grpc-protobuf-lite:1.57.0) with MergeInstrumentationAnalysisTransform
Transforming grpc-api-1.57.0.jar (io.grpc:grpc-api:1.57.0) with InstrumentationAnalysisTransform
Transforming jopt-simple-4.9.jar (net.sf.jopt-simple:jopt-simple:4.9) with ExternalDependencyInstrumentingArtifactTransform
Transforming javapoet-1.10.0.jar (com.squareup:javapoet:1.10.0) with ExternalDependencyInstrumentingArtifactTransform
Transforming protobuf-java-util-3.22.3.jar (com.google.protobuf:protobuf-java-util:3.22.3) with ExternalDependencyInstrumentingArtifactTransform
Transforming protos-31.5.2.jar (com.android.tools.analytics-library:protos:31.5.2) with ExternalDependencyInstrumentingArtifactTransform
Transforming proto-google-common-protos-2.17.0.jar (com.google.api.grpc:proto-google-common-protos:2.17.0) with ExternalDependencyInstrumentingArtifactTransform
Transforming protobuf-java-3.22.3.jar (com.google.protobuf:protobuf-java:3.22.3) with ExternalDependencyInstrumentingArtifactTransform
Transforming grpc-netty-1.57.0.jar (io.grpc:grpc-netty:1.57.0) with ExternalDependencyInstrumentingArtifactTransform
Transforming grpc-core-1.57.0.jar (io.grpc:grpc-core:1.57.0) with ExternalDependencyInstrumentingArtifactTransform
Transforming gson-2.10.1.jar (com.google.code.gson:gson:2.10.1) with ExternalDependencyInstrumentingArtifactTransform
Transforming grpc-stub-1.57.0.jar (io.grpc:grpc-stub:1.57.0) with ExternalDependencyInstrumentingArtifactTransform
Transforming core-proto-0.0.9-alpha02.jar (com.google.testing.platform:core-proto:0.0.9-alpha02) with ExternalDependencyInstrumentingArtifactTransform
Transforming kxml2-2.3.0.jar (net.sf.kxml:kxml2:2.3.0) with ExternalDependencyInstrumentingArtifactTransform
Transforming tensorflow-lite-metadata-0.1.0-rc2.jar (org.tensorflow:tensorflow-lite-metadata:0.1.0-rc2) with ExternalDependencyInstrumentingArtifactTransform
Transforming flatbuffers-java-1.12.0.jar (com.google.flatbuffers:flatbuffers-java:1.12.0) with ExternalDependencyInstrumentingArtifactTransform
Transforming jimfs-1.1.jar (com.google.jimfs:jimfs:1.1) with ExternalDependencyInstrumentingArtifactTransform
Transforming grpc-context-1.57.0.jar (io.grpc:grpc-context:1.57.0) with ExternalDependencyInstrumentingArtifactTransform
Transforming grpc-protobuf-lite-1.57.0.jar (io.grpc:grpc-protobuf-lite:1.57.0) with ExternalDependencyInstrumentingArtifactTransform
Transforming grpc-api-1.57.0.jar (io.grpc:grpc-api:1.57.0) with MergeInstrumentationAnalysisTransform
Transforming guava-32.0.1-jre.jar (com.google.guava:guava:32.0.1-jre) with InstrumentationAnalysisTransform
Transforming guava-32.0.1-jre.jar (com.google.guava:guava:32.0.1-jre) with MergeInstrumentationAnalysisTransform
Transforming dagger-2.28.3.jar (com.google.dagger:dagger:2.28.3) with InstrumentationAnalysisTransform
Transforming dagger-2.28.3.jar (com.google.dagger:dagger:2.28.3) with MergeInstrumentationAnalysisTransform
Transforming javax.inject-1.jar (javax.inject:javax.inject:1) with InstrumentationAnalysisTransform
Transforming javax.inject-1.jar (javax.inject:javax.inject:1) with MergeInstrumentationAnalysisTransform
Transforming bcutil-jdk18on-1.77.jar (org.bouncycastle:bcutil-jdk18on:1.77) with InstrumentationAnalysisTransform
Transforming bcutil-jdk18on-1.77.jar (org.bouncycastle:bcutil-jdk18on:1.77) with MergeInstrumentationAnalysisTransform
Transforming bcprov-jdk18on-1.77.jar (org.bouncycastle:bcprov-jdk18on:1.77) with InstrumentationAnalysisTransform
Transforming bcprov-jdk18on-1.77.jar (org.bouncycastle:bcprov-jdk18on:1.77) with MergeInstrumentationAnalysisTransform
Transforming trove4j-1.0.20200330.jar (org.jetbrains.intellij.deps:trove4j:1.0.20200330) with InstrumentationAnalysisTransform
Transforming trove4j-1.0.20200330.jar (org.jetbrains.intellij.deps:trove4j:1.0.20200330) with MergeInstrumentationAnalysisTransform
Transforming commons-compress-1.21.jar (org.apache.commons:commons-compress:1.21) with InstrumentationAnalysisTransform
Transforming commons-compress-1.21.jar (org.apache.commons:commons-compress:1.21) with MergeInstrumentationAnalysisTransform
Transforming httpclient-4.5.14.jar (org.apache.httpcomponents:httpclient:4.5.14) with InstrumentationAnalysisTransform
Transforming httpclient-4.5.14.jar (org.apache.httpcomponents:httpclient:4.5.14) with MergeInstrumentationAnalysisTransform
Transforming httpcore-4.4.16.jar (org.apache.httpcomponents:httpcore:4.4.16) with InstrumentationAnalysisTransform
Transforming httpcore-4.4.16.jar (org.apache.httpcomponents:httpcore:4.4.16) with MergeInstrumentationAnalysisTransform
Transforming javax.activation-1.2.0.jar (com.sun.activation:javax.activation:1.2.0) with InstrumentationAnalysisTransform
Transforming javax.activation-1.2.0.jar (com.sun.activation:javax.activation:1.2.0) with MergeInstrumentationAnalysisTransform
Transforming annotations-23.0.0.jar (org.jetbrains:annotations:23.0.0) with InstrumentationAnalysisTransform
Transforming annotations-23.0.0.jar (org.jetbrains:annotations:23.0.0) with MergeInstrumentationAnalysisTransform
Transforming signflinger-8.5.2.jar (com.android:signflinger:8.5.2) with InstrumentationAnalysisTransform
Transforming signflinger-8.5.2.jar (com.android:signflinger:8.5.2) with MergeInstrumentationAnalysisTransform
Transforming zipflinger-8.5.2.jar (com.android:zipflinger:8.5.2) with InstrumentationAnalysisTransform
Transforming zipflinger-8.5.2.jar (com.android:zipflinger:8.5.2) with MergeInstrumentationAnalysisTransform
Transforming annotations-31.5.2.jar (com.android.tools:annotations:31.5.2) with InstrumentationAnalysisTransform
Transforming annotations-31.5.2.jar (com.android.tools:annotations:31.5.2) with MergeInstrumentationAnalysisTransform
Transforming jna-platform-5.6.0.jar (net.java.dev.jna:jna-platform:5.6.0) with InstrumentationAnalysisTransform
Transforming jna-platform-5.6.0.jar (net.java.dev.jna:jna-platform:5.6.0) with MergeInstrumentationAnalysisTransform
Transforming juniversalchardet-1.0.3.jar (com.googlecode.juniversalchardet:juniversalchardet:1.0.3) with InstrumentationAnalysisTransform
Transforming juniversalchardet-1.0.3.jar (com.googlecode.juniversalchardet:juniversalchardet:1.0.3) with MergeInstrumentationAnalysisTransform
Transforming javax.annotation-api-1.3.2.jar (javax.annotation:javax.annotation-api:1.3.2) with InstrumentationAnalysisTransform
Transforming javax.annotation-api-1.3.2.jar (javax.annotation:javax.annotation-api:1.3.2) with MergeInstrumentationAnalysisTransform
Transforming stax-ex-1.8.1.jar (org.jvnet.staxex:stax-ex:1.8.1) with InstrumentationAnalysisTransform
Transforming stax-ex-1.8.1.jar (org.jvnet.staxex:stax-ex:1.8.1) with MergeInstrumentationAnalysisTransform
Transforming jakarta.xml.bind-api-2.3.2.jar (jakarta.xml.bind:jakarta.xml.bind-api:2.3.2) with InstrumentationAnalysisTransform
Transforming jakarta.xml.bind-api-2.3.2.jar (jakarta.xml.bind:jakarta.xml.bind-api:2.3.2) with MergeInstrumentationAnalysisTransform
Transforming txw2-2.3.2.jar (org.glassfish.jaxb:txw2:2.3.2) with InstrumentationAnalysisTransform
Transforming txw2-2.3.2.jar (org.glassfish.jaxb:txw2:2.3.2) with MergeInstrumentationAnalysisTransform
Transforming istack-commons-runtime-3.0.8.jar (com.sun.istack:istack-commons-runtime:3.0.8) with InstrumentationAnalysisTransform
Transforming istack-commons-runtime-3.0.8.jar (com.sun.istack:istack-commons-runtime:3.0.8) with MergeInstrumentationAnalysisTransform
Transforming FastInfoset-1.2.16.jar (com.sun.xml.fastinfoset:FastInfoset:1.2.16) with InstrumentationAnalysisTransform
Transforming FastInfoset-1.2.16.jar (com.sun.xml.fastinfoset:FastInfoset:1.2.16) with MergeInstrumentationAnalysisTransform
Transforming jakarta.activation-api-1.2.1.jar (jakarta.activation:jakarta.activation-api:1.2.1) with InstrumentationAnalysisTransform
Transforming jakarta.activation-api-1.2.1.jar (jakarta.activation:jakarta.activation-api:1.2.1) with MergeInstrumentationAnalysisTransform
Transforming auto-value-annotations-1.6.2.jar (com.google.auto.value:auto-value-annotations:1.6.2) with InstrumentationAnalysisTransform
Transforming auto-value-annotations-1.6.2.jar (com.google.auto.value:auto-value-annotations:1.6.2) with MergeInstrumentationAnalysisTransform
Transforming error_prone_annotations-2.18.0.jar (com.google.errorprone:error_prone_annotations:2.18.0) with InstrumentationAnalysisTransform
Transforming error_prone_annotations-2.18.0.jar (com.google.errorprone:error_prone_annotations:2.18.0) with MergeInstrumentationAnalysisTransform
Transforming jose4j-0.9.5.jar (org.bitbucket.b_c:jose4j:0.9.5) with InstrumentationAnalysisTransform
Transforming jose4j-0.9.5.jar (org.bitbucket.b_c:jose4j:0.9.5) with MergeInstrumentationAnalysisTransform
Transforming slf4j-api-1.7.30.jar (org.slf4j:slf4j-api:1.7.30) with InstrumentationAnalysisTransform
Transforming slf4j-api-1.7.30.jar (org.slf4j:slf4j-api:1.7.30) with MergeInstrumentationAnalysisTransform
Transforming jdom2-2.0.6.jar (org.jdom:jdom2:2.0.6) with InstrumentationAnalysisTransform
Transforming jdom2-2.0.6.jar (org.jdom:jdom2:2.0.6) with MergeInstrumentationAnalysisTransform
Transforming jsr305-3.0.2.jar (com.google.code.findbugs:jsr305:3.0.2) with InstrumentationAnalysisTransform
Transforming jsr305-3.0.2.jar (com.google.code.findbugs:jsr305:3.0.2) with MergeInstrumentationAnalysisTransform
Transforming j2objc-annotations-2.8.jar (com.google.j2objc:j2objc-annotations:2.8) with InstrumentationAnalysisTransform
Transforming j2objc-annotations-2.8.jar (com.google.j2objc:j2objc-annotations:2.8) with MergeInstrumentationAnalysisTransform
Transforming annotations-4.1.1.4.jar (com.google.android:annotations:4.1.1.4) with InstrumentationAnalysisTransform
Transforming annotations-4.1.1.4.jar (com.google.android:annotations:4.1.1.4) with MergeInstrumentationAnalysisTransform
Transforming animal-sniffer-annotations-1.23.jar (org.codehaus.mojo:animal-sniffer-annotations:1.23) with InstrumentationAnalysisTransform
Transforming animal-sniffer-annotations-1.23.jar (org.codehaus.mojo:animal-sniffer-annotations:1.23) with MergeInstrumentationAnalysisTransform
Transforming perfmark-api-0.26.0.jar (io.perfmark:perfmark-api:0.26.0) with InstrumentationAnalysisTransform
Transforming perfmark-api-0.26.0.jar (io.perfmark:perfmark-api:0.26.0) with MergeInstrumentationAnalysisTransform
Transforming netty-codec-http2-4.1.93.Final.jar (io.netty:netty-codec-http2:4.1.93.Final) with InstrumentationAnalysisTransform
Transforming netty-codec-http2-4.1.93.Final.jar (io.netty:netty-codec-http2:4.1.93.Final) with MergeInstrumentationAnalysisTransform
Transforming netty-handler-proxy-4.1.93.Final.jar (io.netty:netty-handler-proxy:4.1.93.Final) with InstrumentationAnalysisTransform
Transforming netty-handler-proxy-4.1.93.Final.jar (io.netty:netty-handler-proxy:4.1.93.Final) with MergeInstrumentationAnalysisTransform
Transforming netty-codec-http-4.1.93.Final.jar (io.netty:netty-codec-http:4.1.93.Final) with InstrumentationAnalysisTransform
Transforming netty-codec-http-4.1.93.Final.jar (io.netty:netty-codec-http:4.1.93.Final) with MergeInstrumentationAnalysisTransform
Transforming netty-handler-4.1.93.Final.jar (io.netty:netty-handler:4.1.93.Final) with InstrumentationAnalysisTransform
Transforming netty-handler-4.1.93.Final.jar (io.netty:netty-handler:4.1.93.Final) with MergeInstrumentationAnalysisTransform
Transforming netty-transport-native-unix-common-4.1.93.Final.jar (io.netty:netty-transport-native-unix-common:4.1.93.Final) with InstrumentationAnalysisTransform
Transforming netty-transport-native-unix-common-4.1.93.Final.jar (io.netty:netty-transport-native-unix-common:4.1.93.Final) with MergeInstrumentationAnalysisTransform
Transforming checker-qual-3.33.0.jar (org.checkerframework:checker-qual:3.33.0) with InstrumentationAnalysisTransform
Transforming checker-qual-3.33.0.jar (org.checkerframework:checker-qual:3.33.0) with MergeInstrumentationAnalysisTransform
Transforming commons-codec-1.11.jar (commons-codec:commons-codec:1.11) with InstrumentationAnalysisTransform
Transforming commons-codec-1.11.jar (commons-codec:commons-codec:1.11) with MergeInstrumentationAnalysisTransform
Transforming apksig-8.5.2.jar (com.android.tools.build:apksig:8.5.2) with InstrumentationAnalysisTransform
Transforming apksig-8.5.2.jar (com.android.tools.build:apksig:8.5.2) with MergeInstrumentationAnalysisTransform
Transforming javawriter-2.5.0.jar (com.squareup:javawriter:2.5.0) with InstrumentationAnalysisTransform
Transforming javawriter-2.5.0.jar (com.squareup:javawriter:2.5.0) with MergeInstrumentationAnalysisTransform
Transforming failureaccess-1.0.1.jar (com.google.guava:failureaccess:1.0.1) with InstrumentationAnalysisTransform
Transforming failureaccess-1.0.1.jar (com.google.guava:failureaccess:1.0.1) with MergeInstrumentationAnalysisTransform
Transforming listenablefuture-9999.0-empty-to-avoid-conflict-with-guava.jar (com.google.guava:listenablefuture:9999.0-empty-to-avoid-conflict-with-guava) with InstrumentationAnalysisTransform
Transforming listenablefuture-9999.0-empty-to-avoid-conflict-with-guava.jar (com.google.guava:listenablefuture:9999.0-empty-to-avoid-conflict-with-guava) with MergeInstrumentationAnalysisTransform
Transforming commons-logging-1.2.jar (commons-logging:commons-logging:1.2) with InstrumentationAnalysisTransform
Transforming tink-1.7.0.jar (com.google.crypto.tink:tink:1.7.0) with ExternalDependencyInstrumentingArtifactTransform
Transforming grpc-protobuf-1.57.0.jar (io.grpc:grpc-protobuf:1.57.0) with ExternalDependencyInstrumentingArtifactTransform
Transforming grpc-api-1.57.0.jar (io.grpc:grpc-api:1.57.0) with ExternalDependencyInstrumentingArtifactTransform
Transforming guava-32.0.1-jre.jar (com.google.guava:guava:32.0.1-jre) with ExternalDependencyInstrumentingArtifactTransform
Transforming javax.inject-1.jar (javax.inject:javax.inject:1) with ExternalDependencyInstrumentingArtifactTransform
Transforming bcutil-jdk18on-1.77.jar (org.bouncycastle:bcutil-jdk18on:1.77) with ExternalDependencyInstrumentingArtifactTransform
Transforming commons-logging-1.2.jar (commons-logging:commons-logging:1.2) with MergeInstrumentationAnalysisTransform
Transforming jna-5.6.0.jar (net.java.dev.jna:jna:5.6.0) with InstrumentationAnalysisTransform
Transforming bcprov-jdk18on-1.77.jar (org.bouncycastle:bcprov-jdk18on:1.77) with ExternalDependencyInstrumentingArtifactTransform
Transforming jna-5.6.0.jar (net.java.dev.jna:jna:5.6.0) with MergeInstrumentationAnalysisTransform
Transforming netty-codec-socks-4.1.93.Final.jar (io.netty:netty-codec-socks:4.1.93.Final) with InstrumentationAnalysisTransform
Transforming netty-codec-socks-4.1.93.Final.jar (io.netty:netty-codec-socks:4.1.93.Final) with MergeInstrumentationAnalysisTransform
Transforming netty-codec-4.1.93.Final.jar (io.netty:netty-codec:4.1.93.Final) with InstrumentationAnalysisTransform
Transforming trove4j-1.0.20200330.jar (org.jetbrains.intellij.deps:trove4j:1.0.20200330) with ExternalDependencyInstrumentingArtifactTransform
Transforming netty-codec-4.1.93.Final.jar (io.netty:netty-codec:4.1.93.Final) with MergeInstrumentationAnalysisTransform
Transforming netty-transport-4.1.93.Final.jar (io.netty:netty-transport:4.1.93.Final) with InstrumentationAnalysisTransform
Transforming netty-transport-4.1.93.Final.jar (io.netty:netty-transport:4.1.93.Final) with MergeInstrumentationAnalysisTransform
Transforming netty-buffer-4.1.93.Final.jar (io.netty:netty-buffer:4.1.93.Final) with InstrumentationAnalysisTransform
Transforming dagger-2.28.3.jar (com.google.dagger:dagger:2.28.3) with ExternalDependencyInstrumentingArtifactTransform
Transforming netty-buffer-4.1.93.Final.jar (io.netty:netty-buffer:4.1.93.Final) with MergeInstrumentationAnalysisTransform
Transforming netty-resolver-4.1.93.Final.jar (io.netty:netty-resolver:4.1.93.Final) with InstrumentationAnalysisTransform
Transforming netty-resolver-4.1.93.Final.jar (io.netty:netty-resolver:4.1.93.Final) with MergeInstrumentationAnalysisTransform
Transforming netty-common-4.1.93.Final.jar (io.netty:netty-common:4.1.93.Final) with InstrumentationAnalysisTransform
Transforming netty-common-4.1.93.Final.jar (io.netty:netty-common:4.1.93.Final) with MergeInstrumentationAnalysisTransform
Transforming httpclient-4.5.14.jar (org.apache.httpcomponents:httpclient:4.5.14) with ExternalDependencyInstrumentingArtifactTransform
Transforming httpcore-4.4.16.jar (org.apache.httpcomponents:httpcore:4.4.16) with ExternalDependencyInstrumentingArtifactTransform
Transforming javax.activation-1.2.0.jar (com.sun.activation:javax.activation:1.2.0) with ExternalDependencyInstrumentingArtifactTransform
Transforming signflinger-8.5.2.jar (com.android:signflinger:8.5.2) with ExternalDependencyInstrumentingArtifactTransform
Transforming zipflinger-8.5.2.jar (com.android:zipflinger:8.5.2) with ExternalDependencyInstrumentingArtifactTransform
Transforming annotations-31.5.2.jar (com.android.tools:annotations:31.5.2) with ExternalDependencyInstrumentingArtifactTransform
Transforming jna-platform-5.6.0.jar (net.java.dev.jna:jna-platform:5.6.0) with ExternalDependencyInstrumentingArtifactTransform
Transforming juniversalchardet-1.0.3.jar (com.googlecode.juniversalchardet:juniversalchardet:1.0.3) with ExternalDependencyInstrumentingArtifactTransform
Transforming javax.annotation-api-1.3.2.jar (javax.annotation:javax.annotation-api:1.3.2) with ExternalDependencyInstrumentingArtifactTransform
Transforming stax-ex-1.8.1.jar (org.jvnet.staxex:stax-ex:1.8.1) with ExternalDependencyInstrumentingArtifactTransform
Transforming jakarta.xml.bind-api-2.3.2.jar (jakarta.xml.bind:jakarta.xml.bind-api:2.3.2) with ExternalDependencyInstrumentingArtifactTransform
Transforming txw2-2.3.2.jar (org.glassfish.jaxb:txw2:2.3.2) with ExternalDependencyInstrumentingArtifactTransform
Transforming istack-commons-runtime-3.0.8.jar (com.sun.istack:istack-commons-runtime:3.0.8) with ExternalDependencyInstrumentingArtifactTransform
Transforming FastInfoset-1.2.16.jar (com.sun.xml.fastinfoset:FastInfoset:1.2.16) with ExternalDependencyInstrumentingArtifactTransform
Transforming jakarta.activation-api-1.2.1.jar (jakarta.activation:jakarta.activation-api:1.2.1) with ExternalDependencyInstrumentingArtifactTransform
Transforming auto-value-annotations-1.6.2.jar (com.google.auto.value:auto-value-annotations:1.6.2) with ExternalDependencyInstrumentingArtifactTransform
Transforming error_prone_annotations-2.18.0.jar (com.google.errorprone:error_prone_annotations:2.18.0) with ExternalDependencyInstrumentingArtifactTransform
Transforming jose4j-0.9.5.jar (org.bitbucket.b_c:jose4j:0.9.5) with ExternalDependencyInstrumentingArtifactTransform
Transforming slf4j-api-1.7.30.jar (org.slf4j:slf4j-api:1.7.30) with ExternalDependencyInstrumentingArtifactTransform
Transforming jdom2-2.0.6.jar (org.jdom:jdom2:2.0.6) with ExternalDependencyInstrumentingArtifactTransform
Transforming jsr305-3.0.2.jar (com.google.code.findbugs:jsr305:3.0.2) with ExternalDependencyInstrumentingArtifactTransform
Transforming j2objc-annotations-2.8.jar (com.google.j2objc:j2objc-annotations:2.8) with ExternalDependencyInstrumentingArtifactTransform
Transforming annotations-4.1.1.4.jar (com.google.android:annotations:4.1.1.4) with ExternalDependencyInstrumentingArtifactTransform
Transforming animal-sniffer-annotations-1.23.jar (org.codehaus.mojo:animal-sniffer-annotations:1.23) with ExternalDependencyInstrumentingArtifactTransform
Transforming perfmark-api-0.26.0.jar (io.perfmark:perfmark-api:0.26.0) with ExternalDependencyInstrumentingArtifactTransform
Transforming netty-codec-http2-4.1.93.Final.jar (io.netty:netty-codec-http2:4.1.93.Final) with ExternalDependencyInstrumentingArtifactTransform
Transforming netty-handler-proxy-4.1.93.Final.jar (io.netty:netty-handler-proxy:4.1.93.Final) with ExternalDependencyInstrumentingArtifactTransform
Transforming netty-codec-http-4.1.93.Final.jar (io.netty:netty-codec-http:4.1.93.Final) with ExternalDependencyInstrumentingArtifactTransform
Transforming netty-handler-4.1.93.Final.jar (io.netty:netty-handler:4.1.93.Final) with ExternalDependencyInstrumentingArtifactTransform
Transforming commons-compress-1.21.jar (org.apache.commons:commons-compress:1.21) with ExternalDependencyInstrumentingArtifactTransform
Transforming netty-transport-native-unix-common-4.1.93.Final.jar (io.netty:netty-transport-native-unix-common:4.1.93.Final) with ExternalDependencyInstrumentingArtifactTransform
Transforming checker-qual-3.33.0.jar (org.checkerframework:checker-qual:3.33.0) with ExternalDependencyInstrumentingArtifactTransform
Transforming apksig-8.5.2.jar (com.android.tools.build:apksig:8.5.2) with ExternalDependencyInstrumentingArtifactTransform
Transforming javawriter-2.5.0.jar (com.squareup:javawriter:2.5.0) with ExternalDependencyInstrumentingArtifactTransform
Transforming failureaccess-1.0.1.jar (com.google.guava:failureaccess:1.0.1) with ExternalDependencyInstrumentingArtifactTransform
Transforming listenablefuture-9999.0-empty-to-avoid-conflict-with-guava.jar (com.google.guava:listenablefuture:9999.0-empty-to-avoid-conflict-with-guava) with ExternalDependencyInstrumentingArtifactTransform
Transforming annotations-23.0.0.jar (org.jetbrains:annotations:23.0.0) with ExternalDependencyInstrumentingArtifactTransform
Transforming commons-logging-1.2.jar (commons-logging:commons-logging:1.2) with ExternalDependencyInstrumentingArtifactTransform
Transforming jna-5.6.0.jar (net.java.dev.jna:jna:5.6.0) with ExternalDependencyInstrumentingArtifactTransform
Transforming netty-codec-socks-4.1.93.Final.jar (io.netty:netty-codec-socks:4.1.93.Final) with ExternalDependencyInstrumentingArtifactTransform
Transforming netty-codec-4.1.93.Final.jar (io.netty:netty-codec:4.1.93.Final) with ExternalDependencyInstrumentingArtifactTransform
Transforming netty-transport-4.1.93.Final.jar (io.netty:netty-transport:4.1.93.Final) with ExternalDependencyInstrumentingArtifactTransform
Transforming netty-buffer-4.1.93.Final.jar (io.netty:netty-buffer:4.1.93.Final) with ExternalDependencyInstrumentingArtifactTransform
Transforming netty-resolver-4.1.93.Final.jar (io.netty:netty-resolver:4.1.93.Final) with ExternalDependencyInstrumentingArtifactTransform
Transforming netty-common-4.1.93.Final.jar (io.netty:netty-common:4.1.93.Final) with ExternalDependencyInstrumentingArtifactTransform
Transforming commons-codec-1.11.jar (commons-codec:commons-codec:1.11) with ExternalDependencyInstrumentingArtifactTransform

> Configure project :app
Evaluating project ':app' using build file '/home/runner/work/Kzmwpwnsmms/Kzmwpwnsmms/android/app/build.gradle'.
Using default execution profile
Parsed shrinker version: 8.5.35
All projects evaluated.
Task name matched 'assembleDebug'
Selected primary task 'assembleDebug' from project :
WARNING: We recommend using a newer Android Gradle plugin to use compileSdk = 35

This Android Gradle plugin (8.5.2) was tested up to compileSdk = 34.

You are strongly encouraged to update your project to use a newer
Android Gradle plugin that has been tested with compileSdk = 35.

If you are already using the latest version of the Android Gradle plugin,
you may need to wait until a newer version with support for compileSdk = 35 is available.

For more information refer to the compatibility table:
https://d.android.com/r/tools/api-level-support

To suppress this warning, add/update
    android.suppressUnsupportedCompileSdk=35
to this project's gradle.properties.
Tasks to be executed: [task ':app:preBuild', task ':app:preDebugBuild', task ':app:mergeDebugNativeDebugMetadata', task ':app:dataBindingMergeDependencyArtifactsDebug', task ':app:generateDebugResValues', task ':app:generateDebugResources', task ':app:mergeDebugResources', task ':app:packageDebugResources', task ':app:parseDebugLocalResources', task ':app:dataBindingGenBaseClassesDebug', task ':app:javaPreCompileDebug', task ':app:checkDebugAarMetadata', task ':app:mapDebugSourceSetPaths', task ':app:createDebugCompatibleScreenManifests', task ':app:extractDeepLinksDebug', task ':app:processDebugMainManifest', task ':app:processDebugManifest', task ':app:processDebugManifestForPackage', task ':app:processDebugResources', task ':app:compileDebugJavaWithJavac', task ':app:mergeDebugShaders', task ':app:compileDebugShaders', task ':app:generateDebugAssets', task ':app:mergeDebugAssets', task ':app:compressDebugAssets', task ':app:desugarDebugFileDependencies', task ':app:dexBuilderDebug', task ':app:mergeDebugGlobalSynthetics', task ':app:processDebugJavaRes', task ':app:mergeDebugJavaResource', task ':app:checkDebugDuplicateClasses', task ':app:mergeDebugStartupProfile', task ':app:mergeExtDexDebug', task ':app:mergeLibDexDebug', task ':app:mergeProjectDexDebug', task ':app:mergeDebugJniLibFolders', task ':app:mergeDebugNativeLibs', task ':app:stripDebugDebugSymbols', task ':app:validateSigningDebug', task ':app:writeDebugAppMetadata', task ':app:writeDebugSigningConfigVersions', task ':app:packageDebug', task ':app:createDebugApkListingFileRedirect', task ':app:assembleDebug']
Tasks that were excluded: []
Resolve mutations for :app:preBuild (Thread[Execution worker,5,main]) started.
:app:preBuild (Thread[Execution worker,5,main]) started.

> Task :app:preBuild UP-TO-DATE
Skipping task ':app:preBuild' as it has no actions.
Resolve mutations for :app:preDebugBuild (Thread[Execution worker,5,main]) started.
:app:preDebugBuild (Thread[Execution worker,5,main]) started.

> Task :app:preDebugBuild UP-TO-DATE
Skipping task ':app:preDebugBuild' as it has no actions.
Resolve mutations for :app:mergeDebugNativeDebugMetadata (Thread[Execution worker,5,main]) started.
:app:mergeDebugNativeDebugMetadata (Thread[Execution worker,5,main]) started.

> Task :app:mergeDebugNativeDebugMetadata NO-SOURCE
Skipping task ':app:mergeDebugNativeDebugMetadata' as it has no source files and no previous output files.
Resolve mutations for :app:dataBindingMergeDependencyArtifactsDebug (Thread[Execution worker,5,main]) started.
:app:dataBindingMergeDependencyArtifactsDebug (Thread[Execution worker,5,main]) started.

> Task :app:dataBindingMergeDependencyArtifactsDebug
Downloading https://dl.google.com/dl/android/maven2/com/google/android/material/material/1.12.0/material-1.12.0.pom to /home/runner/.gradle/.tmp/gradle_download4654454917815997298bin
Downloading https://dl.google.com/dl/android/maven2/androidx/appcompat/appcompat/1.7.0/appcompat-1.7.0.pom to /home/runner/.gradle/.tmp/gradle_download4725400381076559523bin
Downloading https://dl.google.com/dl/android/maven2/androidx/databinding/viewbinding/8.5.2/viewbinding-8.5.2.pom to /home/runner/.gradle/.tmp/gradle_download548861682184160980bin
Downloading https://dl.google.com/dl/android/maven2/androidx/constraintlayout/constraintlayout/2.1.4/constraintlayout-2.1.4.pom to /home/runner/.gradle/.tmp/gradle_download6295904433525874365bin
Resource missing. [HTTP GET: https://dl.google.com/dl/android/maven2/org/jetbrains/kotlin/kotlin-bom/1.8.22/kotlin-bom-1.8.22.pom]
Downloading https://dl.google.com/dl/android/maven2/androidx/databinding/viewbinding/8.5.2/viewbinding-8.5.2.module to /home/runner/.gradle/.tmp/gradle_download6483192466081490398bin
Downloading https://dl.google.com/dl/android/maven2/androidx/appcompat/appcompat/1.7.0/appcompat-1.7.0.module to /home/runner/.gradle/.tmp/gradle_download14650294045715401837bin
Downloading https://dl.google.com/dl/android/maven2/androidx/constraintlayout/constraintlayout/2.1.4/constraintlayout-2.1.4.module to /home/runner/.gradle/.tmp/gradle_download18063821575742760752bin
Downloading https://dl.google.com/dl/android/maven2/androidx/recyclerview/recyclerview/1.3.2/recyclerview-1.3.2.pom to /home/runner/.gradle/.tmp/gradle_download16042245287636182225bin
Downloading https://dl.google.com/dl/android/maven2/androidx/viewpager2/viewpager2/1.1.0/viewpager2-1.1.0.pom to /home/runner/.gradle/.tmp/gradle_download17146832774875602965bin
Downloading https://repo.maven.apache.org/maven2/org/jetbrains/kotlin/kotlin-bom/1.8.22/kotlin-bom-1.8.22.pom to /home/runner/.gradle/.tmp/gradle_download12263973022967280264bin
Downloading https://dl.google.com/dl/android/maven2/androidx/fragment/fragment/1.8.2/fragment-1.8.2.pom to /home/runner/.gradle/.tmp/gradle_download12491113473355406195bin
Downloading https://dl.google.com/dl/android/maven2/androidx/recyclerview/recyclerview/1.3.2/recyclerview-1.3.2.module to /home/runner/.gradle/.tmp/gradle_download18163654023660017709bin
Downloading https://dl.google.com/dl/android/maven2/androidx/viewpager2/viewpager2/1.1.0/viewpager2-1.1.0.module to /home/runner/.gradle/.tmp/gradle_download16450361824119941933bin
Downloading https://dl.google.com/dl/android/maven2/com/google/android/material/material/1.12.0/material-1.12.0.module to /home/runner/.gradle/.tmp/gradle_download15837397837481517814bin
Downloading https://dl.google.com/dl/android/maven2/androidx/fragment/fragment/1.8.2/fragment-1.8.2.module to /home/runner/.gradle/.tmp/gradle_download3518915107433389487bin
Downloading https://dl.google.com/dl/android/maven2/androidx/swiperefreshlayout/swiperefreshlayout/1.1.0/swiperefreshlayout-1.1.0.pom to /home/runner/.gradle/.tmp/gradle_download2746237559655092657bin
Downloading https://dl.google.com/dl/android/maven2/androidx/palette/palette/1.0.0/palette-1.0.0.pom to /home/runner/.gradle/.tmp/gradle_download6245810583326207940bin
Resource missing. [HTTP GET: https://dl.google.com/dl/android/maven2/com/squareup/okhttp3/okhttp/4.12.0/okhttp-4.12.0.pom]
Resource missing. [HTTP GET: https://dl.google.com/dl/android/maven2/com/squareup/okhttp3/okhttp-urlconnection/4.12.0/okhttp-urlconnection-4.12.0.pom]
Resource missing. [HTTP GET: https://dl.google.com/dl/android/maven2/com/google/code/gson/gson/2.11.0/gson-2.11.0.pom]
Downloading https://repo.maven.apache.org/maven2/com/squareup/okhttp3/okhttp/4.12.0/okhttp-4.12.0.pom to /home/runner/.gradle/.tmp/gradle_download17252069384745609699bin
Downloading https://dl.google.com/dl/android/maven2/androidx/media3/media3-exoplayer/1.4.1/media3-exoplayer-1.4.1.pom to /home/runner/.gradle/.tmp/gradle_download6115475309253181124bin
Downloading https://repo.maven.apache.org/maven2/com/squareup/okhttp3/okhttp/4.12.0/okhttp-4.12.0.module to /home/runner/.gradle/.tmp/gradle_download7076247992896306002bin
Downloading https://dl.google.com/dl/android/maven2/androidx/media3/media3-exoplayer/1.4.1/media3-exoplayer-1.4.1.module to /home/runner/.gradle/.tmp/gradle_download10507893529069815403bin
Downloading https://repo.maven.apache.org/maven2/com/google/code/gson/gson/2.11.0/gson-2.11.0.pom to /home/runner/.gradle/.tmp/gradle_download5524545916302885977bin
Downloading https://repo.maven.apache.org/maven2/com/squareup/okhttp3/okhttp-urlconnection/4.12.0/okhttp-urlconnection-4.12.0.pom to /home/runner/.gradle/.tmp/gradle_download8578930954548716162bin
Downloading https://dl.google.com/dl/android/maven2/androidx/media3/media3-session/1.4.1/media3-session-1.4.1.pom to /home/runner/.gradle/.tmp/gradle_download14786718940532250550bin
Resource missing. [HTTP GET: https://dl.google.com/dl/android/maven2/com/google/code/gson/gson-parent/2.11.0/gson-parent-2.11.0.pom]
Downloading https://dl.google.com/dl/android/maven2/androidx/media3/media3-ui/1.4.1/media3-ui-1.4.1.pom to /home/runner/.gradle/.tmp/gradle_download16017838342747343944bin
Downloading https://repo.maven.apache.org/maven2/com/squareup/okhttp3/okhttp-urlconnection/4.12.0/okhttp-urlconnection-4.12.0.module to /home/runner/.gradle/.tmp/gradle_download1844937922028289845bin
Downloading https://dl.google.com/dl/android/maven2/androidx/media3/media3-session/1.4.1/media3-session-1.4.1.module to /home/runner/.gradle/.tmp/gradle_download10549259684400436087bin
Downloading https://repo.maven.apache.org/maven2/com/google/code/gson/gson-parent/2.11.0/gson-parent-2.11.0.pom to /home/runner/.gradle/.tmp/gradle_download6104462172230743041bin
Downloading https://dl.google.com/dl/android/maven2/androidx/media3/media3-ui/1.4.1/media3-ui-1.4.1.module to /home/runner/.gradle/.tmp/gradle_download10355955128315281580bin
Resource missing. [HTTP GET: https://dl.google.com/dl/android/maven2/com/github/bumptech/glide/glide/4.16.0/glide-4.16.0.pom]
Resource missing. [HTTP GET: https://dl.google.com/dl/android/maven2/com/google/guava/guava/32.1.3-android/guava-32.1.3-android.pom]
Downloading https://dl.google.com/dl/android/maven2/androidx/lifecycle/lifecycle-runtime/2.8.4/lifecycle-runtime-2.8.4.pom to /home/runner/.gradle/.tmp/gradle_download17121290911872324426bin
Downloading https://repo.maven.apache.org/maven2/com/github/bumptech/glide/glide/4.16.0/glide-4.16.0.pom to /home/runner/.gradle/.tmp/gradle_download2977370123291844059bin
Downloading https://dl.google.com/dl/android/maven2/androidx/lifecycle/lifecycle-runtime/2.8.4/lifecycle-runtime-2.8.4.module to /home/runner/.gradle/.tmp/gradle_download8982635491811654419bin
Downloading https://repo.maven.apache.org/maven2/com/google/guava/guava/32.1.3-android/guava-32.1.3-android.pom to /home/runner/.gradle/.tmp/gradle_download7814869654447323360bin
Downloading https://dl.google.com/dl/android/maven2/androidx/lifecycle/lifecycle-livedata/2.8.4/lifecycle-livedata-2.8.4.pom to /home/runner/.gradle/.tmp/gradle_download12059027050350402259bin
Downloading https://dl.google.com/dl/android/maven2/androidx/media3/media3-datasource-okhttp/1.4.1/media3-datasource-okhttp-1.4.1.pom to /home/runner/.gradle/.tmp/gradle_download8267445356254505444bin
Downloading https://dl.google.com/dl/android/maven2/androidx/annotation/annotation/1.8.2/annotation-1.8.2.pom to /home/runner/.gradle/.tmp/gradle_download1716304128617062158bin
Resource missing. [HTTP GET: https://dl.google.com/dl/android/maven2/com/google/guava/guava-parent/32.1.3-android/guava-parent-32.1.3-android.pom]
Downloading https://dl.google.com/dl/android/maven2/androidx/lifecycle/lifecycle-livedata/2.8.4/lifecycle-livedata-2.8.4.module to /home/runner/.gradle/.tmp/gradle_download5122950883266150591bin
Downloading https://dl.google.com/dl/android/maven2/androidx/annotation/annotation/1.8.2/annotation-1.8.2.module to /home/runner/.gradle/.tmp/gradle_download4671609273085534862bin
Downloading https://dl.google.com/dl/android/maven2/androidx/media3/media3-datasource-okhttp/1.4.1/media3-datasource-okhttp-1.4.1.module to /home/runner/.gradle/.tmp/gradle_download10211551235810415956bin
Downloading https://repo.maven.apache.org/maven2/com/google/guava/guava-parent/32.1.3-android/guava-parent-32.1.3-android.pom to /home/runner/.gradle/.tmp/gradle_download4531484736173396525bin
Downloading https://repo.maven.apache.org/maven2/com/google/guava/guava/32.1.3-android/guava-32.1.3-android.module to /home/runner/.gradle/.tmp/gradle_download2260608216366097598bin
Downloading https://dl.google.com/dl/android/maven2/androidx/collection/collection/1.0.0/collection-1.0.0.pom to /home/runner/.gradle/.tmp/gradle_download14221481639251029758bin
Downloading https://dl.google.com/dl/android/maven2/androidx/core/core/1.13.0/core-1.13.0.pom to /home/runner/.gradle/.tmp/gradle_download17080641981503402439bin
Downloading https://dl.google.com/dl/android/maven2/androidx/activity/activity/1.7.0/activity-1.7.0.pom to /home/runner/.gradle/.tmp/gradle_download4371518432307761338bin
Downloading https://dl.google.com/dl/android/maven2/androidx/appcompat/appcompat-resources/1.7.0/appcompat-resources-1.7.0.pom to /home/runner/.gradle/.tmp/gradle_download3603850996959609704bin
Downloading https://dl.google.com/dl/android/maven2/androidx/core/core-ktx/1.13.0/core-ktx-1.13.0.pom to /home/runner/.gradle/.tmp/gradle_download13764188342392422977bin
Downloading https://dl.google.com/dl/android/maven2/androidx/activity/activity/1.7.0/activity-1.7.0.module to /home/runner/.gradle/.tmp/gradle_download12230583879260807650bin
Downloading https://dl.google.com/dl/android/maven2/androidx/core/core/1.13.0/core-1.13.0.module to /home/runner/.gradle/.tmp/gradle_download6223291385876344737bin
Downloading https://dl.google.com/dl/android/maven2/androidx/appcompat/appcompat-resources/1.7.0/appcompat-resources-1.7.0.module to /home/runner/.gradle/.tmp/gradle_download17942572842907841676bin
Downloading https://dl.google.com/dl/android/maven2/androidx/drawerlayout/drawerlayout/1.0.0/drawerlayout-1.0.0.pom to /home/runner/.gradle/.tmp/gradle_download8171394227238875331bin
Downloading https://dl.google.com/dl/android/maven2/androidx/cursoradapter/cursoradapter/1.0.0/cursoradapter-1.0.0.pom to /home/runner/.gradle/.tmp/gradle_download9387586282674680240bin
Downloading https://dl.google.com/dl/android/maven2/androidx/core/core-ktx/1.13.0/core-ktx-1.13.0.module to /home/runner/.gradle/.tmp/gradle_download2960386661779904866bin
Downloading https://dl.google.com/dl/android/maven2/androidx/emoji2/emoji2/1.3.0/emoji2-1.3.0.pom to /home/runner/.gradle/.tmp/gradle_download10426660748690333475bin
Downloading https://dl.google.com/dl/android/maven2/androidx/emoji2/emoji2-views-helper/1.2.0/emoji2-views-helper-1.2.0.pom to /home/runner/.gradle/.tmp/gradle_download12960702349071793479bin
Downloading https://dl.google.com/dl/android/maven2/androidx/profileinstaller/profileinstaller/1.3.1/profileinstaller-1.3.1.pom to /home/runner/.gradle/.tmp/gradle_download14998660008826593913bin
Downloading https://dl.google.com/dl/android/maven2/androidx/lifecycle/lifecycle-viewmodel/2.6.1/lifecycle-viewmodel-2.6.1.pom to /home/runner/.gradle/.tmp/gradle_download9987119638875651455bin
Downloading https://dl.google.com/dl/android/maven2/androidx/emoji2/emoji2/1.3.0/emoji2-1.3.0.module to /home/runner/.gradle/.tmp/gradle_download629689577350252631bin
Downloading https://dl.google.com/dl/android/maven2/androidx/profileinstaller/profileinstaller/1.3.1/profileinstaller-1.3.1.module to /home/runner/.gradle/.tmp/gradle_download5355983363458312349bin
Downloading https://dl.google.com/dl/android/maven2/androidx/emoji2/emoji2-views-helper/1.2.0/emoji2-views-helper-1.2.0.module to /home/runner/.gradle/.tmp/gradle_download9523951213531444342bin
Downloading https://dl.google.com/dl/android/maven2/androidx/lifecycle/lifecycle-viewmodel/2.6.1/lifecycle-viewmodel-2.6.1.module to /home/runner/.gradle/.tmp/gradle_download16568226286936172351bin
Downloading https://dl.google.com/dl/android/maven2/androidx/savedstate/savedstate/1.2.1/savedstate-1.2.1.pom to /home/runner/.gradle/.tmp/gradle_download6719758765121082899bin
Downloading https://dl.google.com/dl/android/maven2/androidx/resourceinspection/resourceinspection-annotation/1.0.1/resourceinspection-annotation-1.0.1.pom to /home/runner/.gradle/.tmp/gradle_download5870579111239080163bin
Resource missing. [HTTP GET: https://dl.google.com/dl/android/maven2/org/jetbrains/kotlin/kotlin-stdlib/1.8.22/kotlin-stdlib-1.8.22.pom]
Downloading https://dl.google.com/dl/android/maven2/androidx/savedstate/savedstate/1.2.1/savedstate-1.2.1.module to /home/runner/.gradle/.tmp/gradle_download18437576922161930621bin
Downloading https://dl.google.com/dl/android/maven2/androidx/resourceinspection/resourceinspection-annotation/1.0.1/resourceinspection-annotation-1.0.1.module to /home/runner/.gradle/.tmp/gradle_download2478433594501785400bin
Downloading https://repo.maven.apache.org/maven2/org/jetbrains/kotlin/kotlin-stdlib/1.8.22/kotlin-stdlib-1.8.22.pom to /home/runner/.gradle/.tmp/gradle_download13546229841044113057bin
Downloading https://dl.google.com/dl/android/maven2/androidx/activity/activity/1.8.0/activity-1.8.0.pom to /home/runner/.gradle/.tmp/gradle_download2010029770311945027bin
Downloading https://dl.google.com/dl/android/maven2/androidx/activity/activity/1.8.0/activity-1.8.0.module to /home/runner/.gradle/.tmp/gradle_download2405319274325199338bin
Downloading https://dl.google.com/dl/android/maven2/androidx/drawerlayout/drawerlayout/1.1.1/drawerlayout-1.1.1.pom to /home/runner/.gradle/.tmp/gradle_download5564254519299683801bin
Resource missing. [HTTP GET: https://dl.google.com/dl/android/maven2/com/google/errorprone/error_prone_annotations/2.15.0/error_prone_annotations-2.15.0.pom]
Downloading https://dl.google.com/dl/android/maven2/androidx/coordinatorlayout/coordinatorlayout/1.1.0/coordinatorlayout-1.1.0.pom to /home/runner/.gradle/.tmp/gradle_download4484689907271289493bin
Downloading https://dl.google.com/dl/android/maven2/androidx/cardview/cardview/1.0.0/cardview-1.0.0.pom to /home/runner/.gradle/.tmp/gradle_download8689788916821778500bin
Downloading https://dl.google.com/dl/android/maven2/androidx/dynamicanimation/dynamicanimation/1.0.0/dynamicanimation-1.0.0.pom to /home/runner/.gradle/.tmp/gradle_download7696570555042523376bin
Downloading https://repo.maven.apache.org/maven2/com/google/errorprone/error_prone_annotations/2.15.0/error_prone_annotations-2.15.0.pom to /home/runner/.gradle/.tmp/gradle_download13491012189061502227bin
Downloading https://dl.google.com/dl/android/maven2/androidx/transition/transition/1.5.0/transition-1.5.0.pom to /home/runner/.gradle/.tmp/gradle_download2645734382569078903bin
Downloading https://dl.google.com/dl/android/maven2/androidx/annotation/annotation-experimental/1.0.0/annotation-experimental-1.0.0.pom to /home/runner/.gradle/.tmp/gradle_download14950038694806435581bin
Downloading https://dl.google.com/dl/android/maven2/androidx/vectordrawable/vectordrawable/1.1.0/vectordrawable-1.1.0.pom to /home/runner/.gradle/.tmp/gradle_download3741715792103542733bin
Resource missing. [HTTP GET: https://dl.google.com/dl/android/maven2/com/google/errorprone/error_prone_parent/2.15.0/error_prone_parent-2.15.0.pom]
Downloading https://dl.google.com/dl/android/maven2/androidx/transition/transition/1.5.0/transition-1.5.0.module to /home/runner/.gradle/.tmp/gradle_download3412533943084974166bin
Downloading https://repo.maven.apache.org/maven2/com/google/errorprone/error_prone_parent/2.15.0/error_prone_parent-2.15.0.pom to /home/runner/.gradle/.tmp/gradle_download2668659520589025293bin
Downloading https://dl.google.com/dl/android/maven2/androidx/constraintlayout/constraintlayout-core/1.0.4/constraintlayout-core-1.0.4.pom to /home/runner/.gradle/.tmp/gradle_download6829587814138325811bin
Downloading https://dl.google.com/dl/android/maven2/androidx/constraintlayout/constraintlayout-core/1.0.4/constraintlayout-core-1.0.4.module to /home/runner/.gradle/.tmp/gradle_download9844818713621977561bin
Downloading https://dl.google.com/dl/android/maven2/androidx/customview/customview/1.0.0/customview-1.0.0.pom to /home/runner/.gradle/.tmp/gradle_download646026969318963387bin
Downloading https://dl.google.com/dl/android/maven2/androidx/customview/customview-poolingcontainer/1.0.0/customview-poolingcontainer-1.0.0.pom to /home/runner/.gradle/.tmp/gradle_download13742520971771901214bin
Downloading https://dl.google.com/dl/android/maven2/androidx/customview/customview-poolingcontainer/1.0.0/customview-poolingcontainer-1.0.0.module to /home/runner/.gradle/.tmp/gradle_download7452268307148794660bin
Downloading https://dl.google.com/dl/android/maven2/androidx/annotation/annotation-experimental/1.4.0/annotation-experimental-1.4.0.pom to /home/runner/.gradle/.tmp/gradle_download2634180654167230788bin
Downloading https://dl.google.com/dl/android/maven2/androidx/annotation/annotation-experimental/1.4.0/annotation-experimental-1.4.0.module to /home/runner/.gradle/.tmp/gradle_download13190319215766560624bin
Downloading https://dl.google.com/dl/android/maven2/androidx/collection/collection/1.1.0/collection-1.1.0.pom to /home/runner/.gradle/.tmp/gradle_download14787882489558880387bin
Downloading https://dl.google.com/dl/android/maven2/androidx/activity/activity/1.8.1/activity-1.8.1.pom to /home/runner/.gradle/.tmp/gradle_download16630766800868090059bin
Downloading https://dl.google.com/dl/android/maven2/androidx/activity/activity/1.8.1/activity-1.8.1.module to /home/runner/.gradle/.tmp/gradle_download6602883270497479369bin
Downloading https://dl.google.com/dl/android/maven2/androidx/loader/loader/1.0.0/loader-1.0.0.pom to /home/runner/.gradle/.tmp/gradle_download7053109190231371253bin
Downloading https://dl.google.com/dl/android/maven2/androidx/lifecycle/lifecycle-livedata-core/2.6.1/lifecycle-livedata-core-2.6.1.pom to /home/runner/.gradle/.tmp/gradle_download16531830878193426008bin
Downloading https://dl.google.com/dl/android/maven2/androidx/lifecycle/lifecycle-viewmodel-savedstate/2.6.1/lifecycle-viewmodel-savedstate-2.6.1.pom to /home/runner/.gradle/.tmp/gradle_download2234082892664807967bin
Downloading https://dl.google.com/dl/android/maven2/androidx/viewpager/viewpager/1.0.0/viewpager-1.0.0.pom to /home/runner/.gradle/.tmp/gradle_download16510548501761834874bin
Downloading https://dl.google.com/dl/android/maven2/androidx/lifecycle/lifecycle-livedata-core/2.6.1/lifecycle-livedata-core-2.6.1.module to /home/runner/.gradle/.tmp/gradle_download8865257544300122114bin
Downloading https://dl.google.com/dl/android/maven2/androidx/lifecycle/lifecycle-viewmodel-savedstate/2.6.1/lifecycle-viewmodel-savedstate-2.6.1.module to /home/runner/.gradle/.tmp/gradle_download1702856549759794062bin
Downloading https://dl.google.com/dl/android/maven2/androidx/interpolator/interpolator/1.0.0/interpolator-1.0.0.pom to /home/runner/.gradle/.tmp/gradle_download10475360822437986296bin
Downloading https://dl.google.com/dl/android/maven2/androidx/legacy/legacy-support-core-utils/1.0.0/legacy-support-core-utils-1.0.0.pom to /home/runner/.gradle/.tmp/gradle_download1562526645595461482bin
Resource missing. [HTTP GET: https://dl.google.com/dl/android/maven2/org/jetbrains/kotlin/kotlin-stdlib-jdk8/1.8.21/kotlin-stdlib-jdk8-1.8.21.pom]
Resource missing. [HTTP GET: https://dl.google.com/dl/android/maven2/com/squareup/okio/okio/3.6.0/okio-3.6.0.pom]
Downloading https://repo.maven.apache.org/maven2/org/jetbrains/kotlin/kotlin-stdlib-jdk8/1.8.21/kotlin-stdlib-jdk8-1.8.21.pom to /home/runner/.gradle/.tmp/gradle_download14478304079525806685bin
Downloading https://repo.maven.apache.org/maven2/com/squareup/okio/okio/3.6.0/okio-3.6.0.pom to /home/runner/.gradle/.tmp/gradle_download3123596453667873810bin
Downloading https://repo.maven.apache.org/maven2/com/squareup/okio/okio/3.6.0/okio-3.6.0.module to /home/runner/.gradle/.tmp/gradle_download3809325451394389781bin
Resource missing. [HTTP GET: https://dl.google.com/dl/android/maven2/com/google/errorprone/error_prone_annotations/2.27.0/error_prone_annotations-2.27.0.pom]
Downloading https://repo.maven.apache.org/maven2/com/google/errorprone/error_prone_annotations/2.27.0/error_prone_annotations-2.27.0.pom to /home/runner/.gradle/.tmp/gradle_download4197942281312305633bin
Resource missing. [HTTP GET: https://dl.google.com/dl/android/maven2/com/google/errorprone/error_prone_parent/2.27.0/error_prone_parent-2.27.0.pom]
Downloading https://repo.maven.apache.org/maven2/com/google/errorprone/error_prone_parent/2.27.0/error_prone_parent-2.27.0.pom to /home/runner/.gradle/.tmp/gradle_download3034684235368314901bin
Downloading https://dl.google.com/dl/android/maven2/androidx/collection/collection/1.2.0/collection-1.2.0.pom to /home/runner/.gradle/.tmp/gradle_download6291341563108172724bin
Downloading https://dl.google.com/dl/android/maven2/androidx/collection/collection/1.2.0/collection-1.2.0.module to /home/runner/.gradle/.tmp/gradle_download1665671927372573051bin
Downloading https://dl.google.com/dl/android/maven2/androidx/media3/media3-datasource/1.4.1/media3-datasource-1.4.1.pom to /home/runner/.gradle/.tmp/gradle_download12311651678823431478bin
Downloading https://dl.google.com/dl/android/maven2/androidx/media3/media3-container/1.4.1/media3-container-1.4.1.pom to /home/runner/.gradle/.tmp/gradle_download9480441367327093268bin
Downloading https://dl.google.com/dl/android/maven2/androidx/exifinterface/exifinterface/1.3.6/exifinterface-1.3.6.pom to /home/runner/.gradle/.tmp/gradle_download7333956718652842247bin
Downloading https://dl.google.com/dl/android/maven2/androidx/media3/media3-common/1.4.1/media3-common-1.4.1.pom to /home/runner/.gradle/.tmp/gradle_download4993667306932170997bin
Downloading https://dl.google.com/dl/android/maven2/androidx/media3/media3-datasource/1.4.1/media3-datasource-1.4.1.module to /home/runner/.gradle/.tmp/gradle_download3801737447823374067bin
Downloading https://dl.google.com/dl/android/maven2/androidx/media3/media3-container/1.4.1/media3-container-1.4.1.module to /home/runner/.gradle/.tmp/gradle_download2242950330932272206bin
Downloading https://dl.google.com/dl/android/maven2/androidx/exifinterface/exifinterface/1.3.6/exifinterface-1.3.6.module to /home/runner/.gradle/.tmp/gradle_download12000169399842576662bin
Downloading https://dl.google.com/dl/android/maven2/androidx/media3/media3-common/1.4.1/media3-common-1.4.1.module to /home/runner/.gradle/.tmp/gradle_download11523800196872528814bin
Downloading https://dl.google.com/dl/android/maven2/androidx/media3/media3-decoder/1.4.1/media3-decoder-1.4.1.pom to /home/runner/.gradle/.tmp/gradle_download17562113873764217816bin
Downloading https://dl.google.com/dl/android/maven2/androidx/media3/media3-extractor/1.4.1/media3-extractor-1.4.1.pom to /home/runner/.gradle/.tmp/gradle_download2410968292283154484bin
Downloading https://dl.google.com/dl/android/maven2/androidx/media3/media3-database/1.4.1/media3-database-1.4.1.pom to /home/runner/.gradle/.tmp/gradle_download11914132521567572743bin
Downloading https://dl.google.com/dl/android/maven2/androidx/media3/media3-decoder/1.4.1/media3-decoder-1.4.1.module to /home/runner/.gradle/.tmp/gradle_download13886867123959055184bin
Downloading https://dl.google.com/dl/android/maven2/androidx/media3/media3-extractor/1.4.1/media3-extractor-1.4.1.module to /home/runner/.gradle/.tmp/gradle_download2693943374814035966bin
Downloading https://dl.google.com/dl/android/maven2/androidx/media3/media3-database/1.4.1/media3-database-1.4.1.module to /home/runner/.gradle/.tmp/gradle_download17202313442307040574bin
Downloading https://dl.google.com/dl/android/maven2/androidx/media/media/1.7.0/media-1.7.0.pom to /home/runner/.gradle/.tmp/gradle_download9711007831416865614bin
Downloading https://dl.google.com/dl/android/maven2/androidx/media/media/1.7.0/media-1.7.0.module to /home/runner/.gradle/.tmp/gradle_download1589862377975089426bin
Resource missing. [HTTP GET: https://dl.google.com/dl/android/maven2/com/github/bumptech/glide/disklrucache/4.16.0/disklrucache-4.16.0.pom]
Resource missing. [HTTP GET: https://dl.google.com/dl/android/maven2/com/github/bumptech/glide/gifdecoder/4.16.0/gifdecoder-4.16.0.pom]
Resource missing. [HTTP GET: https://dl.google.com/dl/android/maven2/com/github/bumptech/glide/annotations/4.16.0/annotations-4.16.0.pom]
Downloading https://dl.google.com/dl/android/maven2/androidx/vectordrawable/vectordrawable-animated/1.1.0/vectordrawable-animated-1.1.0.pom to /home/runner/.gradle/.tmp/gradle_download13007906333842031240bin
Downloading https://repo.maven.apache.org/maven2/com/github/bumptech/glide/disklrucache/4.16.0/disklrucache-4.16.0.pom to /home/runner/.gradle/.tmp/gradle_download14085328949800515951bin
Downloading https://repo.maven.apache.org/maven2/com/github/bumptech/glide/annotations/4.16.0/annotations-4.16.0.pom to /home/runner/.gradle/.tmp/gradle_download9603225957657601142bin
Downloading https://repo.maven.apache.org/maven2/com/github/bumptech/glide/gifdecoder/4.16.0/gifdecoder-4.16.0.pom to /home/runner/.gradle/.tmp/gradle_download5112586646494465346bin
Downloading https://dl.google.com/dl/android/maven2/androidx/tracing/tracing/1.0.0/tracing-1.0.0.pom to /home/runner/.gradle/.tmp/gradle_download18044738732583583bin
Downloading https://repo.maven.apache.org/maven2/com/github/bumptech/glide/annotations/4.16.0/annotations-4.16.0.module to /home/runner/.gradle/.tmp/gradle_download10918267621904542732bin
Downloading https://dl.google.com/dl/android/maven2/androidx/tracing/tracing/1.0.0/tracing-1.0.0.module to /home/runner/.gradle/.tmp/gradle_download6454060705716195500bin
Resource missing. [HTTP GET: https://dl.google.com/dl/android/maven2/org/checkerframework/checker-qual/3.37.0/checker-qual-3.37.0.pom]
Downloading https://repo.maven.apache.org/maven2/org/checkerframework/checker-qual/3.37.0/checker-qual-3.37.0.pom to /home/runner/.gradle/.tmp/gradle_download9670549436735119759bin
Downloading https://repo.maven.apache.org/maven2/org/checkerframework/checker-qual/3.37.0/checker-qual-3.37.0.module to /home/runner/.gradle/.tmp/gradle_download17061792458154335319bin
Downloading https://dl.google.com/dl/android/maven2/androidx/lifecycle/lifecycle-runtime-android/2.8.4/lifecycle-runtime-android-2.8.4.pom to /home/runner/.gradle/.tmp/gradle_download14520300790185781241bin
Downloading https://dl.google.com/dl/android/maven2/androidx/lifecycle/lifecycle-runtime-android/2.8.4/lifecycle-runtime-android-2.8.4.module to /home/runner/.gradle/.tmp/gradle_download16161099798929747553bin
Downloading https://dl.google.com/dl/android/maven2/androidx/lifecycle/lifecycle-livedata-core/2.8.4/lifecycle-livedata-core-2.8.4.pom to /home/runner/.gradle/.tmp/gradle_download15514751213407202384bin
Downloading https://dl.google.com/dl/android/maven2/androidx/lifecycle/lifecycle-livedata-core/2.8.4/lifecycle-livedata-core-2.8.4.module to /home/runner/.gradle/.tmp/gradle_download11889527836002151180bin
Downloading https://dl.google.com/dl/android/maven2/androidx/lifecycle/lifecycle-viewmodel/2.8.4/lifecycle-viewmodel-2.8.4.pom to /home/runner/.gradle/.tmp/gradle_download11595232073044553546bin
Downloading https://dl.google.com/dl/android/maven2/androidx/lifecycle/lifecycle-viewmodel/2.8.4/lifecycle-viewmodel-2.8.4.module to /home/runner/.gradle/.tmp/gradle_download8150295240447853997bin
Downloading https://dl.google.com/dl/android/maven2/androidx/lifecycle/lifecycle-viewmodel-savedstate/2.8.4/lifecycle-viewmodel-savedstate-2.8.4.pom to /home/runner/.gradle/.tmp/gradle_download8339568386243164271bin
Downloading https://dl.google.com/dl/android/maven2/androidx/lifecycle/lifecycle-viewmodel-savedstate/2.8.4/lifecycle-viewmodel-savedstate-2.8.4.module to /home/runner/.gradle/.tmp/gradle_download17972422422869928714bin
Resource missing. [HTTP GET: https://dl.google.com/dl/android/maven2/org/jetbrains/kotlinx/kotlinx-coroutines-core/1.7.3/kotlinx-coroutines-core-1.7.3.pom]
Downloading https://dl.google.com/dl/android/maven2/androidx/arch/core/core-common/2.2.0/core-common-2.2.0.pom to /home/runner/.gradle/.tmp/gradle_download15396268904261824594bin
Downloading https://dl.google.com/dl/android/maven2/androidx/lifecycle/lifecycle-livedata-core-ktx/2.8.4/lifecycle-livedata-core-ktx-2.8.4.pom to /home/runner/.gradle/.tmp/gradle_download17582918999918315078bin
Downloading https://dl.google.com/dl/android/maven2/androidx/arch/core/core-runtime/2.2.0/core-runtime-2.2.0.pom to /home/runner/.gradle/.tmp/gradle_download5690903753146695194bin
Downloading https://repo.maven.apache.org/maven2/org/jetbrains/kotlinx/kotlinx-coroutines-core/1.7.3/kotlinx-coroutines-core-1.7.3.pom to /home/runner/.gradle/.tmp/gradle_download3517951257521720425bin
Downloading https://dl.google.com/dl/android/maven2/androidx/arch/core/core-runtime/2.2.0/core-runtime-2.2.0.module to /home/runner/.gradle/.tmp/gradle_download18095351135758557935bin
Downloading https://dl.google.com/dl/android/maven2/androidx/arch/core/core-common/2.2.0/core-common-2.2.0.module to /home/runner/.gradle/.tmp/gradle_download9243500597147143618bin
Downloading https://dl.google.com/dl/android/maven2/androidx/lifecycle/lifecycle-livedata-core-ktx/2.8.4/lifecycle-livedata-core-ktx-2.8.4.module to /home/runner/.gradle/.tmp/gradle_download17676938621997961771bin
Resource missing. [HTTP GET: https://dl.google.com/dl/android/maven2/org/jetbrains/kotlinx/kotlinx-coroutines-bom/1.7.3/kotlinx-coroutines-bom-1.7.3.pom]
Downloading https://repo.maven.apache.org/maven2/org/jetbrains/kotlinx/kotlinx-coroutines-bom/1.7.3/kotlinx-coroutines-bom-1.7.3.pom to /home/runner/.gradle/.tmp/gradle_download22876767229149163bin
Downloading https://repo.maven.apache.org/maven2/org/jetbrains/kotlinx/kotlinx-coroutines-core/1.7.3/kotlinx-coroutines-core-1.7.3.module to /home/runner/.gradle/.tmp/gradle_download13548310062603963019bin
Downloading https://dl.google.com/dl/android/maven2/androidx/annotation/annotation-jvm/1.8.2/annotation-jvm-1.8.2.pom to /home/runner/.gradle/.tmp/gradle_download12112481351161654605bin
Downloading https://dl.google.com/dl/android/maven2/androidx/annotation/annotation-jvm/1.8.2/annotation-jvm-1.8.2.module to /home/runner/.gradle/.tmp/gradle_download1516673765074708147bin
Downloading https://dl.google.com/dl/android/maven2/androidx/versionedparcelable/versionedparcelable/1.1.1/versionedparcelable-1.1.1.pom to /home/runner/.gradle/.tmp/gradle_download13214547747048966376bin
Downloading https://dl.google.com/dl/android/maven2/androidx/concurrent/concurrent-futures/1.0.0/concurrent-futures-1.0.0.pom to /home/runner/.gradle/.tmp/gradle_download4985020615654695915bin
Downloading https://dl.google.com/dl/android/maven2/androidx/emoji2/emoji2-views-helper/1.3.0/emoji2-views-helper-1.3.0.pom to /home/runner/.gradle/.tmp/gradle_download6435684487233669190bin
Downloading https://dl.google.com/dl/android/maven2/androidx/emoji2/emoji2-views-helper/1.3.0/emoji2-views-helper-1.3.0.module to /home/runner/.gradle/.tmp/gradle_download7073938087027257621bin
Downloading https://dl.google.com/dl/android/maven2/androidx/startup/startup-runtime/1.0.0/startup-runtime-1.0.0.pom to /home/runner/.gradle/.tmp/gradle_download15608640647111074602bin
Downloading https://dl.google.com/dl/android/maven2/androidx/startup/startup-runtime/1.0.0/startup-runtime-1.0.0.module to /home/runner/.gradle/.tmp/gradle_download6786635600620375838bin
Downloading https://dl.google.com/dl/android/maven2/androidx/lifecycle/lifecycle-process/2.8.4/lifecycle-process-2.8.4.pom to /home/runner/.gradle/.tmp/gradle_download11961218796732165480bin
Downloading https://dl.google.com/dl/android/maven2/androidx/lifecycle/lifecycle-process/2.8.4/lifecycle-process-2.8.4.module to /home/runner/.gradle/.tmp/gradle_download10958821832807209485bin
Downloading https://dl.google.com/dl/android/maven2/androidx/concurrent/concurrent-futures/1.1.0/concurrent-futures-1.1.0.pom to /home/runner/.gradle/.tmp/gradle_download17143127183028047478bin
Downloading https://dl.google.com/dl/android/maven2/androidx/concurrent/concurrent-futures/1.1.0/concurrent-futures-1.1.0.module to /home/runner/.gradle/.tmp/gradle_download2277302672205157718bin
Downloading https://dl.google.com/dl/android/maven2/androidx/startup/startup-runtime/1.1.1/startup-runtime-1.1.1.pom to /home/runner/.gradle/.tmp/gradle_download2218620697016546973bin
Downloading https://dl.google.com/dl/android/maven2/androidx/startup/startup-runtime/1.1.1/startup-runtime-1.1.1.module to /home/runner/.gradle/.tmp/gradle_download4285756071139713857bin
Downloading https://dl.google.com/dl/android/maven2/androidx/lifecycle/lifecycle-common/2.8.4/lifecycle-common-2.8.4.pom to /home/runner/.gradle/.tmp/gradle_download14271950126336058922bin
Downloading https://dl.google.com/dl/android/maven2/androidx/lifecycle/lifecycle-common/2.8.4/lifecycle-common-2.8.4.module to /home/runner/.gradle/.tmp/gradle_download12990739095183999640bin
Resource missing. [HTTP GET: https://dl.google.com/dl/android/maven2/org/jetbrains/annotations/13.0/annotations-13.0.pom]
Resource missing. [HTTP GET: https://dl.google.com/dl/android/maven2/org/jetbrains/kotlin/kotlin-stdlib-common/1.8.22/kotlin-stdlib-common-1.8.22.pom]
Downloading https://repo.maven.apache.org/maven2/org/jetbrains/annotations/13.0/annotations-13.0.pom to /home/runner/.gradle/.tmp/gradle_download3529409820976027129bin
Downloading https://repo.maven.apache.org/maven2/org/jetbrains/kotlin/kotlin-stdlib-common/1.8.22/kotlin-stdlib-common-1.8.22.pom to /home/runner/.gradle/.tmp/gradle_download16507039437645099763bin
Resource missing. [HTTP GET: https://dl.google.com/dl/android/maven2/org/jetbrains/kotlin/kotlin-stdlib-jdk8/1.8.22/kotlin-stdlib-jdk8-1.8.22.pom]
Downloading https://repo.maven.apache.org/maven2/org/jetbrains/kotlin/kotlin-stdlib-jdk8/1.8.22/kotlin-stdlib-jdk8-1.8.22.pom to /home/runner/.gradle/.tmp/gradle_download13434465723550438323bin
Downloading https://dl.google.com/dl/android/maven2/androidx/customview/customview/1.1.0/customview-1.1.0.pom to /home/runner/.gradle/.tmp/gradle_download6789477798564946773bin
Downloading https://dl.google.com/dl/android/maven2/androidx/localbroadcastmanager/localbroadcastmanager/1.0.0/localbroadcastmanager-1.0.0.pom to /home/runner/.gradle/.tmp/gradle_download3027696171784817481bin
Downloading https://dl.google.com/dl/android/maven2/androidx/print/print/1.0.0/print-1.0.0.pom to /home/runner/.gradle/.tmp/gradle_download2095706618434100410bin
Downloading https://dl.google.com/dl/android/maven2/androidx/documentfile/documentfile/1.0.0/documentfile-1.0.0.pom to /home/runner/.gradle/.tmp/gradle_download938725471550524407bin
Resource missing. [HTTP GET: https://dl.google.com/dl/android/maven2/com/squareup/okio/okio-jvm/3.6.0/okio-jvm-3.6.0.pom]
Downloading https://repo.maven.apache.org/maven2/com/squareup/okio/okio-jvm/3.6.0/okio-jvm-3.6.0.pom to /home/runner/.gradle/.tmp/gradle_download15695730397786371707bin
Downloading https://repo.maven.apache.org/maven2/com/squareup/okio/okio-jvm/3.6.0/okio-jvm-3.6.0.module to /home/runner/.gradle/.tmp/gradle_download5824414222601629814bin
Resource missing. [HTTP GET: https://dl.google.com/dl/android/maven2/com/google/guava/listenablefuture/1.0/listenablefuture-1.0.pom]
Downloading https://repo.maven.apache.org/maven2/com/google/guava/listenablefuture/1.0/listenablefuture-1.0.pom to /home/runner/.gradle/.tmp/gradle_download9236546040149761062bin
Resource missing. [HTTP GET: https://dl.google.com/dl/android/maven2/com/google/guava/guava/33.0.0-android/guava-33.0.0-android.pom]
Downloading https://repo.maven.apache.org/maven2/com/google/guava/guava/33.0.0-android/guava-33.0.0-android.pom to /home/runner/.gradle/.tmp/gradle_download4142999334853514819bin
Resource missing. [HTTP GET: https://dl.google.com/dl/android/maven2/com/google/guava/guava-parent/33.0.0-android/guava-parent-33.0.0-android.pom]
Downloading https://repo.maven.apache.org/maven2/com/google/guava/guava-parent/33.0.0-android/guava-parent-33.0.0-android.pom to /home/runner/.gradle/.tmp/gradle_download12285983526896698564bin
Downloading https://repo.maven.apache.org/maven2/com/google/guava/guava/33.0.0-android/guava-33.0.0-android.module to /home/runner/.gradle/.tmp/gradle_download18269184357510634812bin
Resource missing. [HTTP GET: https://dl.google.com/dl/android/maven2/org/jetbrains/kotlinx/kotlinx-coroutines-android/1.7.3/kotlinx-coroutines-android-1.7.3.pom]
Downloading https://repo.maven.apache.org/maven2/org/jetbrains/kotlinx/kotlinx-coroutines-android/1.7.3/kotlinx-coroutines-android-1.7.3.pom to /home/runner/.gradle/.tmp/gradle_download10265310792635195242bin
Downloading https://repo.maven.apache.org/maven2/org/jetbrains/kotlinx/kotlinx-coroutines-android/1.7.3/kotlinx-coroutines-android-1.7.3.module to /home/runner/.gradle/.tmp/gradle_download9919644152158359946bin
Downloading https://dl.google.com/dl/android/maven2/androidx/lifecycle/lifecycle-viewmodel-android/2.8.4/lifecycle-viewmodel-android-2.8.4.pom to /home/runner/.gradle/.tmp/gradle_download8318232034789966722bin
Downloading https://dl.google.com/dl/android/maven2/androidx/lifecycle/lifecycle-viewmodel-android/2.8.4/lifecycle-viewmodel-android-2.8.4.module to /home/runner/.gradle/.tmp/gradle_download7962724837893864556bin
Resource missing. [HTTP GET: https://dl.google.com/dl/android/maven2/org/jetbrains/kotlinx/kotlinx-coroutines-core-jvm/1.7.3/kotlinx-coroutines-core-jvm-1.7.3.pom]
Downloading https://repo.maven.apache.org/maven2/org/jetbrains/kotlinx/kotlinx-coroutines-core-jvm/1.7.3/kotlinx-coroutines-core-jvm-1.7.3.pom to /home/runner/.gradle/.tmp/gradle_download12476712403414946774bin
Downloading https://repo.maven.apache.org/maven2/org/jetbrains/kotlinx/kotlinx-coroutines-core-jvm/1.7.3/kotlinx-coroutines-core-jvm-1.7.3.module to /home/runner/.gradle/.tmp/gradle_download3905380913896669160bin
Downloading https://dl.google.com/dl/android/maven2/androidx/lifecycle/lifecycle-common-jvm/2.8.4/lifecycle-common-jvm-2.8.4.pom to /home/runner/.gradle/.tmp/gradle_download4772000789966410019bin
Downloading https://dl.google.com/dl/android/maven2/androidx/lifecycle/lifecycle-common-jvm/2.8.4/lifecycle-common-jvm-2.8.4.module to /home/runner/.gradle/.tmp/gradle_download6014455282833249764bin
Resource missing. [HTTP GET: https://dl.google.com/dl/android/maven2/org/jetbrains/kotlin/kotlin-stdlib-jdk7/1.8.22/kotlin-stdlib-jdk7-1.8.22.pom]
Downloading https://repo.maven.apache.org/maven2/org/jetbrains/kotlin/kotlin-stdlib-jdk7/1.8.22/kotlin-stdlib-jdk7-1.8.22.pom to /home/runner/.gradle/.tmp/gradle_download13251122409898247949bin
Resource missing. [HTTP GET: https://dl.google.com/dl/android/maven2/org/jetbrains/kotlin/kotlin-stdlib-jdk8/1.9.10/kotlin-stdlib-jdk8-1.9.10.pom]
Downloading https://repo.maven.apache.org/maven2/org/jetbrains/kotlin/kotlin-stdlib-jdk8/1.9.10/kotlin-stdlib-jdk8-1.9.10.pom to /home/runner/.gradle/.tmp/gradle_download6345174549272051603bin
Resource missing. [HTTP GET: https://dl.google.com/dl/android/maven2/org/jetbrains/kotlin/kotlin-stdlib-common/1.9.10/kotlin-stdlib-common-1.9.10.pom]
Downloading https://repo.maven.apache.org/maven2/org/jetbrains/kotlin/kotlin-stdlib-common/1.9.10/kotlin-stdlib-common-1.9.10.pom to /home/runner/.gradle/.tmp/gradle_download4249521378247613659bin
Resource missing. [HTTP GET: https://dl.google.com/dl/android/maven2/org/checkerframework/checker-qual/3.41.0/checker-qual-3.41.0.pom]
Resource missing. [HTTP GET: https://dl.google.com/dl/android/maven2/com/google/guava/failureaccess/1.0.2/failureaccess-1.0.2.pom]
Downloading https://repo.maven.apache.org/maven2/org/checkerframework/checker-qual/3.41.0/checker-qual-3.41.0.pom to /home/runner/.gradle/.tmp/gradle_download17145619833110979785bin
Downloading https://repo.maven.apache.org/maven2/com/google/guava/failureaccess/1.0.2/failureaccess-1.0.2.pom to /home/runner/.gradle/.tmp/gradle_download16245593121629382279bin
Downloading https://repo.maven.apache.org/maven2/org/checkerframework/checker-qual/3.41.0/checker-qual-3.41.0.module to /home/runner/.gradle/.tmp/gradle_download9369428008037510909bin
Resource missing. [HTTP GET: https://dl.google.com/dl/android/maven2/org/jetbrains/kotlin/kotlin-stdlib/1.9.10/kotlin-stdlib-1.9.10.pom]
Downloading https://repo.maven.apache.org/maven2/org/jetbrains/kotlin/kotlin-stdlib/1.9.10/kotlin-stdlib-1.9.10.pom to /home/runner/.gradle/.tmp/gradle_download10088009548712334759bin
Resource missing. [HTTP GET: https://dl.google.com/dl/android/maven2/org/jetbrains/kotlin/kotlin-stdlib-jdk7/1.9.10/kotlin-stdlib-jdk7-1.9.10.pom]
Downloading https://repo.maven.apache.org/maven2/org/jetbrains/kotlin/kotlin-stdlib-jdk7/1.9.10/kotlin-stdlib-jdk7-1.9.10.pom to /home/runner/.gradle/.tmp/gradle_download15494675306865143868bin
Downloading https://dl.google.com/dl/android/maven2/androidx/databinding/viewbinding/8.5.2/viewbinding-8.5.2.aar to /home/runner/.gradle/.tmp/gradle_download3237498428873232622bin
Downloading https://dl.google.com/dl/android/maven2/com/google/android/material/material/1.12.0/material-1.12.0.aar to /home/runner/.gradle/.tmp/gradle_download8646250854187993565bin
Downloading https://dl.google.com/dl/android/maven2/androidx/appcompat/appcompat-resources/1.7.0/appcompat-resources-1.7.0.aar to /home/runner/.gradle/.tmp/gradle_download2772672088857551654bin
Downloading https://dl.google.com/dl/android/maven2/androidx/appcompat/appcompat/1.7.0/appcompat-1.7.0.aar to /home/runner/.gradle/.tmp/gradle_download1241885944417060788bin
Transforming viewbinding-8.5.2.aar (androidx.databinding:viewbinding:8.5.2) with ExtractAarTransform
Transforming appcompat-resources-1.7.0.aar (androidx.appcompat:appcompat-resources:1.7.0) with ExtractAarTransform
Caching disabled for ExtractAarTransform: /home/runner/.gradle/caches/modules-2/files-2.1/androidx.databinding/viewbinding/8.5.2/d2347620225b9ed2cc6766985c1baec81dbdc3c8/viewbinding-8.5.2.aar because:
  Caching not enabled.
Caching disabled for ExtractAarTransform: /home/runner/.gradle/caches/modules-2/files-2.1/androidx.appcompat/appcompat-resources/1.7.0/2a42c0283578a8a40fc83b45b5cd06924bd1a385/appcompat-resources-1.7.0.aar because:
  Caching not enabled.
Transforming viewbinding-8.5.2.aar (androidx.databinding:viewbinding:8.5.2) with AarTransform
Transforming appcompat-resources-1.7.0.aar (androidx.appcompat:appcompat-resources:1.7.0) with AarTransform
Caching disabled for AarTransform: /home/runner/.gradle/caches/8.9/transforms/a90c6ec86b5ddf6edd61baf8e57409c7/transformed/viewbinding-8.5.2 because:
  Caching not enabled.
Caching disabled for AarTransform: /home/runner/.gradle/caches/8.9/transforms/74fc1268ff3f5642626e93f5ffaab0ee/transformed/appcompat-resources-1.7.0 because:
  Caching not enabled.
Transforming appcompat-1.7.0.aar (androidx.appcompat:appcompat:1.7.0) with ExtractAarTransform
Downloading https://dl.google.com/dl/android/maven2/androidx/constraintlayout/constraintlayout/2.1.4/constraintlayout-2.1.4.aar to /home/runner/.gradle/.tmp/gradle_download343026053376498344bin
Downloading https://dl.google.com/dl/android/maven2/androidx/viewpager2/viewpager2/1.1.0/viewpager2-1.1.0.aar to /home/runner/.gradle/.tmp/gradle_download5716447990461868388bin
Transforming material-1.12.0.aar (com.google.android.material:material:1.12.0) with ExtractAarTransform
Transforming viewpager2-1.1.0.aar (androidx.viewpager2:viewpager2:1.1.0) with ExtractAarTransform
Caching disabled for ExtractAarTransform: /home/runner/.gradle/caches/modules-2/files-2.1/androidx.viewpager2/viewpager2/1.1.0/13a5c2ab8c8fa2b50702f4ae487aa17db796eb4e/viewpager2-1.1.0.aar because:
  Caching not enabled.
Transforming constraintlayout-2.1.4.aar (androidx.constraintlayout:constraintlayout:2.1.4) with ExtractAarTransform
Transforming viewpager2-1.1.0.aar (androidx.viewpager2:viewpager2:1.1.0) with AarTransform
Caching disabled for AarTransform: /home/runner/.gradle/caches/8.9/transforms/0f2a90c70adc0c4633cded043e77d653/transformed/viewpager2-1.1.0 because:
  Caching not enabled.
Caching disabled for ExtractAarTransform: /home/runner/.gradle/caches/modules-2/files-2.1/androidx.appcompat/appcompat/1.7.0/d44656e67ab2123393e5f3e957ecc3641a600c7b/appcompat-1.7.0.aar because:
  Caching not enabled.
Caching disabled for ExtractAarTransform: /home/runner/.gradle/caches/modules-2/files-2.1/androidx.constraintlayout/constraintlayout/2.1.4/b7ad5eca28aa9e7c4ea1a7e256c7ee4401a031f/constraintlayout-2.1.4.aar because:
  Caching not enabled.
Transforming constraintlayout-2.1.4.aar (androidx.constraintlayout:constraintlayout:2.1.4) with AarTransform
Downloading https://dl.google.com/dl/android/maven2/androidx/recyclerview/recyclerview/1.3.2/recyclerview-1.3.2.aar to /home/runner/.gradle/.tmp/gradle_download1506944213308398888bin
Caching disabled for ExtractAarTransform: /home/runner/.gradle/caches/modules-2/files-2.1/com.google.android.material/material/1.12.0/e493b7ac7fc4b8ca48527e0199f9961652711ac3/material-1.12.0.aar because:
  Caching not enabled.
Caching disabled for AarTransform: /home/runner/.gradle/caches/8.9/transforms/7327455338dff4560c262aa7ae95e453/transformed/constraintlayout-2.1.4 because:
  Caching not enabled.
Transforming recyclerview-1.3.2.aar (androidx.recyclerview:recyclerview:1.3.2) with ExtractAarTransform
Caching disabled for ExtractAarTransform: /home/runner/.gradle/caches/modules-2/files-2.1/androidx.recyclerview/recyclerview/1.3.2/e1d76099dbbd88ee0ee7c39cfa96ed0ea01bc8ad/recyclerview-1.3.2.aar because:
  Caching not enabled.
Transforming appcompat-1.7.0.aar (androidx.appcompat:appcompat:1.7.0) with AarTransform
Transforming recyclerview-1.3.2.aar (androidx.recyclerview:recyclerview:1.3.2) with AarTransform
Caching disabled for AarTransform: /home/runner/.gradle/caches/8.9/transforms/62454a3cca38d4b1256266a06e5b4e28/transformed/recyclerview-1.3.2 because:
  Caching not enabled.
Caching disabled for AarTransform: /home/runner/.gradle/caches/8.9/transforms/1dde5f983d8d8b69105a239187db4900/transformed/appcompat-1.7.0 because:
  Caching not enabled.
Downloading https://repo.maven.apache.org/maven2/com/github/bumptech/glide/glide/4.16.0/glide-4.16.0.aar to /home/runner/.gradle/.tmp/gradle_download16429012821911495367bin
Downloading https://dl.google.com/dl/android/maven2/androidx/fragment/fragment/1.8.2/fragment-1.8.2.aar to /home/runner/.gradle/.tmp/gradle_download2222903253641012724bin
Transforming fragment-1.8.2.aar (androidx.fragment:fragment:1.8.2) with ExtractAarTransform
Transforming glide-4.16.0.aar (com.github.bumptech.glide:glide:4.16.0) with ExtractAarTransform
Caching disabled for ExtractAarTransform: /home/runner/.gradle/caches/modules-2/files-2.1/androidx.fragment/fragment/1.8.2/743922a3c58f994965d70b4c6dc24408d1a29f9a/fragment-1.8.2.aar because:
  Caching not enabled.
Transforming material-1.12.0.aar (com.google.android.material:material:1.12.0) with AarTransform
Transforming fragment-1.8.2.aar (androidx.fragment:fragment:1.8.2) with AarTransform
Caching disabled for ExtractAarTransform: /home/runner/.gradle/caches/modules-2/files-2.1/com.github.bumptech.glide/glide/4.16.0/b9613dcb811d4b2844d7344f2aa580544140b68e/glide-4.16.0.aar because:
  Caching not enabled.
Caching disabled for AarTransform: /home/runner/.gradle/caches/8.9/transforms/38a168702c942661d7f4f8fd4756d72e/transformed/fragment-1.8.2 because:
  Caching not enabled.
Transforming glide-4.16.0.aar (com.github.bumptech.glide:glide:4.16.0) with AarTransform
Caching disabled for AarTransform: /home/runner/.gradle/caches/8.9/transforms/b4d4520d3a7500151f758a57e313542a/transformed/material-1.12.0 because:
  Caching not enabled.
Downloading https://dl.google.com/dl/android/maven2/androidx/swiperefreshlayout/swiperefreshlayout/1.1.0/swiperefreshlayout-1.1.0.aar to /home/runner/.gradle/.tmp/gradle_download1918439410669652497bin
Transforming swiperefreshlayout-1.1.0.aar (androidx.swiperefreshlayout:swiperefreshlayout:1.1.0) with ExtractAarTransform
Caching disabled for ExtractAarTransform: /home/runner/.gradle/caches/modules-2/files-2.1/androidx.swiperefreshlayout/swiperefreshlayout/1.1.0/2aeac64056fe6cc0420afad0b699a7f9257b8ebe/swiperefreshlayout-1.1.0.aar because:
  Caching not enabled.
Caching disabled for AarTransform: /home/runner/.gradle/caches/8.9/transforms/eba4b3f404cb9221119411cdcd7f8625/transformed/glide-4.16.0 because:
  Caching not enabled.
Transforming swiperefreshlayout-1.1.0.aar (androidx.swiperefreshlayout:swiperefreshlayout:1.1.0) with AarTransform
Caching disabled for AarTransform: /home/runner/.gradle/caches/8.9/transforms/0b21b549e485c41d8939f4345317a927/transformed/swiperefreshlayout-1.1.0 because:
  Caching not enabled.
Downloading https://dl.google.com/dl/android/maven2/androidx/media3/media3-datasource-okhttp/1.4.1/media3-datasource-okhttp-1.4.1.aar to /home/runner/.gradle/.tmp/gradle_download18121626932437498735bin
Transforming media3-datasource-okhttp-1.4.1.aar (androidx.media3:media3-datasource-okhttp:1.4.1) with ExtractAarTransform
Caching disabled for ExtractAarTransform: /home/runner/.gradle/caches/modules-2/files-2.1/androidx.media3/media3-datasource-okhttp/1.4.1/c497996052e545aa1810fc1c6ca73a59dddc9b22/media3-datasource-okhttp-1.4.1.aar because:
  Caching not enabled.
Transforming media3-datasource-okhttp-1.4.1.aar (androidx.media3:media3-datasource-okhttp:1.4.1) with AarTransform
Caching disabled for AarTransform: /home/runner/.gradle/caches/8.9/transforms/8f1c6be824d54d9036149e18b8487cd7/transformed/media3-datasource-okhttp-1.4.1 because:
  Caching not enabled.
Downloading https://dl.google.com/dl/android/maven2/androidx/palette/palette/1.0.0/palette-1.0.0.aar to /home/runner/.gradle/.tmp/gradle_download11087864175813313576bin
Transforming palette-1.0.0.aar (androidx.palette:palette:1.0.0) with ExtractAarTransform
Caching disabled for ExtractAarTransform: /home/runner/.gradle/caches/modules-2/files-2.1/androidx.palette/palette/1.0.0/4083c20d7fa72a36709422cee33b96b8c6e3a36c/palette-1.0.0.aar because:
  Caching not enabled.
Downloading https://dl.google.com/dl/android/maven2/androidx/media3/media3-exoplayer/1.4.1/media3-exoplayer-1.4.1.aar to /home/runner/.gradle/.tmp/gradle_download15878137417934920931bin
Downloading https://dl.google.com/dl/android/maven2/androidx/media3/media3-session/1.4.1/media3-session-1.4.1.aar to /home/runner/.gradle/.tmp/gradle_download3582544992658223661bin
Transforming palette-1.0.0.aar (androidx.palette:palette:1.0.0) with AarTransform
Caching disabled for AarTransform: /home/runner/.gradle/caches/8.9/transforms/10b18663614225c920b6298f756da05b/transformed/palette-1.0.0 because:
  Caching not enabled.
Transforming media3-session-1.4.1.aar (androidx.media3:media3-session:1.4.1) with ExtractAarTransform
Downloading https://dl.google.com/dl/android/maven2/androidx/media3/media3-ui/1.4.1/media3-ui-1.4.1.aar to /home/runner/.gradle/.tmp/gradle_download17938988234817800824bin
Transforming media3-exoplayer-1.4.1.aar (androidx.media3:media3-exoplayer:1.4.1) with ExtractAarTransform
Transforming media3-ui-1.4.1.aar (androidx.media3:media3-ui:1.4.1) with ExtractAarTransform
Downloading https://dl.google.com/dl/android/maven2/androidx/media3/media3-container/1.4.1/media3-container-1.4.1.aar to /home/runner/.gradle/.tmp/gradle_download12549947089626516266bin
Transforming media3-container-1.4.1.aar (androidx.media3:media3-container:1.4.1) with ExtractAarTransform
Caching disabled for ExtractAarTransform: /home/runner/.gradle/caches/modules-2/files-2.1/androidx.media3/media3-container/1.4.1/a475312c1b14def1d8c3b9e82bc605b79e434803/media3-container-1.4.1.aar because:
  Caching not enabled.
Caching disabled for ExtractAarTransform: /home/runner/.gradle/caches/modules-2/files-2.1/androidx.media3/media3-ui/1.4.1/95308f5a6ed8f6c11afbfc321a724f0e2b81560e/media3-ui-1.4.1.aar because:
  Caching not enabled.
Caching disabled for ExtractAarTransform: /home/runner/.gradle/caches/modules-2/files-2.1/androidx.media3/media3-session/1.4.1/349ecc8b32e78399348799464d598d10024bb296/media3-session-1.4.1.aar because:
  Caching not enabled.
Transforming media3-container-1.4.1.aar (androidx.media3:media3-container:1.4.1) with AarTransform
Caching disabled for AarTransform: /home/runner/.gradle/caches/8.9/transforms/f13a0c08f7cfa0a877589804af7c06e5/transformed/media3-container-1.4.1 because:
  Caching not enabled.
Downloading https://dl.google.com/dl/android/maven2/androidx/media3/media3-common/1.4.1/media3-common-1.4.1.aar to /home/runner/.gradle/.tmp/gradle_download10280591284343557652bin
Caching disabled for ExtractAarTransform: /home/runner/.gradle/caches/modules-2/files-2.1/androidx.media3/media3-exoplayer/1.4.1/57c5d8d4a13e187c95186bfe7b82c7068a6b54e9/media3-exoplayer-1.4.1.aar because:
  Caching not enabled.
Transforming media3-common-1.4.1.aar (androidx.media3:media3-common:1.4.1) with ExtractAarTransform
Caching disabled for ExtractAarTransform: /home/runner/.gradle/caches/modules-2/files-2.1/androidx.media3/media3-common/1.4.1/92239509499be6acaf58ed5800f9f9c2aa5cdf27/media3-common-1.4.1.aar because:
  Caching not enabled.
Transforming media3-ui-1.4.1.aar (androidx.media3:media3-ui:1.4.1) with AarTransform
Transforming media3-exoplayer-1.4.1.aar (androidx.media3:media3-exoplayer:1.4.1) with AarTransform
Transforming media3-common-1.4.1.aar (androidx.media3:media3-common:1.4.1) with AarTransform
Caching disabled for AarTransform: /home/runner/.gradle/caches/8.9/transforms/b9c68220fce63fb5e94ecc1589f37798/transformed/media3-ui-1.4.1 because:
  Caching not enabled.
Caching disabled for AarTransform: /home/runner/.gradle/caches/8.9/transforms/71a3d4d7867ccf930919e7fe5351d607/transformed/media3-common-1.4.1 because:
  Caching not enabled.
Caching disabled for AarTransform: /home/runner/.gradle/caches/8.9/transforms/8e206d037e096a8246bf741b4599d3e3/transformed/media3-exoplayer-1.4.1 because:
  Caching not enabled.
Downloading https://dl.google.com/dl/android/maven2/androidx/activity/activity/1.8.1/activity-1.8.1.aar to /home/runner/.gradle/.tmp/gradle_download15765920561920264265bin
Transforming activity-1.8.1.aar (androidx.activity:activity:1.8.1) with ExtractAarTransform
Caching disabled for ExtractAarTransform: /home/runner/.gradle/caches/modules-2/files-2.1/androidx.activity/activity/1.8.1/144ff894c8c32584ca9e99ebae0a2a28b294d371/activity-1.8.1.aar because:
  Caching not enabled.
Downloading https://dl.google.com/dl/android/maven2/androidx/lifecycle/lifecycle-runtime-android/2.8.4/lifecycle-runtime-android-2.8.4.aar to /home/runner/.gradle/.tmp/gradle_download11249107835008245834bin
Transforming lifecycle-runtime-release.aar (androidx.lifecycle:lifecycle-runtime-android:2.8.4) with ExtractAarTransform
Caching disabled for ExtractAarTransform: /home/runner/.gradle/caches/modules-2/files-2.1/androidx.lifecycle/lifecycle-runtime-android/2.8.4/d93ef64f04fd98b974a5c3ab970b8eb7350747f6/lifecycle-runtime-release.aar because:
  Caching not enabled.
Transforming activity-1.8.1.aar (androidx.activity:activity:1.8.1) with AarTransform
Caching disabled for AarTransform: /home/runner/.gradle/caches/8.9/transforms/9ac45b03335b27bdae47388c3ef681b3/transformed/activity-1.8.1 because:
  Caching not enabled.
Transforming lifecycle-runtime-release.aar (androidx.lifecycle:lifecycle-runtime-android:2.8.4) with AarTransform
Caching disabled for AarTransform: /home/runner/.gradle/caches/8.9/transforms/f2c0c8c587af567fe0b24f144dc84797/transformed/lifecycle-runtime-release because:
  Caching not enabled.
Transforming media3-session-1.4.1.aar (androidx.media3:media3-session:1.4.1) with AarTransform
Caching disabled for AarTransform: /home/runner/.gradle/caches/8.9/transforms/787953bedcf891eaa3abe20dc151e7f8/transformed/media3-session-1.4.1 because:
  Caching not enabled.
Downloading https://dl.google.com/dl/android/maven2/androidx/dynamicanimation/dynamicanimation/1.0.0/dynamicanimation-1.0.0.aar to /home/runner/.gradle/.tmp/gradle_download3435098359062452043bin
Transforming dynamicanimation-1.0.0.aar (androidx.dynamicanimation:dynamicanimation:1.0.0) with ExtractAarTransform
Downloading https://dl.google.com/dl/android/maven2/androidx/legacy/legacy-support-core-utils/1.0.0/legacy-support-core-utils-1.0.0.aar to /home/runner/.gradle/.tmp/gradle_download17905350493289269585bin
Transforming legacy-support-core-utils-1.0.0.aar (androidx.legacy:legacy-support-core-utils:1.0.0) with ExtractAarTransform
Transforming legacy-support-core-utils-1.0.0.aar (androidx.legacy:legacy-support-core-utils:1.0.0) with ExtractAarTransform
Caching disabled for ExtractAarTransform: /home/runner/.gradle/caches/modules-2/files-2.1/androidx.dynamicanimation/dynamicanimation/1.0.0/e980497a58fb319d471f3bb78d066b926a08ba8e/dynamicanimation-1.0.0.aar because:
  Caching not enabled.
Caching disabled for ExtractAarTransform: /home/runner/.gradle/caches/modules-2/files-2.1/androidx.legacy/legacy-support-core-utils/1.0.0/9b9570042115da8629519090dfeb71df75da59fc/legacy-support-core-utils-1.0.0.aar because:
  Caching not enabled.
Transforming dynamicanimation-1.0.0.aar (androidx.dynamicanimation:dynamicanimation:1.0.0) with AarTransform
Transforming legacy-support-core-utils-1.0.0.aar (androidx.legacy:legacy-support-core-utils:1.0.0) with AarTransform
Transforming legacy-support-core-utils-1.0.0.aar (androidx.legacy:legacy-support-core-utils:1.0.0) with AarTransform
Caching disabled for AarTransform: /home/runner/.gradle/caches/8.9/transforms/77afff4facff46d9e0ffea40c9ced703/transformed/legacy-support-core-utils-1.0.0 because:
  Caching not enabled.
Caching disabled for AarTransform: /home/runner/.gradle/caches/8.9/transforms/f4be888dc301859ee5f0f579bb6b38e7/transformed/dynamicanimation-1.0.0 because:
  Caching not enabled.
Downloading https://dl.google.com/dl/android/maven2/androidx/lifecycle/lifecycle-viewmodel/2.8.4/lifecycle-viewmodel-2.8.4.aar to /home/runner/.gradle/.tmp/gradle_download3487640073842471404bin
Transforming lifecycle-viewmodel-2.8.4.aar (androidx.lifecycle:lifecycle-viewmodel:2.8.4) with ExtractAarTransform
Caching disabled for ExtractAarTransform: /home/runner/.gradle/caches/modules-2/files-2.1/androidx.lifecycle/lifecycle-viewmodel/2.8.4/b24817e8c78b402c8d44acf07aeacd71f000ead2/lifecycle-viewmodel-2.8.4.aar because:
  Caching not enabled.
Transforming lifecycle-viewmodel-2.8.4.aar (androidx.lifecycle:lifecycle-viewmodel:2.8.4) with AarTransform
Caching disabled for AarTransform: /home/runner/.gradle/caches/8.9/transforms/5773aed0a93405f51ae7deaa3b4737d0/transformed/lifecycle-viewmodel-2.8.4 because:
  Caching not enabled.
Downloading https://dl.google.com/dl/android/maven2/androidx/lifecycle/lifecycle-viewmodel-android/2.8.4/lifecycle-viewmodel-android-2.8.4.aar to /home/runner/.gradle/.tmp/gradle_download2684238760670019594bin
Transforming lifecycle-viewmodel-release.aar (androidx.lifecycle:lifecycle-viewmodel-android:2.8.4) with ExtractAarTransform
Caching disabled for ExtractAarTransform: /home/runner/.gradle/caches/modules-2/files-2.1/androidx.lifecycle/lifecycle-viewmodel-android/2.8.4/65919f36bca45d503ce7b1e903041e89c707073c/lifecycle-viewmodel-release.aar because:
  Caching not enabled.
Transforming lifecycle-viewmodel-release.aar (androidx.lifecycle:lifecycle-viewmodel-android:2.8.4) with AarTransform
Caching disabled for AarTransform: /home/runner/.gradle/caches/8.9/transforms/4536204e998e995808ae26cae95d9f11/transformed/lifecycle-viewmodel-release because:
  Caching not enabled.
Downloading https://dl.google.com/dl/android/maven2/androidx/loader/loader/1.0.0/loader-1.0.0.aar to /home/runner/.gradle/.tmp/gradle_download5737148971569083777bin
Transforming loader-1.0.0.aar (androidx.loader:loader:1.0.0) with ExtractAarTransform
Transforming loader-1.0.0.aar (androidx.loader:loader:1.0.0) with ExtractAarTransform
Caching disabled for ExtractAarTransform: /home/runner/.gradle/caches/modules-2/files-2.1/androidx.loader/loader/1.0.0/8af8b6cec0da85c207d03e15840e0722cbc71e70/loader-1.0.0.aar because:
  Caching not enabled.
Transforming loader-1.0.0.aar (androidx.loader:loader:1.0.0) with AarTransform
Transforming loader-1.0.0.aar (androidx.loader:loader:1.0.0) with AarTransform
Caching disabled for AarTransform: /home/runner/.gradle/caches/8.9/transforms/67ea28c3055e9d64bcc9ee19a46f8200/transformed/loader-1.0.0 because:
  Caching not enabled.
Downloading https://dl.google.com/dl/android/maven2/androidx/lifecycle/lifecycle-livedata-core-ktx/2.8.4/lifecycle-livedata-core-ktx-2.8.4.aar to /home/runner/.gradle/.tmp/gradle_download13450371394954374088bin
Transforming lifecycle-livedata-core-ktx-2.8.4.aar (androidx.lifecycle:lifecycle-livedata-core-ktx:2.8.4) with ExtractAarTransform
Caching disabled for ExtractAarTransform: /home/runner/.gradle/caches/modules-2/files-2.1/androidx.lifecycle/lifecycle-livedata-core-ktx/2.8.4/c25e3141d4f361789bb11ebc66c61a281c3b9e77/lifecycle-livedata-core-ktx-2.8.4.aar because:
  Caching not enabled.
Transforming lifecycle-livedata-core-ktx-2.8.4.aar (androidx.lifecycle:lifecycle-livedata-core-ktx:2.8.4) with AarTransform
Caching disabled for AarTransform: /home/runner/.gradle/caches/8.9/transforms/c88b66ac669ebd352465d3b4158ebfa2/transformed/lifecycle-livedata-core-ktx-2.8.4 because:
  Caching not enabled.
Downloading https://dl.google.com/dl/android/maven2/androidx/lifecycle/lifecycle-viewmodel-savedstate/2.8.4/lifecycle-viewmodel-savedstate-2.8.4.aar to /home/runner/.gradle/.tmp/gradle_download15122394871168130845bin
Transforming lifecycle-viewmodel-savedstate-2.8.4.aar (androidx.lifecycle:lifecycle-viewmodel-savedstate:2.8.4) with ExtractAarTransform
Caching disabled for ExtractAarTransform: /home/runner/.gradle/caches/modules-2/files-2.1/androidx.lifecycle/lifecycle-viewmodel-savedstate/2.8.4/5c589c5022d7bdf515c6a2226b9c2fb9d8274a4a/lifecycle-viewmodel-savedstate-2.8.4.aar because:
  Caching not enabled.
Transforming lifecycle-viewmodel-savedstate-2.8.4.aar (androidx.lifecycle:lifecycle-viewmodel-savedstate:2.8.4) with AarTransform
Caching disabled for AarTransform: /home/runner/.gradle/caches/8.9/transforms/304301d79c98426692113d043e9a1632/transformed/lifecycle-viewmodel-savedstate-2.8.4 because:
  Caching not enabled.
Downloading https://dl.google.com/dl/android/maven2/androidx/lifecycle/lifecycle-livedata/2.8.4/lifecycle-livedata-2.8.4.aar to /home/runner/.gradle/.tmp/gradle_download14481213079347894136bin
Downloading https://dl.google.com/dl/android/maven2/androidx/lifecycle/lifecycle-livedata-core/2.8.4/lifecycle-livedata-core-2.8.4.aar to /home/runner/.gradle/.tmp/gradle_download5282371685256229926bin
Transforming lifecycle-livedata-2.8.4.aar (androidx.lifecycle:lifecycle-livedata:2.8.4) with ExtractAarTransform
Transforming lifecycle-livedata-2.8.4.aar (androidx.lifecycle:lifecycle-livedata:2.8.4) with ExtractAarTransform
Transforming lifecycle-livedata-core-2.8.4.aar (androidx.lifecycle:lifecycle-livedata-core:2.8.4) with ExtractAarTransform
Caching disabled for ExtractAarTransform: /home/runner/.gradle/caches/modules-2/files-2.1/androidx.lifecycle/lifecycle-livedata-core/2.8.4/882cc11c13e80b53fb311ce86a8b06ed53fc0bea/lifecycle-livedata-core-2.8.4.aar because:
  Caching not enabled.
Caching disabled for ExtractAarTransform: /home/runner/.gradle/caches/modules-2/files-2.1/androidx.lifecycle/lifecycle-livedata/2.8.4/1a4c561f00ad51b1a7c60eebb83e6d6c446d6f71/lifecycle-livedata-2.8.4.aar because:
  Caching not enabled.
Transforming lifecycle-livedata-core-2.8.4.aar (androidx.lifecycle:lifecycle-livedata-core:2.8.4) with AarTransform
Transforming lifecycle-livedata-2.8.4.aar (androidx.lifecycle:lifecycle-livedata:2.8.4) with AarTransform
Transforming lifecycle-livedata-2.8.4.aar (androidx.lifecycle:lifecycle-livedata:2.8.4) with AarTransform
Caching disabled for AarTransform: /home/runner/.gradle/caches/8.9/transforms/a94955b321dcfee0badac9caa8c8b552/transformed/lifecycle-livedata-2.8.4 because:
  Caching not enabled.
Caching disabled for AarTransform: /home/runner/.gradle/caches/8.9/transforms/f6d9851cfc4344c98341530c09a2d146/transformed/lifecycle-livedata-core-2.8.4 because:
  Caching not enabled.
Downloading https://dl.google.com/dl/android/maven2/androidx/transition/transition/1.5.0/transition-1.5.0.aar to /home/runner/.gradle/.tmp/gradle_download7839480779419110680bin
Transforming transition-1.5.0.aar (androidx.transition:transition:1.5.0) with ExtractAarTransform
Caching disabled for ExtractAarTransform: /home/runner/.gradle/caches/modules-2/files-2.1/androidx.transition/transition/1.5.0/747173f40c7d98cdb6890a25aa60edcbefeb9c95/transition-1.5.0.aar because:
  Caching not enabled.
Transforming transition-1.5.0.aar (androidx.transition:transition:1.5.0) with AarTransform
Downloading https://dl.google.com/dl/android/maven2/androidx/drawerlayout/drawerlayout/1.1.1/drawerlayout-1.1.1.aar to /home/runner/.gradle/.tmp/gradle_download3086224709372728725bin
Caching disabled for AarTransform: /home/runner/.gradle/caches/8.9/transforms/9d1c947f318e9e7fc379378e64cb04ee/transformed/transition-1.5.0 because:
  Caching not enabled.
Transforming drawerlayout-1.1.1.aar (androidx.drawerlayout:drawerlayout:1.1.1) with ExtractAarTransform
Caching disabled for ExtractAarTransform: /home/runner/.gradle/caches/modules-2/files-2.1/androidx.drawerlayout/drawerlayout/1.1.1/1b2b049e1e88589510ddd4d93f2699b46ecd73dd/drawerlayout-1.1.1.aar because:
  Caching not enabled.
Transforming drawerlayout-1.1.1.aar (androidx.drawerlayout:drawerlayout:1.1.1) with AarTransform
Caching disabled for AarTransform: /home/runner/.gradle/caches/8.9/transforms/43625918a943aabeb509bfc3c0312b33/transformed/drawerlayout-1.1.1 because:
  Caching not enabled.
Downloading https://dl.google.com/dl/android/maven2/androidx/coordinatorlayout/coordinatorlayout/1.1.0/coordinatorlayout-1.1.0.aar to /home/runner/.gradle/.tmp/gradle_download7298451607436592151bin
Transforming coordinatorlayout-1.1.0.aar (androidx.coordinatorlayout:coordinatorlayout:1.1.0) with ExtractAarTransform
Downloading https://dl.google.com/dl/android/maven2/androidx/vectordrawable/vectordrawable-animated/1.1.0/vectordrawable-animated-1.1.0.aar to /home/runner/.gradle/.tmp/gradle_download10785299443428289034bin
Caching disabled for ExtractAarTransform: /home/runner/.gradle/caches/modules-2/files-2.1/androidx.coordinatorlayout/coordinatorlayout/1.1.0/8eeb7baf75b9595d017642a460df5af3bb9fa4e1/coordinatorlayout-1.1.0.aar because:
  Caching not enabled.
Transforming vectordrawable-animated-1.1.0.aar (androidx.vectordrawable:vectordrawable-animated:1.1.0) with ExtractAarTransform
Caching disabled for ExtractAarTransform: /home/runner/.gradle/caches/modules-2/files-2.1/androidx.vectordrawable/vectordrawable-animated/1.1.0/fcda1161354501471c30a4e077af6b5c4d4eddc6/vectordrawable-animated-1.1.0.aar because:
  Caching not enabled.
Transforming vectordrawable-animated-1.1.0.aar (androidx.vectordrawable:vectordrawable-animated:1.1.0) with AarTransform
Transforming coordinatorlayout-1.1.0.aar (androidx.coordinatorlayout:coordinatorlayout:1.1.0) with AarTransform
Caching disabled for AarTransform: /home/runner/.gradle/caches/8.9/transforms/d4073ce150f09b8411f5a4751160ea57/transformed/vectordrawable-animated-1.1.0 because:
  Caching not enabled.
Caching disabled for AarTransform: /home/runner/.gradle/caches/8.9/transforms/70ee23c0e0e0c37dfe41d6c34d471261/transformed/coordinatorlayout-1.1.0 because:
  Caching not enabled.
Downloading https://dl.google.com/dl/android/maven2/androidx/vectordrawable/vectordrawable/1.1.0/vectordrawable-1.1.0.aar to /home/runner/.gradle/.tmp/gradle_download10873237813242464083bin
Transforming vectordrawable-1.1.0.aar (androidx.vectordrawable:vectordrawable:1.1.0) with ExtractAarTransform
Transforming vectordrawable-1.1.0.aar (androidx.vectordrawable:vectordrawable:1.1.0) with ExtractAarTransform
Caching disabled for ExtractAarTransform: /home/runner/.gradle/caches/modules-2/files-2.1/androidx.vectordrawable/vectordrawable/1.1.0/eac7a364fff534035a2a6cb17770a1288315f69f/vectordrawable-1.1.0.aar because:
  Caching not enabled.
Transforming vectordrawable-1.1.0.aar (androidx.vectordrawable:vectordrawable:1.1.0) with AarTransform
Transforming vectordrawable-1.1.0.aar (androidx.vectordrawable:vectordrawable:1.1.0) with AarTransform
Caching disabled for AarTransform: /home/runner/.gradle/caches/8.9/transforms/b8f7ed74e747393379cf17addd3ed887/transformed/vectordrawable-1.1.0 because:
  Caching not enabled.
Downloading https://dl.google.com/dl/android/maven2/androidx/viewpager/viewpager/1.0.0/viewpager-1.0.0.aar to /home/runner/.gradle/.tmp/gradle_download10578518289656519921bin
Transforming viewpager-1.0.0.aar (androidx.viewpager:viewpager:1.0.0) with ExtractAarTransform
Downloading https://dl.google.com/dl/android/maven2/androidx/customview/customview/1.1.0/customview-1.1.0.aar to /home/runner/.gradle/.tmp/gradle_download8083185297822811482bin
Caching disabled for ExtractAarTransform: /home/runner/.gradle/caches/modules-2/files-2.1/androidx.viewpager/viewpager/1.0.0/1f90e13820f96c2fb868f9674079a551678d68b2/viewpager-1.0.0.aar because:
  Caching not enabled.
Transforming customview-1.1.0.aar (androidx.customview:customview:1.1.0) with ExtractAarTransform
Transforming customview-1.1.0.aar (androidx.customview:customview:1.1.0) with ExtractAarTransform
Transforming customview-1.1.0.aar (androidx.customview:customview:1.1.0) with ExtractAarTransform
Caching disabled for ExtractAarTransform: /home/runner/.gradle/caches/modules-2/files-2.1/androidx.customview/customview/1.1.0/a030aaf64c5419a89f7d91a33755c4629a43471/customview-1.1.0.aar because:
  Caching not enabled.
Transforming viewpager-1.0.0.aar (androidx.viewpager:viewpager:1.0.0) with AarTransform
Caching disabled for AarTransform: /home/runner/.gradle/caches/8.9/transforms/99a4e4e56fab2ebb59654ca188732776/transformed/viewpager-1.0.0 because:
  Caching not enabled.
Transforming customview-1.1.0.aar (androidx.customview:customview:1.1.0) with ExtractAarTransform
Transforming customview-1.1.0.aar (androidx.customview:customview:1.1.0) with AarTransform
Transforming customview-1.1.0.aar (androidx.customview:customview:1.1.0) with AarTransform
Transforming customview-1.1.0.aar (androidx.customview:customview:1.1.0) with AarTransform
Transforming customview-1.1.0.aar (androidx.customview:customview:1.1.0) with AarTransform
Caching disabled for AarTransform: /home/runner/.gradle/caches/8.9/transforms/ccb7155b84759ab93dd66aa5571c786b/transformed/customview-1.1.0 because:
  Caching not enabled.
Downloading https://dl.google.com/dl/android/maven2/androidx/core/core-ktx/1.13.0/core-ktx-1.13.0.aar to /home/runner/.gradle/.tmp/gradle_download2426598322416544458bin
Downloading https://dl.google.com/dl/android/maven2/androidx/core/core/1.13.0/core-1.13.0.aar to /home/runner/.gradle/.tmp/gradle_download6256732046953011903bin
Transforming core-ktx-1.13.0.aar (androidx.core:core-ktx:1.13.0) with ExtractAarTransform
Caching disabled for ExtractAarTransform: /home/runner/.gradle/caches/modules-2/files-2.1/androidx.core/core-ktx/1.13.0/c2402581b5301db71ee55547caec73c78b51ab98/core-ktx-1.13.0.aar because:
  Caching not enabled.
Transforming core-ktx-1.13.0.aar (androidx.core:core-ktx:1.13.0) with AarTransform
Caching disabled for AarTransform: /home/runner/.gradle/caches/8.9/transforms/f3c10adefffb4712327042b936c625b1/transformed/core-ktx-1.13.0 because:
  Caching not enabled.
Transforming core-1.13.0.aar (androidx.core:core:1.13.0) with ExtractAarTransform
Transforming core-1.13.0.aar (androidx.core:core:1.13.0) with ExtractAarTransform
Transforming core-1.13.0.aar (androidx.core:core:1.13.0) with ExtractAarTransform
Transforming core-1.13.0.aar (androidx.core:core:1.13.0) with ExtractAarTransform
Caching disabled for ExtractAarTransform: /home/runner/.gradle/caches/modules-2/files-2.1/androidx.core/core/1.13.0/ec9d4e1da0dc84ff6a644624447a99ad136de21d/core-1.13.0.aar because:
  Caching not enabled.
Transforming core-1.13.0.aar (androidx.core:core:1.13.0) with AarTransform
Transforming core-1.13.0.aar (androidx.core:core:1.13.0) with AarTransform
Transforming core-1.13.0.aar (androidx.core:core:1.13.0) with AarTransform
Transforming core-1.13.0.aar (androidx.core:core:1.13.0) with AarTransform
Caching disabled for AarTransform: /home/runner/.gradle/caches/8.9/transforms/c71f5b93f765c81b68c6363ac2a86f13/transformed/core-1.13.0 because:
  Caching not enabled.
Downloading https://dl.google.com/dl/android/maven2/androidx/savedstate/savedstate/1.2.1/savedstate-1.2.1.aar to /home/runner/.gradle/.tmp/gradle_download16101161875469459946bin
Transforming savedstate-1.2.1.aar (androidx.savedstate:savedstate:1.2.1) with ExtractAarTransform
Caching disabled for ExtractAarTransform: /home/runner/.gradle/caches/modules-2/files-2.1/androidx.savedstate/savedstate/1.2.1/e364fc9dec32aa569d855f85864e50250318a093/savedstate-1.2.1.aar because:
  Caching not enabled.
Transforming savedstate-1.2.1.aar (androidx.savedstate:savedstate:1.2.1) with AarTransform
Caching disabled for AarTransform: /home/runner/.gradle/caches/8.9/transforms/58242d362fcb8c56fa7ec6def399333d/transformed/savedstate-1.2.1 because:
  Caching not enabled.
Downloading https://dl.google.com/dl/android/maven2/androidx/versionedparcelable/versionedparcelable/1.1.1/versionedparcelable-1.1.1.aar to /home/runner/.gradle/.tmp/gradle_download1144561931098033892bin
Transforming versionedparcelable-1.1.1.aar (androidx.versionedparcelable:versionedparcelable:1.1.1) with ExtractAarTransform
Caching disabled for ExtractAarTransform: /home/runner/.gradle/caches/modules-2/files-2.1/androidx.versionedparcelable/versionedparcelable/1.1.1/18e18071e7715679e0593c570217edeb5ca48b9e/versionedparcelable-1.1.1.aar because:
  Caching not enabled.
Transforming versionedparcelable-1.1.1.aar (androidx.versionedparcelable:versionedparcelable:1.1.1) with AarTransform
Caching disabled for AarTransform: /home/runner/.gradle/caches/8.9/transforms/d76f7faec08758676fd25dae129ae9e7/transformed/versionedparcelable-1.1.1 because:
  Caching not enabled.
Downloading https://dl.google.com/dl/android/maven2/androidx/cursoradapter/cursoradapter/1.0.0/cursoradapter-1.0.0.aar to /home/runner/.gradle/.tmp/gradle_download6354654842419176306bin
Transforming cursoradapter-1.0.0.aar (androidx.cursoradapter:cursoradapter:1.0.0) with ExtractAarTransform
Caching disabled for ExtractAarTransform: /home/runner/.gradle/caches/modules-2/files-2.1/androidx.cursoradapter/cursoradapter/1.0.0/74014983a86b83cbce534dec4e7aa9312f5f5d82/cursoradapter-1.0.0.aar because:
  Caching not enabled.
Downloading https://dl.google.com/dl/android/maven2/androidx/cardview/cardview/1.0.0/cardview-1.0.0.aar to /home/runner/.gradle/.tmp/gradle_download2602734204501255995bin
Transforming cardview-1.0.0.aar (androidx.cardview:cardview:1.0.0) with ExtractAarTransform
Downloading https://dl.google.com/dl/android/maven2/androidx/interpolator/interpolator/1.0.0/interpolator-1.0.0.aar to /home/runner/.gradle/.tmp/gradle_download15547575926457596319bin
Caching disabled for ExtractAarTransform: /home/runner/.gradle/caches/modules-2/files-2.1/androidx.cardview/cardview/1.0.0/158dbc2e2bc502815821191b04446b8f663c1874/cardview-1.0.0.aar because:
  Caching not enabled.
Transforming cursoradapter-1.0.0.aar (androidx.cursoradapter:cursoradapter:1.0.0) with AarTransform
Transforming interpolator-1.0.0.aar (androidx.interpolator:interpolator:1.0.0) with ExtractAarTransform
Caching disabled for AarTransform: /home/runner/.gradle/caches/8.9/transforms/125eb447ec418e197792928f7ac156f5/transformed/cursoradapter-1.0.0 because:
  Caching not enabled.
Transforming interpolator-1.0.0.aar (androidx.interpolator:interpolator:1.0.0) with ExtractAarTransform
Caching disabled for ExtractAarTransform: /home/runner/.gradle/caches/modules-2/files-2.1/androidx.interpolator/interpolator/1.0.0/8a01fa254a23b9388571eb6334b03707c7d122d7/interpolator-1.0.0.aar because:
  Caching not enabled.
Transforming cardview-1.0.0.aar (androidx.cardview:cardview:1.0.0) with AarTransform
Caching disabled for AarTransform: /home/runner/.gradle/caches/8.9/transforms/e57c5ec95d97095f7ddd08f083c26acd/transformed/cardview-1.0.0 because:
  Caching not enabled.
Transforming interpolator-1.0.0.aar (androidx.interpolator:interpolator:1.0.0) with AarTransform
Transforming interpolator-1.0.0.aar (androidx.interpolator:interpolator:1.0.0) with AarTransform
Caching disabled for AarTransform: /home/runner/.gradle/caches/8.9/transforms/4e8e304324599b458d61b8fae777970c/transformed/interpolator-1.0.0 because:
  Caching not enabled.
Downloading https://dl.google.com/dl/android/maven2/androidx/arch/core/core-runtime/2.2.0/core-runtime-2.2.0.aar to /home/runner/.gradle/.tmp/gradle_download8738183573772094859bin
Transforming core-runtime-2.2.0.aar (androidx.arch.core:core-runtime:2.2.0) with ExtractAarTransform
Downloading https://dl.google.com/dl/android/maven2/androidx/documentfile/documentfile/1.0.0/documentfile-1.0.0.aar to /home/runner/.gradle/.tmp/gradle_download495493941092490888bin
Caching disabled for ExtractAarTransform: /home/runner/.gradle/caches/modules-2/files-2.1/androidx.arch.core/core-runtime/2.2.0/39705982680d78556b679ef9d5400d4f17509b0b/core-runtime-2.2.0.aar because:
  Caching not enabled.
Transforming documentfile-1.0.0.aar (androidx.documentfile:documentfile:1.0.0) with ExtractAarTransform
Caching disabled for ExtractAarTransform: /home/runner/.gradle/caches/modules-2/files-2.1/androidx.documentfile/documentfile/1.0.0/66104345c90cd8c2fd5ad2d3aad692b280e10c32/documentfile-1.0.0.aar because:
  Caching not enabled.
Transforming documentfile-1.0.0.aar (androidx.documentfile:documentfile:1.0.0) with AarTransform
Transforming core-runtime-2.2.0.aar (androidx.arch.core:core-runtime:2.2.0) with AarTransform
Caching disabled for AarTransform: /home/runner/.gradle/caches/8.9/transforms/9a0b92f9f6b3c890fc34cb4403a07da6/transformed/documentfile-1.0.0 because:
  Caching not enabled.
Caching disabled for AarTransform: /home/runner/.gradle/caches/8.9/transforms/c6f03c1e6772935c5ccd227794005cc7/transformed/core-runtime-2.2.0 because:
  Caching not enabled.
Downloading https://dl.google.com/dl/android/maven2/androidx/localbroadcastmanager/localbroadcastmanager/1.0.0/localbroadcastmanager-1.0.0.aar to /home/runner/.gradle/.tmp/gradle_download542230224675654052bin
Transforming localbroadcastmanager-1.0.0.aar (androidx.localbroadcastmanager:localbroadcastmanager:1.0.0) with ExtractAarTransform
Caching disabled for ExtractAarTransform: /home/runner/.gradle/caches/modules-2/files-2.1/androidx.localbroadcastmanager/localbroadcastmanager/1.0.0/2734f31c8321e83ce6b60570d14777fc33cc2ece/localbroadcastmanager-1.0.0.aar because:
  Caching not enabled.
Transforming localbroadcastmanager-1.0.0.aar (androidx.localbroadcastmanager:localbroadcastmanager:1.0.0) with AarTransform
Caching disabled for AarTransform: /home/runner/.gradle/caches/8.9/transforms/955be4a975cbcd5ce3b32db831311006/transformed/localbroadcastmanager-1.0.0 because:
  Caching not enabled.
Downloading https://repo.maven.apache.org/maven2/com/github/bumptech/glide/gifdecoder/4.16.0/gifdecoder-4.16.0.aar to /home/runner/.gradle/.tmp/gradle_download2615500131038991762bin
Downloading https://dl.google.com/dl/android/maven2/androidx/print/print/1.0.0/print-1.0.0.aar to /home/runner/.gradle/.tmp/gradle_download16361480944146380635bin
Transforming gifdecoder-4.16.0.aar (com.github.bumptech.glide:gifdecoder:4.16.0) with ExtractAarTransform
Transforming print-1.0.0.aar (androidx.print:print:1.0.0) with ExtractAarTransform
Caching disabled for ExtractAarTransform: /home/runner/.gradle/caches/modules-2/files-2.1/com.github.bumptech.glide/gifdecoder/4.16.0/2e432e2933ee72a217ba3721e58ef414d2b2d3e8/gifdecoder-4.16.0.aar because:
  Caching not enabled.
Caching disabled for ExtractAarTransform: /home/runner/.gradle/caches/modules-2/files-2.1/androidx.print/print/1.0.0/7722094652c48ebe27acc94d74a55e759e4635ff/print-1.0.0.aar because:
  Caching not enabled.
Transforming print-1.0.0.aar (androidx.print:print:1.0.0) with AarTransform
Transforming gifdecoder-4.16.0.aar (com.github.bumptech.glide:gifdecoder:4.16.0) with AarTransform
Caching disabled for AarTransform: /home/runner/.gradle/caches/8.9/transforms/17976e65923912d1f5a695e89a707860/transformed/print-1.0.0 because:
  Caching not enabled.
Caching disabled for AarTransform: /home/runner/.gradle/caches/8.9/transforms/b681ba03f7bc5356d20eb93dbc4f69bc/transformed/gifdecoder-4.16.0 because:
  Caching not enabled.
Downloading https://dl.google.com/dl/android/maven2/androidx/annotation/annotation-experimental/1.4.0/annotation-experimental-1.4.0.aar to /home/runner/.gradle/.tmp/gradle_download12483208729866639512bin
Transforming annotation-experimental-1.4.0.aar (androidx.annotation:annotation-experimental:1.4.0) with ExtractAarTransform
Caching disabled for ExtractAarTransform: /home/runner/.gradle/caches/modules-2/files-2.1/androidx.annotation/annotation-experimental/1.4.0/c7a2038d831d0cfbfb9a440890b287c2e839ecf/annotation-experimental-1.4.0.aar because:
  Caching not enabled.
Transforming annotation-experimental-1.4.0.aar (androidx.annotation:annotation-experimental:1.4.0) with AarTransform
Caching disabled for AarTransform: /home/runner/.gradle/caches/8.9/transforms/5d63084fa3f6b3d2d1c088d876e5b51c/transformed/annotation-experimental-1.4.0 because:
  Caching not enabled.
Downloading https://dl.google.com/dl/android/maven2/androidx/tracing/tracing/1.0.0/tracing-1.0.0.aar to /home/runner/.gradle/.tmp/gradle_download11956946618151993168bin
Transforming tracing-1.0.0.aar (androidx.tracing:tracing:1.0.0) with ExtractAarTransform
Caching disabled for ExtractAarTransform: /home/runner/.gradle/caches/modules-2/files-2.1/androidx.tracing/tracing/1.0.0/69cef34711dffbc517e7a0a419ec4a98f84f496a/tracing-1.0.0.aar because:
  Caching not enabled.
Transforming tracing-1.0.0.aar (androidx.tracing:tracing:1.0.0) with AarTransform
Caching disabled for AarTransform: /home/runner/.gradle/caches/8.9/transforms/c713cbc1f0158f5129ff92fe7dbf94b9/transformed/tracing-1.0.0 because:
  Caching not enabled.
Downloading https://dl.google.com/dl/android/maven2/androidx/media3/media3-database/1.4.1/media3-database-1.4.1.aar to /home/runner/.gradle/.tmp/gradle_download18095077746781832350bin
Transforming media3-database-1.4.1.aar (androidx.media3:media3-database:1.4.1) with ExtractAarTransform
Caching disabled for ExtractAarTransform: /home/runner/.gradle/caches/modules-2/files-2.1/androidx.media3/media3-database/1.4.1/2000ab8702e42ae279cbc331e4cbb3fa84b7477f/media3-database-1.4.1.aar because:
  Caching not enabled.
Transforming media3-database-1.4.1.aar (androidx.media3:media3-database:1.4.1) with AarTransform
Downloading https://dl.google.com/dl/android/maven2/androidx/exifinterface/exifinterface/1.3.6/exifinterface-1.3.6.aar to /home/runner/.gradle/.tmp/gradle_download12139955001448470691bin
Caching disabled for AarTransform: /home/runner/.gradle/caches/8.9/transforms/47abc1295bc060486f1919c859794082/transformed/media3-database-1.4.1 because:
  Caching not enabled.
Transforming exifinterface-1.3.6.aar (androidx.exifinterface:exifinterface:1.3.6) with ExtractAarTransform
Downloading https://dl.google.com/dl/android/maven2/androidx/media3/media3-datasource/1.4.1/media3-datasource-1.4.1.aar to /home/runner/.gradle/.tmp/gradle_download18137896095574729746bin
Caching disabled for ExtractAarTransform: /home/runner/.gradle/caches/modules-2/files-2.1/androidx.exifinterface/exifinterface/1.3.6/66c4f85fbe44c6556b05ecd28ea1af00cff3655e/exifinterface-1.3.6.aar because:
  Caching not enabled.
Transforming media3-datasource-1.4.1.aar (androidx.media3:media3-datasource:1.4.1) with ExtractAarTransform
Transforming exifinterface-1.3.6.aar (androidx.exifinterface:exifinterface:1.3.6) with AarTransform
Caching disabled for AarTransform: /home/runner/.gradle/caches/8.9/transforms/5ac024980d164243ba39af4fe37c887f/transformed/exifinterface-1.3.6 because:
  Caching not enabled.
Caching disabled for ExtractAarTransform: /home/runner/.gradle/caches/modules-2/files-2.1/androidx.media3/media3-datasource/1.4.1/e1da53904b9e567685638063798076e3e1bebacf/media3-datasource-1.4.1.aar because:
  Caching not enabled.
Downloading https://dl.google.com/dl/android/maven2/androidx/media3/media3-decoder/1.4.1/media3-decoder-1.4.1.aar to /home/runner/.gradle/.tmp/gradle_download1985594763453701652bin
Transforming media3-datasource-1.4.1.aar (androidx.media3:media3-datasource:1.4.1) with AarTransform
Transforming media3-decoder-1.4.1.aar (androidx.media3:media3-decoder:1.4.1) with ExtractAarTransform
Caching disabled for ExtractAarTransform: /home/runner/.gradle/caches/modules-2/files-2.1/androidx.media3/media3-decoder/1.4.1/a708bc2c0b8dabe2d081ff12afaed8d46466628d/media3-decoder-1.4.1.aar because:
  Caching not enabled.
Caching disabled for AarTransform: /home/runner/.gradle/caches/8.9/transforms/86c00aab55672907703facd03d39bf3c/transformed/media3-datasource-1.4.1 because:
  Caching not enabled.
Transforming media3-decoder-1.4.1.aar (androidx.media3:media3-decoder:1.4.1) with AarTransform
Caching disabled for AarTransform: /home/runner/.gradle/caches/8.9/transforms/25fb82ba0edec0f432fb835442dc7924/transformed/media3-decoder-1.4.1 because:
  Caching not enabled.
Downloading https://dl.google.com/dl/android/maven2/androidx/media3/media3-extractor/1.4.1/media3-extractor-1.4.1.aar to /home/runner/.gradle/.tmp/gradle_download18353915595419742995bin
Transforming media3-extractor-1.4.1.aar (androidx.media3:media3-extractor:1.4.1) with ExtractAarTransform
Caching disabled for ExtractAarTransform: /home/runner/.gradle/caches/modules-2/files-2.1/androidx.media3/media3-extractor/1.4.1/eb3c0677cb202c70ecaba0bf4a31d56a6ba607c8/media3-extractor-1.4.1.aar because:
  Caching not enabled.
Transforming media3-extractor-1.4.1.aar (androidx.media3:media3-extractor:1.4.1) with AarTransform
Caching disabled for AarTransform: /home/runner/.gradle/caches/8.9/transforms/068d1c140dad434ad7566a26bcb09136/transformed/media3-extractor-1.4.1 because:
  Caching not enabled.
Transforming viewbinding-8.5.2.aar (androidx.databinding:viewbinding:8.5.2) with ExtractAarTransform
Transforming viewbinding-8.5.2.aar (androidx.databinding:viewbinding:8.5.2) with AarTransform
Transforming material-1.12.0.aar (com.google.android.material:material:1.12.0) with ExtractAarTransform
Transforming material-1.12.0.aar (com.google.android.material:material:1.12.0) with AarTransform
Transforming constraintlayout-2.1.4.aar (androidx.constraintlayout:constraintlayout:2.1.4) with ExtractAarTransform
Transforming constraintlayout-2.1.4.aar (androidx.constraintlayout:constraintlayout:2.1.4) with AarTransform
Transforming appcompat-resources-1.7.0.aar (androidx.appcompat:appcompat-resources:1.7.0) with ExtractAarTransform
Transforming appcompat-resources-1.7.0.aar (androidx.appcompat:appcompat-resources:1.7.0) with AarTransform
Transforming appcompat-1.7.0.aar (androidx.appcompat:appcompat:1.7.0) with ExtractAarTransform
Transforming appcompat-1.7.0.aar (androidx.appcompat:appcompat:1.7.0) with AarTransform
Transforming viewpager2-1.1.0.aar (androidx.viewpager2:viewpager2:1.1.0) with ExtractAarTransform
Transforming viewpager2-1.1.0.aar (androidx.viewpager2:viewpager2:1.1.0) with AarTransform
Transforming media3-exoplayer-1.4.1.aar (androidx.media3:media3-exoplayer:1.4.1) with ExtractAarTransform
Transforming media3-exoplayer-1.4.1.aar (androidx.media3:media3-exoplayer:1.4.1) with AarTransform
Transforming media3-session-1.4.1.aar (androidx.media3:media3-session:1.4.1) with ExtractAarTransform
Transforming media3-session-1.4.1.aar (androidx.media3:media3-session:1.4.1) with AarTransform
Transforming media3-datasource-okhttp-1.4.1.aar (androidx.media3:media3-datasource-okhttp:1.4.1) with ExtractAarTransform
Transforming media3-datasource-okhttp-1.4.1.aar (androidx.media3:media3-datasource-okhttp:1.4.1) with AarTransform
Transforming media3-extractor-1.4.1.aar (androidx.media3:media3-extractor:1.4.1) with ExtractAarTransform
Transforming media3-extractor-1.4.1.aar (androidx.media3:media3-extractor:1.4.1) with AarTransform
Transforming media3-container-1.4.1.aar (androidx.media3:media3-container:1.4.1) with ExtractAarTransform
Transforming media3-container-1.4.1.aar (androidx.media3:media3-container:1.4.1) with AarTransform
Transforming media3-datasource-1.4.1.aar (androidx.media3:media3-datasource:1.4.1) with ExtractAarTransform
Transforming media3-datasource-1.4.1.aar (androidx.media3:media3-datasource:1.4.1) with AarTransform
Transforming media3-decoder-1.4.1.aar (androidx.media3:media3-decoder:1.4.1) with ExtractAarTransform
Transforming media3-decoder-1.4.1.aar (androidx.media3:media3-decoder:1.4.1) with AarTransform
Transforming media3-database-1.4.1.aar (androidx.media3:media3-database:1.4.1) with ExtractAarTransform
Transforming media3-database-1.4.1.aar (androidx.media3:media3-database:1.4.1) with AarTransform
Transforming media3-common-1.4.1.aar (androidx.media3:media3-common:1.4.1) with ExtractAarTransform
Transforming media3-common-1.4.1.aar (androidx.media3:media3-common:1.4.1) with AarTransform
Transforming media3-ui-1.4.1.aar (androidx.media3:media3-ui:1.4.1) with ExtractAarTransform
Transforming media3-ui-1.4.1.aar (androidx.media3:media3-ui:1.4.1) with AarTransform
Transforming recyclerview-1.3.2.aar (androidx.recyclerview:recyclerview:1.3.2) with ExtractAarTransform
Transforming recyclerview-1.3.2.aar (androidx.recyclerview:recyclerview:1.3.2) with AarTransform
Transforming glide-4.16.0.aar (com.github.bumptech.glide:glide:4.16.0) with ExtractAarTransform
Transforming glide-4.16.0.aar (com.github.bumptech.glide:glide:4.16.0) with AarTransform
Transforming fragment-1.8.2.aar (androidx.fragment:fragment:1.8.2) with ExtractAarTransform
Transforming fragment-1.8.2.aar (androidx.fragment:fragment:1.8.2) with AarTransform
Transforming swiperefreshlayout-1.1.0.aar (androidx.swiperefreshlayout:swiperefreshlayout:1.1.0) with ExtractAarTransform
Transforming swiperefreshlayout-1.1.0.aar (androidx.swiperefreshlayout:swiperefreshlayout:1.1.0) with AarTransform
Transforming palette-1.0.0.aar (androidx.palette:palette:1.0.0) with ExtractAarTransform
Transforming palette-1.0.0.aar (androidx.palette:palette:1.0.0) with AarTransform
Transforming transition-1.5.0.aar (androidx.transition:transition:1.5.0) with ExtractAarTransform
Transforming transition-1.5.0.aar (androidx.transition:transition:1.5.0) with AarTransform
Transforming dynamicanimation-1.0.0.aar (androidx.dynamicanimation:dynamicanimation:1.0.0) with ExtractAarTransform
Transforming dynamicanimation-1.0.0.aar (androidx.dynamicanimation:dynamicanimation:1.0.0) with AarTransform
Transforming loader-1.0.0.aar (androidx.loader:loader:1.0.0) with ExtractAarTransform
Transforming loader-1.0.0.aar (androidx.loader:loader:1.0.0) with AarTransform
Transforming lifecycle-runtime-release.aar (androidx.lifecycle:lifecycle-runtime-android:2.8.4) with ExtractAarTransform
Transforming lifecycle-runtime-release.aar (androidx.lifecycle:lifecycle-runtime-android:2.8.4) with AarTransform
Transforming activity-1.8.1.aar (androidx.activity:activity:1.8.1) with ExtractAarTransform
Transforming activity-1.8.1.aar (androidx.activity:activity:1.8.1) with AarTransform
Transforming savedstate-1.2.1.aar (androidx.savedstate:savedstate:1.2.1) with ExtractAarTransform
Transforming savedstate-1.2.1.aar (androidx.savedstate:savedstate:1.2.1) with AarTransform
Transforming lifecycle-viewmodel-release.aar (androidx.lifecycle:lifecycle-viewmodel-android:2.8.4) with ExtractAarTransform
Transforming lifecycle-viewmodel-release.aar (androidx.lifecycle:lifecycle-viewmodel-android:2.8.4) with AarTransform
Transforming lifecycle-livedata-core-ktx-2.8.4.aar (androidx.lifecycle:lifecycle-livedata-core-ktx:2.8.4) with ExtractAarTransform
Transforming lifecycle-livedata-core-ktx-2.8.4.aar (androidx.lifecycle:lifecycle-livedata-core-ktx:2.8.4) with AarTransform
Transforming lifecycle-viewmodel-savedstate-2.8.4.aar (androidx.lifecycle:lifecycle-viewmodel-savedstate:2.8.4) with ExtractAarTransform
Transforming lifecycle-viewmodel-savedstate-2.8.4.aar (androidx.lifecycle:lifecycle-viewmodel-savedstate:2.8.4) with AarTransform
Transforming lifecycle-livedata-core-2.8.4.aar (androidx.lifecycle:lifecycle-livedata-core:2.8.4) with ExtractAarTransform
Transforming lifecycle-livedata-core-2.8.4.aar (androidx.lifecycle:lifecycle-livedata-core:2.8.4) with AarTransform
Transforming lifecycle-livedata-2.8.4.aar (androidx.lifecycle:lifecycle-livedata:2.8.4) with ExtractAarTransform
Transforming lifecycle-livedata-2.8.4.aar (androidx.lifecycle:lifecycle-livedata:2.8.4) with AarTransform
Transforming core-ktx-1.13.0.aar (androidx.core:core-ktx:1.13.0) with ExtractAarTransform
Transforming core-ktx-1.13.0.aar (androidx.core:core-ktx:1.13.0) with AarTransform
Transforming drawerlayout-1.1.1.aar (androidx.drawerlayout:drawerlayout:1.1.1) with ExtractAarTransform
Transforming drawerlayout-1.1.1.aar (androidx.drawerlayout:drawerlayout:1.1.1) with AarTransform
Transforming coordinatorlayout-1.1.0.aar (androidx.coordinatorlayout:coordinatorlayout:1.1.0) with ExtractAarTransform
Transforming coordinatorlayout-1.1.0.aar (androidx.coordinatorlayout:coordinatorlayout:1.1.0) with AarTransform
Transforming vectordrawable-animated-1.1.0.aar (androidx.vectordrawable:vectordrawable-animated:1.1.0) with ExtractAarTransform
Transforming vectordrawable-animated-1.1.0.aar (androidx.vectordrawable:vectordrawable-animated:1.1.0) with AarTransform
Transforming vectordrawable-1.1.0.aar (androidx.vectordrawable:vectordrawable:1.1.0) with ExtractAarTransform
Transforming vectordrawable-1.1.0.aar (androidx.vectordrawable:vectordrawable:1.1.0) with AarTransform
Transforming viewpager-1.0.0.aar (androidx.viewpager:viewpager:1.0.0) with ExtractAarTransform
Transforming viewpager-1.0.0.aar (androidx.viewpager:viewpager:1.0.0) with AarTransform
Transforming customview-1.1.0.aar (androidx.customview:customview:1.1.0) with ExtractAarTransform
Transforming customview-1.1.0.aar (androidx.customview:customview:1.1.0) with AarTransform
Transforming core-1.13.0.aar (androidx.core:core:1.13.0) with ExtractAarTransform
Transforming core-1.13.0.aar (androidx.core:core:1.13.0) with AarTransform
Transforming cursoradapter-1.0.0.aar (androidx.cursoradapter:cursoradapter:1.0.0) with ExtractAarTransform
Transforming cursoradapter-1.0.0.aar (androidx.cursoradapter:cursoradapter:1.0.0) with AarTransform
Transforming cardview-1.0.0.aar (androidx.cardview:cardview:1.0.0) with ExtractAarTransform
Transforming cardview-1.0.0.aar (androidx.cardview:cardview:1.0.0) with AarTransform
Transforming interpolator-1.0.0.aar (androidx.interpolator:interpolator:1.0.0) with ExtractAarTransform
Transforming interpolator-1.0.0.aar (androidx.interpolator:interpolator:1.0.0) with AarTransform
Transforming versionedparcelable-1.1.1.aar (androidx.versionedparcelable:versionedparcelable:1.1.1) with ExtractAarTransform
Transforming versionedparcelable-1.1.1.aar (androidx.versionedparcelable:versionedparcelable:1.1.1) with AarTransform
Transforming exifinterface-1.3.6.aar (androidx.exifinterface:exifinterface:1.3.6) with ExtractAarTransform
Transforming exifinterface-1.3.6.aar (androidx.exifinterface:exifinterface:1.3.6) with AarTransform
Transforming gifdecoder-4.16.0.aar (com.github.bumptech.glide:gifdecoder:4.16.0) with ExtractAarTransform
Transforming gifdecoder-4.16.0.aar (com.github.bumptech.glide:gifdecoder:4.16.0) with AarTransform
Transforming tracing-1.0.0.aar (androidx.tracing:tracing:1.0.0) with ExtractAarTransform
Transforming tracing-1.0.0.aar (androidx.tracing:tracing:1.0.0) with AarTransform
Transforming core-runtime-2.2.0.aar (androidx.arch.core:core-runtime:2.2.0) with ExtractAarTransform
Transforming core-runtime-2.2.0.aar (androidx.arch.core:core-runtime:2.2.0) with AarTransform
Transforming annotation-experimental-1.4.0.aar (androidx.annotation:annotation-experimental:1.4.0) with ExtractAarTransform
Transforming annotation-experimental-1.4.0.aar (androidx.annotation:annotation-experimental:1.4.0) with AarTransform
Downloading https://dl.google.com/dl/android/maven2/androidx/emoji2/emoji2/1.3.0/emoji2-1.3.0.aar to /home/runner/.gradle/.tmp/gradle_download6742403320459985611bin
Downloading https://dl.google.com/dl/android/maven2/androidx/lifecycle/lifecycle-process/2.8.4/lifecycle-process-2.8.4.aar to /home/runner/.gradle/.tmp/gradle_download2607147129950559187bin
Downloading https://dl.google.com/dl/android/maven2/androidx/customview/customview-poolingcontainer/1.0.0/customview-poolingcontainer-1.0.0.aar to /home/runner/.gradle/.tmp/gradle_download7502447400458118312bin
Transforming customview-poolingcontainer-1.0.0.aar (androidx.customview:customview-poolingcontainer:1.0.0) with ExtractAarTransform
Downloading https://dl.google.com/dl/android/maven2/androidx/emoji2/emoji2-views-helper/1.3.0/emoji2-views-helper-1.3.0.aar to /home/runner/.gradle/.tmp/gradle_download9042305529809812894bin
Transforming lifecycle-process-2.8.4.aar (androidx.lifecycle:lifecycle-process:2.8.4) with ExtractAarTransform
Caching disabled for ExtractAarTransform: /home/runner/.gradle/caches/modules-2/files-2.1/androidx.lifecycle/lifecycle-process/2.8.4/4d7f3cedbef4b1ea80490b6e145bf42cef409134/lifecycle-process-2.8.4.aar because:
  Caching not enabled.
Caching disabled for ExtractAarTransform: /home/runner/.gradle/caches/modules-2/files-2.1/androidx.customview/customview-poolingcontainer/1.0.0/579fc832cf0e5be08d8d9571850b50d22d9de3c/customview-poolingcontainer-1.0.0.aar because:
  Caching not enabled.
Transforming emoji2-views-helper-1.3.0.aar (androidx.emoji2:emoji2-views-helper:1.3.0) with ExtractAarTransform
Caching disabled for ExtractAarTransform: /home/runner/.gradle/caches/modules-2/files-2.1/androidx.emoji2/emoji2-views-helper/1.3.0/7bef7c1117bb40ef41ee0641cd1d2d605e2d607c/emoji2-views-helper-1.3.0.aar because:
  Caching not enabled.
Transforming customview-poolingcontainer-1.0.0.aar (androidx.customview:customview-poolingcontainer:1.0.0) with AarTransform
Transforming lifecycle-process-2.8.4.aar (androidx.lifecycle:lifecycle-process:2.8.4) with AarTransform
Caching disabled for AarTransform: /home/runner/.gradle/caches/8.9/transforms/70a4404f78ff4408ba72cdeb9a417244/transformed/customview-poolingcontainer-1.0.0 because:
  Caching not enabled.
Caching disabled for AarTransform: /home/runner/.gradle/caches/8.9/transforms/cf94723d294267e6a8224b89f6f05948/transformed/lifecycle-process-2.8.4 because:
  Caching not enabled.
Transforming emoji2-views-helper-1.3.0.aar (androidx.emoji2:emoji2-views-helper:1.3.0) with AarTransform
Caching disabled for AarTransform: /home/runner/.gradle/caches/8.9/transforms/d082fb77384557313e4b1a3ce8e0a50e/transformed/emoji2-views-helper-1.3.0 because:
  Caching not enabled.
Transforming emoji2-1.3.0.aar (androidx.emoji2:emoji2:1.3.0) with ExtractAarTransform
Caching disabled for ExtractAarTransform: /home/runner/.gradle/caches/modules-2/files-2.1/androidx.emoji2/emoji2/1.3.0/37ed42991ddf77924510472dba632314aab1c9d9/emoji2-1.3.0.aar because:
  Caching not enabled.
Transforming emoji2-1.3.0.aar (androidx.emoji2:emoji2:1.3.0) with AarTransform
Caching disabled for AarTransform: /home/runner/.gradle/caches/8.9/transforms/27fbc6f33c0ec7c17234cf593774cb95/transformed/emoji2-1.3.0 because:
  Caching not enabled.
Downloading https://dl.google.com/dl/android/maven2/androidx/profileinstaller/profileinstaller/1.3.1/profileinstaller-1.3.1.aar to /home/runner/.gradle/.tmp/gradle_download1380694440983471836bin
Downloading https://dl.google.com/dl/android/maven2/androidx/startup/startup-runtime/1.1.1/startup-runtime-1.1.1.aar to /home/runner/.gradle/.tmp/gradle_download1102022273622692509bin
Transforming startup-runtime-1.1.1.aar (androidx.startup:startup-runtime:1.1.1) with ExtractAarTransform
Caching disabled for ExtractAarTransform: /home/runner/.gradle/caches/modules-2/files-2.1/androidx.startup/startup-runtime/1.1.1/9d4ba67056aff98b69eadc1477c19a1e67cb9470/startup-runtime-1.1.1.aar because:
  Caching not enabled.
Transforming startup-runtime-1.1.1.aar (androidx.startup:startup-runtime:1.1.1) with AarTransform
Caching disabled for AarTransform: /home/runner/.gradle/caches/8.9/transforms/fb24fd81fb948482846358d35ccc42a2/transformed/startup-runtime-1.1.1 because:
  Caching not enabled.
Downloading https://dl.google.com/dl/android/maven2/androidx/media/media/1.7.0/media-1.7.0.aar to /home/runner/.gradle/.tmp/gradle_download15256386649335156157bin
Transforming profileinstaller-1.3.1.aar (androidx.profileinstaller:profileinstaller:1.3.1) with ExtractAarTransform
Caching disabled for ExtractAarTransform: /home/runner/.gradle/caches/modules-2/files-2.1/androidx.profileinstaller/profileinstaller/1.3.1/c0bac819b4f88a648011542273373d1e5093e3a7/profileinstaller-1.3.1.aar because:
  Caching not enabled.
Transforming profileinstaller-1.3.1.aar (androidx.profileinstaller:profileinstaller:1.3.1) with AarTransform
Caching disabled for AarTransform: /home/runner/.gradle/caches/8.9/transforms/d252cf611dfeee4f1fd88b3f1f95271f/transformed/profileinstaller-1.3.1 because:
  Caching not enabled.
Transforming media-1.7.0.aar (androidx.media:media:1.7.0) with ExtractAarTransform
Caching disabled for ExtractAarTransform: /home/runner/.gradle/caches/modules-2/files-2.1/androidx.media/media/1.7.0/36fc8f204b2e3aa1b2355d4d0f43ef42cb6d2c82/media-1.7.0.aar because:
  Caching not enabled.
Transforming media-1.7.0.aar (androidx.media:media:1.7.0) with AarTransform
Caching disabled for AarTransform: /home/runner/.gradle/caches/8.9/transforms/47e61816cad352fbb2cb2109c88c93c4/transformed/media-1.7.0 because:
  Caching not enabled.
Caching disabled for task ':app:dataBindingMergeDependencyArtifactsDebug' because:
  Caching has been disabled for the task
Task ':app:dataBindingMergeDependencyArtifactsDebug' is not up-to-date because:
  No history is available.

Resolve mutations for :app:generateDebugResValues (Thread[included builds,5,main]) started.
:app:generateDebugResValues (Thread[included builds,5,main]) started.

> Task :app:generateDebugResValues
Build cache key for task ':app:generateDebugResValues' is 0761ea4d28e488f2a1253a07890ef712
Task ':app:generateDebugResValues' is not up-to-date because:
  No history is available.
Stored cache entry for task ':app:generateDebugResValues' with cache key 0761ea4d28e488f2a1253a07890ef712
Resolve mutations for :app:generateDebugResources (Thread[included builds,5,main]) started.
:app:generateDebugResources (Thread[Execution worker Thread 2,5,main]) started.

> Task :app:generateDebugResources
Build cache key for task ':app:generateDebugResources' is 3d2fc39b2d1393daf42ff19ed7f0a58d
Task ':app:generateDebugResources' is not up-to-date because:
  No history is available.
Stored cache entry for task ':app:generateDebugResources' with cache key 3d2fc39b2d1393daf42ff19ed7f0a58d
Resolve mutations for :app:mergeDebugResources (Thread[Execution worker Thread 2,5,main]) started.
:app:mergeDebugResources (Thread[Execution worker Thread 2,5,main]) started.
Resolve mutations for :app:packageDebugResources (Thread[included builds,5,main]) started.
:app:packageDebugResources (Thread[included builds,5,main]) started.

> Task :app:packageDebugResources
Build cache key for task ':app:packageDebugResources' is 0769550e356b921309980b31377f1962
Task ':app:packageDebugResources' is not up-to-date because:
  No history is available.
The input changes require a full rebuild for incremental task ':app:packageDebugResources'.
[MergeResources] Inputs are non-incremental full task action.
Stored cache entry for task ':app:packageDebugResources' with cache key 0769550e356b921309980b31377f1962
Resolve mutations for :app:parseDebugLocalResources (Thread[included builds,5,main]) started.
:app:parseDebugLocalResources (Thread[included builds,5,main]) started.

> Task :app:mergeDebugResources
Transforming viewbinding-8.5.2.aar (androidx.databinding:viewbinding:8.5.2) with ExtractAarTransform
Transforming viewbinding-8.5.2.aar (androidx.databinding:viewbinding:8.5.2) with AarTransform
Transforming material-1.12.0.aar (com.google.android.material:material:1.12.0) with ExtractAarTransform
Transforming material-1.12.0.aar (com.google.android.material:material:1.12.0) with AarTransform
Transforming constraintlayout-2.1.4.aar (androidx.constraintlayout:constraintlayout:2.1.4) with ExtractAarTransform
Transforming constraintlayout-2.1.4.aar (androidx.constraintlayout:constraintlayout:2.1.4) with AarTransform
Transforming appcompat-resources-1.7.0.aar (androidx.appcompat:appcompat-resources:1.7.0) with ExtractAarTransform
Transforming appcompat-resources-1.7.0.aar (androidx.appcompat:appcompat-resources:1.7.0) with AarTransform
Transforming appcompat-1.7.0.aar (androidx.appcompat:appcompat:1.7.0) with ExtractAarTransform
Transforming appcompat-1.7.0.aar (androidx.appcompat:appcompat:1.7.0) with AarTransform
Transforming viewpager2-1.1.0.aar (androidx.viewpager2:viewpager2:1.1.0) with ExtractAarTransform
Caching disabled for AarTransform: /home/runner/.gradle/caches/8.9/transforms/a90c6ec86b5ddf6edd61baf8e57409c7/transformed/viewbinding-8.5.2 because:
  Caching not enabled.
Transforming viewpager2-1.1.0.aar (androidx.viewpager2:viewpager2:1.1.0) with AarTransform
Transforming media3-exoplayer-1.4.1.aar (androidx.media3:media3-exoplayer:1.4.1) with ExtractAarTransform
Caching disabled for AarTransform: /home/runner/.gradle/caches/8.9/transforms/b4d4520d3a7500151f758a57e313542a/transformed/material-1.12.0 because:
  Caching not enabled.
Transforming media3-exoplayer-1.4.1.aar (androidx.media3:media3-exoplayer:1.4.1) with AarTransform
Transforming media3-session-1.4.1.aar (androidx.media3:media3-session:1.4.1) with ExtractAarTransform
Transforming media3-session-1.4.1.aar (androidx.media3:media3-session:1.4.1) with AarTransform
Transforming media3-datasource-okhttp-1.4.1.aar (androidx.media3:media3-datasource-okhttp:1.4.1) with ExtractAarTransform
Transforming media3-datasource-okhttp-1.4.1.aar (androidx.media3:media3-datasource-okhttp:1.4.1) with AarTransform
Transforming media3-extractor-1.4.1.aar (androidx.media3:media3-extractor:1.4.1) with ExtractAarTransform
Transforming media3-extractor-1.4.1.aar (androidx.media3:media3-extractor:1.4.1) with AarTransform
Transforming media3-container-1.4.1.aar (androidx.media3:media3-container:1.4.1) with ExtractAarTransform
Caching disabled for AarTransform: /home/runner/.gradle/caches/8.9/transforms/7327455338dff4560c262aa7ae95e453/transformed/constraintlayout-2.1.4 because:
  Caching not enabled.
Transforming media3-container-1.4.1.aar (androidx.media3:media3-container:1.4.1) with AarTransform
Transforming media3-datasource-1.4.1.aar (androidx.media3:media3-datasource:1.4.1) with ExtractAarTransform
Transforming media3-datasource-1.4.1.aar (androidx.media3:media3-datasource:1.4.1) with AarTransform
Transforming media3-decoder-1.4.1.aar (androidx.media3:media3-decoder:1.4.1) with ExtractAarTransform
Transforming media3-decoder-1.4.1.aar (androidx.media3:media3-decoder:1.4.1) with AarTransform
Transforming media3-database-1.4.1.aar (androidx.media3:media3-database:1.4.1) with ExtractAarTransform
Transforming media3-database-1.4.1.aar (androidx.media3:media3-database:1.4.1) with AarTransform
Transforming media3-common-1.4.1.aar (androidx.media3:media3-common:1.4.1) with ExtractAarTransform
Transforming media3-common-1.4.1.aar (androidx.media3:media3-common:1.4.1) with AarTransform
Transforming media3-ui-1.4.1.aar (androidx.media3:media3-ui:1.4.1) with ExtractAarTransform
Transforming media3-ui-1.4.1.aar (androidx.media3:media3-ui:1.4.1) with AarTransform
Transforming recyclerview-1.3.2.aar (androidx.recyclerview:recyclerview:1.3.2) with ExtractAarTransform
Transforming recyclerview-1.3.2.aar (androidx.recyclerview:recyclerview:1.3.2) with AarTransform
Transforming glide-4.16.0.aar (com.github.bumptech.glide:glide:4.16.0) with ExtractAarTransform
Transforming glide-4.16.0.aar (com.github.bumptech.glide:glide:4.16.0) with AarTransform
Transforming fragment-1.8.2.aar (androidx.fragment:fragment:1.8.2) with ExtractAarTransform
Transforming fragment-1.8.2.aar (androidx.fragment:fragment:1.8.2) with AarTransform
Transforming swiperefreshlayout-1.1.0.aar (androidx.swiperefreshlayout:swiperefreshlayout:1.1.0) with ExtractAarTransform
Transforming swiperefreshlayout-1.1.0.aar (androidx.swiperefreshlayout:swiperefreshlayout:1.1.0) with AarTransform
Transforming palette-1.0.0.aar (androidx.palette:palette:1.0.0) with ExtractAarTransform
Transforming palette-1.0.0.aar (androidx.palette:palette:1.0.0) with AarTransform
Transforming transition-1.5.0.aar (androidx.transition:transition:1.5.0) with ExtractAarTransform
Transforming transition-1.5.0.aar (androidx.transition:transition:1.5.0) with AarTransform
Transforming dynamicanimation-1.0.0.aar (androidx.dynamicanimation:dynamicanimation:1.0.0) with ExtractAarTransform
Transforming dynamicanimation-1.0.0.aar (androidx.dynamicanimation:dynamicanimation:1.0.0) with AarTransform
Transforming legacy-support-core-utils-1.0.0.aar (androidx.legacy:legacy-support-core-utils:1.0.0) with ExtractAarTransform
Transforming legacy-support-core-utils-1.0.0.aar (androidx.legacy:legacy-support-core-utils:1.0.0) with AarTransform
Transforming legacy-support-core-utils-1.0.0.aar (androidx.legacy:legacy-support-core-utils:1.0.0) with ExtractAarTransform
Transforming legacy-support-core-utils-1.0.0.aar (androidx.legacy:legacy-support-core-utils:1.0.0) with AarTransform
Transforming loader-1.0.0.aar (androidx.loader:loader:1.0.0) with ExtractAarTransform
Transforming loader-1.0.0.aar (androidx.loader:loader:1.0.0) with AarTransform
Transforming loader-1.0.0.aar (androidx.loader:loader:1.0.0) with ExtractAarTransform
Transforming loader-1.0.0.aar (androidx.loader:loader:1.0.0) with AarTransform
Transforming lifecycle-runtime-release.aar (androidx.lifecycle:lifecycle-runtime-android:2.8.4) with ExtractAarTransform
Transforming lifecycle-runtime-release.aar (androidx.lifecycle:lifecycle-runtime-android:2.8.4) with AarTransform
Transforming activity-1.8.1.aar (androidx.activity:activity:1.8.1) with ExtractAarTransform
Transforming activity-1.8.1.aar (androidx.activity:activity:1.8.1) with AarTransform
Transforming emoji2-views-helper-1.3.0.aar (androidx.emoji2:emoji2-views-helper:1.3.0) with ExtractAarTransform
Transforming emoji2-views-helper-1.3.0.aar (androidx.emoji2:emoji2-views-helper:1.3.0) with AarTransform
Transforming emoji2-1.3.0.aar (androidx.emoji2:emoji2:1.3.0) with ExtractAarTransform
Transforming emoji2-1.3.0.aar (androidx.emoji2:emoji2:1.3.0) with AarTransform
Transforming savedstate-1.2.1.aar (androidx.savedstate:savedstate:1.2.1) with ExtractAarTransform
Transforming savedstate-1.2.1.aar (androidx.savedstate:savedstate:1.2.1) with AarTransform
Transforming lifecycle-viewmodel-2.8.4.aar (androidx.lifecycle:lifecycle-viewmodel:2.8.4) with ExtractAarTransform
Transforming lifecycle-viewmodel-2.8.4.aar (androidx.lifecycle:lifecycle-viewmodel:2.8.4) with AarTransform
Transforming lifecycle-viewmodel-release.aar (androidx.lifecycle:lifecycle-viewmodel-android:2.8.4) with ExtractAarTransform
Transforming lifecycle-viewmodel-release.aar (androidx.lifecycle:lifecycle-viewmodel-android:2.8.4) with AarTransform
Transforming lifecycle-process-2.8.4.aar (androidx.lifecycle:lifecycle-process:2.8.4) with ExtractAarTransform
Transforming lifecycle-process-2.8.4.aar (androidx.lifecycle:lifecycle-process:2.8.4) with AarTransform
Transforming lifecycle-livedata-core-ktx-2.8.4.aar (androidx.lifecycle:lifecycle-livedata-core-ktx:2.8.4) with ExtractAarTransform
Transforming lifecycle-livedata-core-ktx-2.8.4.aar (androidx.lifecycle:lifecycle-livedata-core-ktx:2.8.4) with AarTransform
Transforming lifecycle-viewmodel-savedstate-2.8.4.aar (androidx.lifecycle:lifecycle-viewmodel-savedstate:2.8.4) with ExtractAarTransform
Transforming lifecycle-viewmodel-savedstate-2.8.4.aar (androidx.lifecycle:lifecycle-viewmodel-savedstate:2.8.4) with AarTransform
Transforming lifecycle-livedata-core-2.8.4.aar (androidx.lifecycle:lifecycle-livedata-core:2.8.4) with ExtractAarTransform
Transforming lifecycle-livedata-core-2.8.4.aar (androidx.lifecycle:lifecycle-livedata-core:2.8.4) with AarTransform
Transforming lifecycle-livedata-2.8.4.aar (androidx.lifecycle:lifecycle-livedata:2.8.4) with ExtractAarTransform
Transforming lifecycle-livedata-2.8.4.aar (androidx.lifecycle:lifecycle-livedata:2.8.4) with AarTransform
Transforming lifecycle-livedata-2.8.4.aar (androidx.lifecycle:lifecycle-livedata:2.8.4) with ExtractAarTransform
Transforming lifecycle-livedata-2.8.4.aar (androidx.lifecycle:lifecycle-livedata:2.8.4) with AarTransform
Transforming customview-poolingcontainer-1.0.0.aar (androidx.customview:customview-poolingcontainer:1.0.0) with ExtractAarTransform
Transforming customview-poolingcontainer-1.0.0.aar (androidx.customview:customview-poolingcontainer:1.0.0) with AarTransform
Transforming core-ktx-1.13.0.aar (androidx.core:core-ktx:1.13.0) with ExtractAarTransform
Transforming core-ktx-1.13.0.aar (androidx.core:core-ktx:1.13.0) with AarTransform
Transforming drawerlayout-1.1.1.aar (androidx.drawerlayout:drawerlayout:1.1.1) with ExtractAarTransform
Transforming drawerlayout-1.1.1.aar (androidx.drawerlayout:drawerlayout:1.1.1) with AarTransform
Transforming coordinatorlayout-1.1.0.aar (androidx.coordinatorlayout:coordinatorlayout:1.1.0) with ExtractAarTransform
Transforming coordinatorlayout-1.1.0.aar (androidx.coordinatorlayout:coordinatorlayout:1.1.0) with AarTransform
Transforming vectordrawable-animated-1.1.0.aar (androidx.vectordrawable:vectordrawable-animated:1.1.0) with ExtractAarTransform
Transforming vectordrawable-animated-1.1.0.aar (androidx.vectordrawable:vectordrawable-animated:1.1.0) with AarTransform
Transforming vectordrawable-1.1.0.aar (androidx.vectordrawable:vectordrawable:1.1.0) with ExtractAarTransform
Transforming vectordrawable-1.1.0.aar (androidx.vectordrawable:vectordrawable:1.1.0) with AarTransform
Transforming vectordrawable-1.1.0.aar (androidx.vectordrawable:vectordrawable:1.1.0) with ExtractAarTransform
Transforming vectordrawable-1.1.0.aar (androidx.vectordrawable:vectordrawable:1.1.0) with AarTransform
Transforming viewpager-1.0.0.aar (androidx.viewpager:viewpager:1.0.0) with ExtractAarTransform
Transforming viewpager-1.0.0.aar (androidx.viewpager:viewpager:1.0.0) with AarTransform
Transforming media-1.7.0.aar (androidx.media:media:1.7.0) with ExtractAarTransform
Transforming media-1.7.0.aar (androidx.media:media:1.7.0) with AarTransform
Transforming customview-1.1.0.aar (androidx.customview:customview:1.1.0) with ExtractAarTransform
Transforming customview-1.1.0.aar (androidx.customview:customview:1.1.0) with AarTransform
Transforming customview-1.1.0.aar (androidx.customview:customview:1.1.0) with ExtractAarTransform
Transforming customview-1.1.0.aar (androidx.customview:customview:1.1.0) with AarTransform
Transforming customview-1.1.0.aar (androidx.customview:customview:1.1.0) with ExtractAarTransform
Transforming customview-1.1.0.aar (androidx.customview:customview:1.1.0) with AarTransform
Transforming customview-1.1.0.aar (androidx.customview:customview:1.1.0) with ExtractAarTransform
Transforming customview-1.1.0.aar (androidx.customview:customview:1.1.0) with AarTransform
Transforming core-1.13.0.aar (androidx.core:core:1.13.0) with ExtractAarTransform
Transforming core-1.13.0.aar (androidx.core:core:1.13.0) with AarTransform
Transforming core-1.13.0.aar (androidx.core:core:1.13.0) with ExtractAarTransform
Transforming core-1.13.0.aar (androidx.core:core:1.13.0) with AarTransform
Transforming core-1.13.0.aar (androidx.core:core:1.13.0) with ExtractAarTransform
Transforming core-1.13.0.aar (androidx.core:core:1.13.0) with AarTransform
Transforming core-1.13.0.aar (androidx.core:core:1.13.0) with ExtractAarTransform
Transforming core-1.13.0.aar (androidx.core:core:1.13.0) with AarTransform
Transforming core-1.13.0.aar (androidx.core:core:1.13.0) with ExtractAarTransform
Transforming core-1.13.0.aar (androidx.core:core:1.13.0) with AarTransform
Transforming core-1.13.0.aar (androidx.core:core:1.13.0) with ExtractAarTransform
Transforming core-1.13.0.aar (androidx.core:core:1.13.0) with AarTransform
Transforming core-1.13.0.aar (androidx.core:core:1.13.0) with ExtractAarTransform
Transforming core-1.13.0.aar (androidx.core:core:1.13.0) with AarTransform
Transforming core-1.13.0.aar (androidx.core:core:1.13.0) with ExtractAarTransform
Transforming core-1.13.0.aar (androidx.core:core:1.13.0) with AarTransform
Transforming core-1.13.0.aar (androidx.core:core:1.13.0) with ExtractAarTransform
Transforming core-1.13.0.aar (androidx.core:core:1.13.0) with AarTransform
Transforming core-1.13.0.aar (androidx.core:core:1.13.0) with ExtractAarTransform
Transforming core-1.13.0.aar (androidx.core:core:1.13.0) with AarTransform
Transforming core-1.13.0.aar (androidx.core:core:1.13.0) with ExtractAarTransform
Transforming core-1.13.0.aar (androidx.core:core:1.13.0) with AarTransform
Transforming cursoradapter-1.0.0.aar (androidx.cursoradapter:cursoradapter:1.0.0) with ExtractAarTransform
Transforming cursoradapter-1.0.0.aar (androidx.cursoradapter:cursoradapter:1.0.0) with AarTransform
Transforming profileinstaller-1.3.1.aar (androidx.profileinstaller:profileinstaller:1.3.1) with ExtractAarTransform
Transforming profileinstaller-1.3.1.aar (androidx.profileinstaller:profileinstaller:1.3.1) with AarTransform
Transforming cardview-1.0.0.aar (androidx.cardview:cardview:1.0.0) with ExtractAarTransform
Transforming cardview-1.0.0.aar (androidx.cardview:cardview:1.0.0) with AarTransform
Transforming interpolator-1.0.0.aar (androidx.interpolator:interpolator:1.0.0) with ExtractAarTransform
Caching disabled for AarTransform: /home/runner/.gradle/caches/8.9/transforms/74fc1268ff3f5642626e93f5ffaab0ee/transformed/appcompat-resources-1.7.0 because:
  Caching not enabled.
Transforming interpolator-1.0.0.aar (androidx.interpolator:interpolator:1.0.0) with AarTransform
Transforming interpolator-1.0.0.aar (androidx.interpolator:interpolator:1.0.0) with ExtractAarTransform
Transforming interpolator-1.0.0.aar (androidx.interpolator:interpolator:1.0.0) with AarTransform
Transforming interpolator-1.0.0.aar (androidx.interpolator:interpolator:1.0.0) with ExtractAarTransform
Transforming interpolator-1.0.0.aar (androidx.interpolator:interpolator:1.0.0) with AarTransform
Transforming versionedparcelable-1.1.1.aar (androidx.versionedparcelable:versionedparcelable:1.1.1) with ExtractAarTransform
Transforming versionedparcelable-1.1.1.aar (androidx.versionedparcelable:versionedparcelable:1.1.1) with AarTransform
Transforming exifinterface-1.3.6.aar (androidx.exifinterface:exifinterface:1.3.6) with ExtractAarTransform
Transforming exifinterface-1.3.6.aar (androidx.exifinterface:exifinterface:1.3.6) with AarTransform
Transforming gifdecoder-4.16.0.aar (com.github.bumptech.glide:gifdecoder:4.16.0) with ExtractAarTransform
Transforming gifdecoder-4.16.0.aar (com.github.bumptech.glide:gifdecoder:4.16.0) with AarTransform
Transforming startup-runtime-1.1.1.aar (androidx.startup:startup-runtime:1.1.1) with ExtractAarTransform
Transforming startup-runtime-1.1.1.aar (androidx.startup:startup-runtime:1.1.1) with AarTransform
Transforming tracing-1.0.0.aar (androidx.tracing:tracing:1.0.0) with ExtractAarTransform
Transforming tracing-1.0.0.aar (androidx.tracing:tracing:1.0.0) with AarTransform
Transforming core-runtime-2.2.0.aar (androidx.arch.core:core-runtime:2.2.0) with ExtractAarTransform
Transforming core-runtime-2.2.0.aar (androidx.arch.core:core-runtime:2.2.0) with AarTransform
Transforming documentfile-1.0.0.aar (androidx.documentfile:documentfile:1.0.0) with ExtractAarTransform
Transforming documentfile-1.0.0.aar (androidx.documentfile:documentfile:1.0.0) with AarTransform
Transforming localbroadcastmanager-1.0.0.aar (androidx.localbroadcastmanager:localbroadcastmanager:1.0.0) with ExtractAarTransform
Transforming localbroadcastmanager-1.0.0.aar (androidx.localbroadcastmanager:localbroadcastmanager:1.0.0) with AarTransform
Transforming print-1.0.0.aar (androidx.print:print:1.0.0) with ExtractAarTransform
Transforming print-1.0.0.aar (androidx.print:print:1.0.0) with AarTransform
Transforming annotation-experimental-1.4.0.aar (androidx.annotation:annotation-experimental:1.4.0) with ExtractAarTransform
Transforming annotation-experimental-1.4.0.aar (androidx.annotation:annotation-experimental:1.4.0) with AarTransform
Caching disabled for AarTransform: /home/runner/.gradle/caches/8.9/transforms/1dde5f983d8d8b69105a239187db4900/transformed/appcompat-1.7.0 because:
  Caching not enabled.
Caching disabled for AarTransform: /home/runner/.gradle/caches/8.9/transforms/0f2a90c70adc0c4633cded043e77d653/transformed/viewpager2-1.1.0 because:
  Caching not enabled.
Caching disabled for AarTransform: /home/runner/.gradle/caches/8.9/transforms/8e206d037e096a8246bf741b4599d3e3/transformed/media3-exoplayer-1.4.1 because:
  Caching not enabled.
Caching disabled for AarTransform: /home/runner/.gradle/caches/8.9/transforms/8f1c6be824d54d9036149e18b8487cd7/transformed/media3-datasource-okhttp-1.4.1 because:
  Caching not enabled.
Caching disabled for AarTransform: /home/runner/.gradle/caches/8.9/transforms/068d1c140dad434ad7566a26bcb09136/transformed/media3-extractor-1.4.1 because:
  Caching not enabled.
Caching disabled for AarTransform: /home/runner/.gradle/caches/8.9/transforms/787953bedcf891eaa3abe20dc151e7f8/transformed/media3-session-1.4.1 because:
  Caching not enabled.
Caching disabled for AarTransform: /home/runner/.gradle/caches/8.9/transforms/f13a0c08f7cfa0a877589804af7c06e5/transformed/media3-container-1.4.1 because:
  Caching not enabled.
Caching disabled for AarTransform: /home/runner/.gradle/caches/8.9/transforms/86c00aab55672907703facd03d39bf3c/transformed/media3-datasource-1.4.1 because:
  Caching not enabled.
Caching disabled for AarTransform: /home/runner/.gradle/caches/8.9/transforms/25fb82ba0edec0f432fb835442dc7924/transformed/media3-decoder-1.4.1 because:
  Caching not enabled.
Caching disabled for AarTransform: /home/runner/.gradle/caches/8.9/transforms/71a3d4d7867ccf930919e7fe5351d607/transformed/media3-common-1.4.1 because:
  Caching not enabled.
Caching disabled for AarTransform: /home/runner/.gradle/caches/8.9/transforms/62454a3cca38d4b1256266a06e5b4e28/transformed/recyclerview-1.3.2 because:
  Caching not enabled.
Caching disabled for AarTransform: /home/runner/.gradle/caches/8.9/transforms/47abc1295bc060486f1919c859794082/transformed/media3-database-1.4.1 because:
  Caching not enabled.
Caching disabled for AarTransform: /home/runner/.gradle/caches/8.9/transforms/b9c68220fce63fb5e94ecc1589f37798/transformed/media3-ui-1.4.1 because:
  Caching not enabled.
Caching disabled for AarTransform: /home/runner/.gradle/caches/8.9/transforms/38a168702c942661d7f4f8fd4756d72e/transformed/fragment-1.8.2 because:
  Caching not enabled.
Caching disabled for AarTransform: /home/runner/.gradle/caches/8.9/transforms/0b21b549e485c41d8939f4345317a927/transformed/swiperefreshlayout-1.1.0 because:
  Caching not enabled.
Caching disabled for AarTransform: /home/runner/.gradle/caches/8.9/transforms/eba4b3f404cb9221119411cdcd7f8625/transformed/glide-4.16.0 because:
  Caching not enabled.
Caching disabled for AarTransform: /home/runner/.gradle/caches/8.9/transforms/10b18663614225c920b6298f756da05b/transformed/palette-1.0.0 because:
  Caching not enabled.
Caching disabled for AarTransform: /home/runner/.gradle/caches/8.9/transforms/9d1c947f318e9e7fc379378e64cb04ee/transformed/transition-1.5.0 because:
  Caching not enabled.
Caching disabled for AarTransform: /home/runner/.gradle/caches/8.9/transforms/f4be888dc301859ee5f0f579bb6b38e7/transformed/dynamicanimation-1.0.0 because:
  Caching not enabled.
Caching disabled for AarTransform: /home/runner/.gradle/caches/8.9/transforms/77afff4facff46d9e0ffea40c9ced703/transformed/legacy-support-core-utils-1.0.0 because:
  Caching not enabled.
Caching disabled for AarTransform: /home/runner/.gradle/caches/8.9/transforms/67ea28c3055e9d64bcc9ee19a46f8200/transformed/loader-1.0.0 because:
  Caching not enabled.
Caching disabled for AarTransform: /home/runner/.gradle/caches/8.9/transforms/f2c0c8c587af567fe0b24f144dc84797/transformed/lifecycle-runtime-release because:
  Caching not enabled.
Caching disabled for AarTransform: /home/runner/.gradle/caches/8.9/transforms/9ac45b03335b27bdae47388c3ef681b3/transformed/activity-1.8.1 because:
  Caching not enabled.
Caching disabled for AarTransform: /home/runner/.gradle/caches/8.9/transforms/d082fb77384557313e4b1a3ce8e0a50e/transformed/emoji2-views-helper-1.3.0 because:
  Caching not enabled.
Caching disabled for AarTransform: /home/runner/.gradle/caches/8.9/transforms/27fbc6f33c0ec7c17234cf593774cb95/transformed/emoji2-1.3.0 because:
  Caching not enabled.
Caching disabled for AarTransform: /home/runner/.gradle/caches/8.9/transforms/58242d362fcb8c56fa7ec6def399333d/transformed/savedstate-1.2.1 because:
  Caching not enabled.
Caching disabled for AarTransform: /home/runner/.gradle/caches/8.9/transforms/4536204e998e995808ae26cae95d9f11/transformed/lifecycle-viewmodel-release because:
  Caching not enabled.
Caching disabled for AarTransform: /home/runner/.gradle/caches/8.9/transforms/5773aed0a93405f51ae7deaa3b4737d0/transformed/lifecycle-viewmodel-2.8.4 because:
  Caching not enabled.
Caching disabled for AarTransform: /home/runner/.gradle/caches/8.9/transforms/cf94723d294267e6a8224b89f6f05948/transformed/lifecycle-process-2.8.4 because:
  Caching not enabled.
Caching disabled for AarTransform: /home/runner/.gradle/caches/8.9/transforms/c88b66ac669ebd352465d3b4158ebfa2/transformed/lifecycle-livedata-core-ktx-2.8.4 because:
  Caching not enabled.
Caching disabled for AarTransform: /home/runner/.gradle/caches/8.9/transforms/a94955b321dcfee0badac9caa8c8b552/transformed/lifecycle-livedata-2.8.4 because:
  Caching not enabled.
Caching disabled for AarTransform: /home/runner/.gradle/caches/8.9/transforms/304301d79c98426692113d043e9a1632/transformed/lifecycle-viewmodel-savedstate-2.8.4 because:
  Caching not enabled.
Caching disabled for AarTransform: /home/runner/.gradle/caches/8.9/transforms/f6d9851cfc4344c98341530c09a2d146/transformed/lifecycle-livedata-core-2.8.4 because:
  Caching not enabled.
Caching disabled for AarTransform: /home/runner/.gradle/caches/8.9/transforms/70a4404f78ff4408ba72cdeb9a417244/transformed/customview-poolingcontainer-1.0.0 because:
  Caching not enabled.
Caching disabled for AarTransform: /home/runner/.gradle/caches/8.9/transforms/f3c10adefffb4712327042b936c625b1/transformed/core-ktx-1.13.0 because:
  Caching not enabled.
Caching disabled for AarTransform: /home/runner/.gradle/caches/8.9/transforms/43625918a943aabeb509bfc3c0312b33/transformed/drawerlayout-1.1.1 because:
  Caching not enabled.
Caching disabled for AarTransform: /home/runner/.gradle/caches/8.9/transforms/70ee23c0e0e0c37dfe41d6c34d471261/transformed/coordinatorlayout-1.1.0 because:
  Caching not enabled.
Caching disabled for AarTransform: /home/runner/.gradle/caches/8.9/transforms/d4073ce150f09b8411f5a4751160ea57/transformed/vectordrawable-animated-1.1.0 because:
  Caching not enabled.
Caching disabled for AarTransform: /home/runner/.gradle/caches/8.9/transforms/b8f7ed74e747393379cf17addd3ed887/transformed/vectordrawable-1.1.0 because:
  Caching not enabled.
Caching disabled for AarTransform: /home/runner/.gradle/caches/8.9/transforms/99a4e4e56fab2ebb59654ca188732776/transformed/viewpager-1.0.0 because:
  Caching not enabled.
Caching disabled for AarTransform: /home/runner/.gradle/caches/8.9/transforms/47e61816cad352fbb2cb2109c88c93c4/transformed/media-1.7.0 because:
  Caching not enabled.
Caching disabled for AarTransform: /home/runner/.gradle/caches/8.9/transforms/ccb7155b84759ab93dd66aa5571c786b/transformed/customview-1.1.0 because:
  Caching not enabled.
Caching disabled for AarTransform: /home/runner/.gradle/caches/8.9/transforms/c71f5b93f765c81b68c6363ac2a86f13/transformed/core-1.13.0 because:
  Caching not enabled.
Caching disabled for AarTransform: /home/runner/.gradle/caches/8.9/transforms/d252cf611dfeee4f1fd88b3f1f95271f/transformed/profileinstaller-1.3.1 because:
  Caching not enabled.
Caching disabled for AarTransform: /home/runner/.gradle/caches/8.9/transforms/e57c5ec95d97095f7ddd08f083c26acd/transformed/cardview-1.0.0 because:
  Caching not enabled.
Caching disabled for AarTransform: /home/runner/.gradle/caches/8.9/transforms/4e8e304324599b458d61b8fae777970c/transformed/interpolator-1.0.0 because:
  Caching not enabled.
Caching disabled for AarTransform: /home/runner/.gradle/caches/8.9/transforms/125eb447ec418e197792928f7ac156f5/transformed/cursoradapter-1.0.0 because:
  Caching not enabled.
Caching disabled for AarTransform: /home/runner/.gradle/caches/8.9/transforms/d76f7faec08758676fd25dae129ae9e7/transformed/versionedparcelable-1.1.1 because:
  Caching not enabled.
Caching disabled for AarTransform: /home/runner/.gradle/caches/8.9/transforms/b681ba03f7bc5356d20eb93dbc4f69bc/transformed/gifdecoder-4.16.0 because:
  Caching not enabled.
Caching disabled for AarTransform: /home/runner/.gradle/caches/8.9/transforms/5ac024980d164243ba39af4fe37c887f/transformed/exifinterface-1.3.6 because:
  Caching not enabled.
Caching disabled for AarTransform: /home/runner/.gradle/caches/8.9/transforms/fb24fd81fb948482846358d35ccc42a2/transformed/startup-runtime-1.1.1 because:
  Caching not enabled.
Caching disabled for AarTransform: /home/runner/.gradle/caches/8.9/transforms/c6f03c1e6772935c5ccd227794005cc7/transformed/core-runtime-2.2.0 because:
  Caching not enabled.
Caching disabled for AarTransform: /home/runner/.gradle/caches/8.9/transforms/c713cbc1f0158f5129ff92fe7dbf94b9/transformed/tracing-1.0.0 because:
  Caching not enabled.
Caching disabled for AarTransform: /home/runner/.gradle/caches/8.9/transforms/9a0b92f9f6b3c890fc34cb4403a07da6/transformed/documentfile-1.0.0 because:
  Caching not enabled.
Caching disabled for AarTransform: /home/runner/.gradle/caches/8.9/transforms/17976e65923912d1f5a695e89a707860/transformed/print-1.0.0 because:
  Caching not enabled.
Caching disabled for AarTransform: /home/runner/.gradle/caches/8.9/transforms/955be4a975cbcd5ce3b32db831311006/transformed/localbroadcastmanager-1.0.0 because:
  Caching not enabled.
Caching disabled for AarTransform: /home/runner/.gradle/caches/8.9/transforms/5d63084fa3f6b3d2d1c088d876e5b51c/transformed/annotation-experimental-1.4.0 because:
  Caching not enabled.
Build cache key for task ':app:mergeDebugResources' is 58ba770bfa4478e7c61a82cfaaccd0f3
Task ':app:mergeDebugResources' is not up-to-date because:
  No history is available.
The input changes require a full rebuild for incremental task ':app:mergeDebugResources'.
[MergeResources] Inputs are non-incremental full task action.
Compiling XML table /home/runner/work/Kzmwpwnsmms/Kzmwpwnsmms/android/app/build/intermediates/incremental/debug/mergeDebugResources/merged.dir/values-pt/values-pt.xml to /home/runner/work/Kzmwpwnsmms/Kzmwpwnsmms/android/app/build/intermediates/merged_res/debug/mergeDebugResources/values-pt_values-pt.arsc.flat
Compiling XML table /home/runner/work/Kzmwpwnsmms/Kzmwpwnsmms/android/app/build/intermediates/incremental/debug/mergeDebugResources/merged.dir/values-hi/values-hi.xml to /home/runner/work/Kzmwpwnsmms/Kzmwpwnsmms/android/app/build/intermediates/merged_res/debug/mergeDebugResources/values-hi_values-hi.arsc.flat
Compiling XML table /home/runner/work/Kzmwpwnsmms/Kzmwpwnsmms/android/app/build/intermediates/incremental/debug/mergeDebugResources/merged.dir/values/values.xml to /home/runner/work/Kzmwpwnsmms/Kzmwpwnsmms/android/app/build/intermediates/merged_res/debug/mergeDebugResources/values_values.arsc.flat
Compiling XML table /home/runner/work/Kzmwpwnsmms/Kzmwpwnsmms/android/app/build/intermediates/incremental/debug/mergeDebugResources/merged.dir/values-hu/values-hu.xml to /home/runner/work/Kzmwpwnsmms/Kzmwpwnsmms/android/app/build/intermediates/merged_res/debug/mergeDebugResources/values-hu_values-hu.arsc.flat
Compiling XML table /home/runner/work/Kzmwpwnsmms/Kzmwpwnsmms/android/app/build/intermediates/incremental/debug/mergeDebugResources/merged.dir/values-hr/values-hr.xml to /home/runner/work/Kzmwpwnsmms/Kzmwpwnsmms/android/app/build/intermediates/merged_res/debug/mergeDebugResources/values-hr_values-hr.arsc.flat
Compiling XML table /home/runner/work/Kzmwpwnsmms/Kzmwpwnsmms/android/app/build/intermediates/incremental/debug/mergeDebugResources/merged.dir/values-v18/values-v18.xml to /home/runner/work/Kzmwpwnsmms/Kzmwpwnsmms/android/app/build/intermediates/merged_res/debug/mergeDebugResources/values-v18_values-v18.arsc.flat
Compiling XML table /home/runner/work/Kzmwpwnsmms/Kzmwpwnsmms/android/app/build/intermediates/incremental/debug/mergeDebugResources/merged.dir/values-af/values-af.xml to /home/runner/work/Kzmwpwnsmms/Kzmwpwnsmms/android/app/build/intermediates/merged_res/debug/mergeDebugResources/values-af_values-af.arsc.flat
Compiling XML table /home/runner/work/Kzmwpwnsmms/Kzmwpwnsmms/android/app/build/intermediates/incremental/debug/mergeDebugResources/merged.dir/values-v16/values-v16.xml to /home/runner/work/Kzmwpwnsmms/Kzmwpwnsmms/android/app/build/intermediates/merged_res/debug/mergeDebugResources/values-v16_values-v16.arsc.flat
Compiling XML table /home/runner/work/Kzmwpwnsmms/Kzmwpwnsmms/android/app/build/intermediates/incremental/debug/mergeDebugResources/merged.dir/values-w360dp-port-v13/values-w360dp-port-v13.xml to /home/runner/work/Kzmwpwnsmms/Kzmwpwnsmms/android/app/build/intermediates/merged_res/debug/mergeDebugResources/values-w360dp-port-v13_values-w360dp-port-v13.arsc.flat
Compiling XML table /home/runner/work/Kzmwpwnsmms/Kzmwpwnsmms/android/app/build/intermediates/incremental/debug/mergeDebugResources/merged.dir/values-zh-rHK/values-zh-rHK.xml to /home/runner/work/Kzmwpwnsmms/Kzmwpwnsmms/android/app/build/intermediates/merged_res/debug/mergeDebugResources/values-zh-rHK_values-zh-rHK.arsc.flat
Compiling XML table /home/runner/work/Kzmwpwnsmms/Kzmwpwnsmms/android/app/build/intermediates/incremental/debug/mergeDebugResources/merged.dir/values-is/values-is.xml to /home/runner/work/Kzmwpwnsmms/Kzmwpwnsmms/android/app/build/intermediates/merged_res/debug/mergeDebugResources/values-is_values-is.arsc.flat
Compiling XML table /home/runner/work/Kzmwpwnsmms/Kzmwpwnsmms/android/app/build/intermediates/incremental/debug/mergeDebugResources/merged.dir/values-b+sr+Latn/values-b+sr+Latn.xml to /home/runner/work/Kzmwpwnsmms/Kzmwpwnsmms/android/app/build/intermediates/merged_res/debug/mergeDebugResources/values-b+sr+Latn_values-b+sr+Latn.arsc.flat
Compiling XML table /home/runner/work/Kzmwpwnsmms/Kzmwpwnsmms/android/app/build/intermediates/incremental/debug/mergeDebugResources/merged.dir/values-iw/values-iw.xml to /home/runner/work/Kzmwpwnsmms/Kzmwpwnsmms/android/app/build/intermediates/merged_res/debug/mergeDebugResources/values-iw_values-iw.arsc.flat
Compiling XML table /home/runner/work/Kzmwpwnsmms/Kzmwpwnsmms/android/app/build/intermediates/incremental/debug/mergeDebugResources/merged.dir/values-v21/values-v21.xml to /home/runner/work/Kzmwpwnsmms/Kzmwpwnsmms/android/app/build/intermediates/merged_res/debug/mergeDebugResources/values-v21_values-v21.arsc.flat
Compiling XML table /home/runner/work/Kzmwpwnsmms/Kzmwpwnsmms/android/app/build/intermediates/incremental/debug/mergeDebugResources/merged.dir/values-es-rUS/values-es-rUS.xml to /home/runner/work/Kzmwpwnsmms/Kzmwpwnsmms/android/app/build/intermediates/merged_res/debug/mergeDebugResources/values-es-rUS_values-es-rUS.arsc.flat
Compiling XML table /home/runner/work/Kzmwpwnsmms/Kzmwpwnsmms/android/app/build/intermediates/incremental/debug/mergeDebugResources/merged.dir/values-v25/values-v25.xml to /home/runner/work/Kzmwpwnsmms/Kzmwpwnsmms/android/app/build/intermediates/merged_res/debug/mergeDebugResources/values-v25_values-v25.arsc.flat
Compiling XML table /home/runner/work/Kzmwpwnsmms/Kzmwpwnsmms/android/app/build/intermediates/incremental/debug/mergeDebugResources/merged.dir/values-pt-rPT/values-pt-rPT.xml to /home/runner/work/Kzmwpwnsmms/Kzmwpwnsmms/android/app/build/intermediates/merged_res/debug/mergeDebugResources/values-pt-rPT_values-pt-rPT.arsc.flat
Compiling XML table /home/runner/work/Kzmwpwnsmms/Kzmwpwnsmms/android/app/build/intermediates/incremental/debug/mergeDebugResources/merged.dir/values-ro/values-ro.xml to /home/runner/work/Kzmwpwnsmms/Kzmwpwnsmms/android/app/build/intermediates/merged_res/debug/mergeDebugResources/values-ro_values-ro.arsc.flat
Compiling XML table /home/runner/work/Kzmwpwnsmms/Kzmwpwnsmms/android/app/build/intermediates/incremental/debug/mergeDebugResources/merged.dir/values-be/values-be.xml to /home/runner/work/Kzmwpwnsmms/Kzmwpwnsmms/android/app/build/intermediates/merged_res/debug/mergeDebugResources/values-be_values-be.arsc.flat
Compiling XML table /home/runner/work/Kzmwpwnsmms/Kzmwpwnsmms/android/app/build/intermediates/incremental/debug/mergeDebugResources/merged.dir/values-en-rCA/values-en-rCA.xml to /home/runner/work/Kzmwpwnsmms/Kzmwpwnsmms/android/app/build/intermediates/merged_res/debug/mergeDebugResources/values-en-rCA_values-en-rCA.arsc.flat
Compiling XML table /home/runner/work/Kzmwpwnsmms/Kzmwpwnsmms/android/app/build/intermediates/incremental/debug/mergeDebugResources/merged.dir/values-v34/values-v34.xml to /home/runner/work/Kzmwpwnsmms/Kzmwpwnsmms/android/app/build/intermediates/merged_res/debug/mergeDebugResources/values-v34_values-v34.arsc.flat
Compiling XML table /home/runner/work/Kzmwpwnsmms/Kzmwpwnsmms/android/app/build/intermediates/incremental/debug/mergeDebugResources/merged.dir/values-sq/values-sq.xml to /home/runner/work/Kzmwpwnsmms/Kzmwpwnsmms/android/app/build/intermediates/merged_res/debug/mergeDebugResources/values-sq_values-sq.arsc.flat
Compiling XML table /home/runner/work/Kzmwpwnsmms/Kzmwpwnsmms/android/app/build/intermediates/incremental/debug/mergeDebugResources/merged.dir/values-v22/values-v22.xml to /home/runner/work/Kzmwpwnsmms/Kzmwpwnsmms/android/app/build/intermediates/merged_res/debug/mergeDebugResources/values-v22_values-v22.arsc.flat
Compiling XML table /home/runner/work/Kzmwpwnsmms/Kzmwpwnsmms/android/app/build/intermediates/incremental/debug/mergeDebugResources/merged.dir/values-kn/values-kn.xml to /home/runner/work/Kzmwpwnsmms/Kzmwpwnsmms/android/app/build/intermediates/merged_res/debug/mergeDebugResources/values-kn_values-kn.arsc.flat
Compiling XML table /home/runner/work/Kzmwpwnsmms/Kzmwpwnsmms/android/app/build/intermediates/incremental/debug/mergeDebugResources/merged.dir/values-h360dp-land-v13/values-h360dp-land-v13.xml to /home/runner/work/Kzmwpwnsmms/Kzmwpwnsmms/android/app/build/intermediates/merged_res/debug/mergeDebugResources/values-h360dp-land-v13_values-h360dp-land-v13.arsc.flat
Compiling XML table /home/runner/work/Kzmwpwnsmms/Kzmwpwnsmms/android/app/build/intermediates/incremental/debug/mergeDebugResources/merged.dir/values-h480dp-land-v13/values-h480dp-land-v13.xml to /home/runner/work/Kzmwpwnsmms/Kzmwpwnsmms/android/app/build/intermediates/merged_res/debug/mergeDebugResources/values-h480dp-land-v13_values-h480dp-land-v13.arsc.flat
Compiling XML table /home/runner/work/Kzmwpwnsmms/Kzmwpwnsmms/android/app/build/intermediates/incremental/debug/mergeDebugResources/merged.dir/values-ru/values-ru.xml to /home/runner/work/Kzmwpwnsmms/Kzmwpwnsmms/android/app/build/intermediates/merged_res/debug/mergeDebugResources/values-ru_values-ru.arsc.flat
Compiling XML table /home/runner/work/Kzmwpwnsmms/Kzmwpwnsmms/android/app/build/intermediates/incremental/debug/mergeDebugResources/merged.dir/values-ta/values-ta.xml to /home/runner/work/Kzmwpwnsmms/Kzmwpwnsmms/android/app/build/intermediates/merged_res/debug/mergeDebugResources/values-ta_values-ta.arsc.flat
Compiling XML table /home/runner/work/Kzmwpwnsmms/Kzmwpwnsmms/android/app/build/intermediates/incremental/debug/mergeDebugResources/merged.dir/values-h720dp-v13/values-h720dp-v13.xml to /home/runner/work/Kzmwpwnsmms/Kzmwpwnsmms/android/app/build/intermediates/merged_res/debug/mergeDebugResources/values-h720dp-v13_values-h720dp-v13.arsc.flat
Compiling XML table /home/runner/work/Kzmwpwnsmms/Kzmwpwnsmms/android/app/build/intermediates/incremental/debug/mergeDebugResources/merged.dir/values-xlarge-v4/values-xlarge-v4.xml to /home/runner/work/Kzmwpwnsmms/Kzmwpwnsmms/android/app/build/intermediates/merged_res/debug/mergeDebugResources/values-xlarge-v4_values-xlarge-v4.arsc.flat
Compiling XML table /home/runner/work/Kzmwpwnsmms/Kzmwpwnsmms/android/app/build/intermediates/incremental/debug/mergeDebugResources/merged.dir/values-de/values-de.xml to /home/runner/work/Kzmwpwnsmms/Kzmwpwnsmms/android/app/build/intermediates/merged_res/debug/mergeDebugResources/values-de_values-de.arsc.flat
Compiling XML table /home/runner/work/Kzmwpwnsmms/Kzmwpwnsmms/android/app/build/intermediates/incremental/debug/mergeDebugResources/merged.dir/values-bs/values-bs.xml to /home/runner/work/Kzmwpwnsmms/Kzmwpwnsmms/android/app/build/intermediates/merged_res/debug/mergeDebugResources/values-bs_values-bs.arsc.flat
Compiling XML table /home/runner/work/Kzmwpwnsmms/Kzmwpwnsmms/android/app/build/intermediates/incremental/debug/mergeDebugResources/merged.dir/values-en-rIN/values-en-rIN.xml to /home/runner/work/Kzmwpwnsmms/Kzmwpwnsmms/android/app/build/intermediates/merged_res/debug/mergeDebugResources/values-en-rIN_values-en-rIN.arsc.flat
Compiling XML table /home/runner/work/Kzmwpwnsmms/Kzmwpwnsmms/android/app/build/intermediates/incremental/debug/mergeDebugResources/merged.dir/values-ka/values-ka.xml to /home/runner/work/Kzmwpwnsmms/Kzmwpwnsmms/android/app/build/intermediates/merged_res/debug/mergeDebugResources/values-ka_values-ka.arsc.flat
Compiling XML table /home/runner/work/Kzmwpwnsmms/Kzmwpwnsmms/android/app/build/intermediates/incremental/debug/mergeDebugResources/merged.dir/values-ur/values-ur.xml to /home/runner/work/Kzmwpwnsmms/Kzmwpwnsmms/android/app/build/intermediates/merged_res/debug/mergeDebugResources/values-ur_values-ur.arsc.flat
Compiling XML table /home/runner/work/Kzmwpwnsmms/Kzmwpwnsmms/android/app/build/intermediates/incremental/debug/mergeDebugResources/merged.dir/values-fr-rCA/values-fr-rCA.xml to /home/runner/work/Kzmwpwnsmms/Kzmwpwnsmms/android/app/build/intermediates/merged_res/debug/mergeDebugResources/values-fr-rCA_values-fr-rCA.arsc.flat
Compiling XML table /home/runner/work/Kzmwpwnsmms/Kzmwpwnsmms/android/app/build/intermediates/incremental/debug/mergeDebugResources/merged.dir/values-el/values-el.xml to /home/runner/work/Kzmwpwnsmms/Kzmwpwnsmms/android/app/build/intermediates/merged_res/debug/mergeDebugResources/values-el_values-el.arsc.flat
Compiling XML table /home/runner/work/Kzmwpwnsmms/Kzmwpwnsmms/android/app/build/intermediates/incremental/debug/mergeDebugResources/merged.dir/values-ca/values-ca.xml to /home/runner/work/Kzmwpwnsmms/Kzmwpwnsmms/android/app/build/intermediates/merged_res/debug/mergeDebugResources/values-ca_values-ca.arsc.flat
Compiling XML table /home/runner/work/Kzmwpwnsmms/Kzmwpwnsmms/android/app/build/intermediates/incremental/debug/mergeDebugResources/merged.dir/values-et/values-et.xml to /home/runner/work/Kzmwpwnsmms/Kzmwpwnsmms/android/app/build/intermediates/merged_res/debug/mergeDebugResources/values-et_values-et.arsc.flat
Compiling XML table /home/runner/work/Kzmwpwnsmms/Kzmwpwnsmms/android/app/build/intermediates/incremental/debug/mergeDebugResources/merged.dir/values-nb/values-nb.xml to /home/runner/work/Kzmwpwnsmms/Kzmwpwnsmms/android/app/build/intermediates/merged_res/debug/mergeDebugResources/values-nb_values-nb.arsc.flat
Compiling XML table /home/runner/work/Kzmwpwnsmms/Kzmwpwnsmms/android/app/build/intermediates/incremental/debug/mergeDebugResources/merged.dir/values-km/values-km.xml to /home/runner/work/Kzmwpwnsmms/Kzmwpwnsmms/android/app/build/intermediates/merged_res/debug/mergeDebugResources/values-km_values-km.arsc.flat
Compiling XML table /home/runner/work/Kzmwpwnsmms/Kzmwpwnsmms/android/app/build/intermediates/incremental/debug/mergeDebugResources/merged.dir/values-ne/values-ne.xml to /home/runner/work/Kzmwpwnsmms/Kzmwpwnsmms/android/app/build/intermediates/merged_res/debug/mergeDebugResources/values-ne_values-ne.arsc.flat
Compiling XML table /home/runner/work/Kzmwpwnsmms/Kzmwpwnsmms/android/app/build/intermediates/incremental/debug/mergeDebugResources/merged.dir/values-fi/values-fi.xml to /home/runner/work/Kzmwpwnsmms/Kzmwpwnsmms/android/app/build/intermediates/merged_res/debug/mergeDebugResources/values-fi_values-fi.arsc.flat
Compiling XML table /home/runner/work/Kzmwpwnsmms/Kzmwpwnsmms/android/app/build/intermediates/incremental/debug/mergeDebugResources/merged.dir/values-ko/values-ko.xml to /home/runner/work/Kzmwpwnsmms/Kzmwpwnsmms/android/app/build/intermediates/merged_res/debug/mergeDebugResources/values-ko_values-ko.arsc.flat
Compiling XML table /home/runner/work/Kzmwpwnsmms/Kzmwpwnsmms/android/app/build/intermediates/incremental/debug/mergeDebugResources/merged.dir/values-hdpi-v4/values-hdpi-v4.xml to /home/runner/work/Kzmwpwnsmms/Kzmwpwnsmms/android/app/build/intermediates/merged_res/debug/mergeDebugResources/values-hdpi-v4_values-hdpi-v4.arsc.flat
Compiling XML table /home/runner/work/Kzmwpwnsmms/Kzmwpwnsmms/android/app/build/intermediates/incremental/debug/mergeDebugResources/merged.dir/values-or/values-or.xml to /home/runner/work/Kzmwpwnsmms/Kzmwpwnsmms/android/app/build/intermediates/merged_res/debug/mergeDebugResources/values-or_values-or.arsc.flat
Compiling XML table /home/runner/work/Kzmwpwnsmms/Kzmwpwnsmms/android/app/build/intermediates/incremental/debug/mergeDebugResources/merged.dir/values-pa/values-pa.xml to /home/runner/work/Kzmwpwnsmms/Kzmwpwnsmms/android/app/build/intermediates/merged_res/debug/mergeDebugResources/values-pa_values-pa.arsc.flat
Compiling XML table /home/runner/work/Kzmwpwnsmms/Kzmwpwnsmms/android/app/build/intermediates/incremental/debug/mergeDebugResources/merged.dir/values-cs/values-cs.xml to /home/runner/work/Kzmwpwnsmms/Kzmwpwnsmms/android/app/build/intermediates/merged_res/debug/mergeDebugResources/values-cs_values-cs.arsc.flat
Compiling xml file /home/runner/work/Kzmwpwnsmms/Kzmwpwnsmms/android/app/src/main/res/xml/network_security_config.xml to /home/runner/work/Kzmwpwnsmms/Kzmwpwnsmms/android/app/build/intermediates/merged_res/debug/mergeDebugResources/xml_network_security_config.xml.flat
Compiling XML table /home/runner/work/Kzmwpwnsmms/Kzmwpwnsmms/android/app/build/intermediates/incremental/debug/mergeDebugResources/merged.dir/values-tl/values-tl.xml to /home/runner/work/Kzmwpwnsmms/Kzmwpwnsmms/android/app/build/intermediates/merged_res/debug/mergeDebugResources/values-tl_values-tl.arsc.flat
Compiling XML table /home/runner/work/Kzmwpwnsmms/Kzmwpwnsmms/android/app/build/intermediates/incremental/debug/mergeDebugResources/merged.dir/values-en-rAU/values-en-rAU.xml to /home/runner/work/Kzmwpwnsmms/Kzmwpwnsmms/android/app/build/intermediates/merged_res/debug/mergeDebugResources/values-en-rAU_values-en-rAU.arsc.flat
Compiling XML table /home/runner/work/Kzmwpwnsmms/Kzmwpwnsmms/android/app/build/intermediates/incremental/debug/mergeDebugResources/merged.dir/values-lv/values-lv.xml to /home/runner/work/Kzmwpwnsmms/Kzmwpwnsmms/android/app/build/intermediates/merged_res/debug/mergeDebugResources/values-lv_values-lv.arsc.flat
Compiling XML table /home/runner/work/Kzmwpwnsmms/Kzmwpwnsmms/android/app/build/intermediates/incremental/debug/mergeDebugResources/merged.dir/values-uk/values-uk.xml to /home/runner/work/Kzmwpwnsmms/Kzmwpwnsmms/android/app/build/intermediates/merged_res/debug/mergeDebugResources/values-uk_values-uk.arsc.flat
Compiling XML table /home/runner/work/Kzmwpwnsmms/Kzmwpwnsmms/android/app/build/intermediates/incremental/debug/mergeDebugResources/merged.dir/values-mn/values-mn.xml to /home/runner/work/Kzmwpwnsmms/Kzmwpwnsmms/android/app/build/intermediates/merged_res/debug/mergeDebugResources/values-mn_values-mn.arsc.flat
Compiling image file /home/runner/work/Kzmwpwnsmms/Kzmwpwnsmms/android/app/src/main/res/mipmap-xxhdpi/ic_launcher.png
Compiling file /home/runner/work/Kzmwpwnsmms/Kzmwpwnsmms/android/app/src/main/res/mipmap-xxhdpi/ic_launcher.png to /home/runner/work/Kzmwpwnsmms/Kzmwpwnsmms/android/app/build/intermediates/merged_res/debug/mergeDebugResources/mipmap-xxhdpi_ic_launcher.png.flat
Compiling XML table /home/runner/work/Kzmwpwnsmms/Kzmwpwnsmms/android/app/build/intermediates/incremental/debug/mergeDebugResources/merged.dir/values-ms/values-ms.xml to /home/runner/work/Kzmwpwnsmms/Kzmwpwnsmms/android/app/build/intermediates/merged_res/debug/mergeDebugResources/values-ms_values-ms.arsc.flat
Compiling image file /home/runner/work/Kzmwpwnsmms/Kzmwpwnsmms/android/app/src/main/res/mipmap-xxxhdpi/ic_launcher.png
Compiling file /home/runner/work/Kzmwpwnsmms/Kzmwpwnsmms/android/app/src/main/res/mipmap-xxxhdpi/ic_launcher.png to /home/runner/work/Kzmwpwnsmms/Kzmwpwnsmms/android/app/build/intermediates/merged_res/debug/mergeDebugResources/mipmap-xxxhdpi_ic_launcher.png.flat
Compiling xml file /home/runner/work/Kzmwpwnsmms/Kzmwpwnsmms/android/app/src/main/res/drawable/ic_search.xml to /home/runner/work/Kzmwpwnsmms/Kzmwpwnsmms/android/app/build/intermediates/merged_res/debug/mergeDebugResources/drawable_ic_search.xml.flat
Compiling xml file /home/runner/work/Kzmwpwnsmms/Kzmwpwnsmms/android/app/src/main/res/drawable/bg_card.xml to /home/runner/work/Kzmwpwnsmms/Kzmwpwnsmms/android/app/build/intermediates/merged_res/debug/mergeDebugResources/drawable_bg_card.xml.flat
Compiling xml file /home/runner/work/Kzmwpwnsmms/Kzmwpwnsmms/android/app/src/main/res/drawable/ic_browse.xml to /home/runner/work/Kzmwpwnsmms/Kzmwpwnsmms/android/app/build/intermediates/merged_res/debug/mergeDebugResources/drawable_ic_browse.xml.flat
Compiling xml file /home/runner/work/Kzmwpwnsmms/Kzmwpwnsmms/android/app/src/main/res/color/switch_track.xml to /home/runner/work/Kzmwpwnsmms/Kzmwpwnsmms/android/app/build/intermediates/merged_res/debug/mergeDebugResources/color_switch_track.xml.flat
Compiling xml file /home/runner/work/Kzmwpwnsmms/Kzmwpwnsmms/android/app/build/intermediates/incremental/debug/mergeDebugResources/stripped.dir/layout/sheet_queue.xml to /home/runner/work/Kzmwpwnsmms/Kzmwpwnsmms/android/app/build/intermediates/merged_res/debug/mergeDebugResources/layout_sheet_queue.xml.flat
Compiling XML table /home/runner/work/Kzmwpwnsmms/Kzmwpwnsmms/android/app/build/intermediates/incremental/debug/mergeDebugResources/merged.dir/values-es/values-es.xml to /home/runner/work/Kzmwpwnsmms/Kzmwpwnsmms/android/app/build/intermediates/merged_res/debug/mergeDebugResources/values-es_values-es.arsc.flat
Compiling xml file /home/runner/work/Kzmwpwnsmms/Kzmwpwnsmms/android/app/src/main/res/drawable/tag_op.xml to /home/runner/work/Kzmwpwnsmms/Kzmwpwnsmms/android/app/build/intermediates/merged_res/debug/mergeDebugResources/drawable_tag_op.xml.flat
Compiling XML table /home/runner/work/Kzmwpwnsmms/Kzmwpwnsmms/android/app/build/intermediates/incremental/debug/mergeDebugResources/merged.dir/values-w400dp-port-v13/values-w400dp-port-v13.xml to /home/runner/work/Kzmwpwnsmms/Kzmwpwnsmms/android/app/build/intermediates/merged_res/debug/mergeDebugResources/values-w400dp-port-v13_values-w400dp-port-v13.arsc.flat
Compiling XML table /home/runner/work/Kzmwpwnsmms/Kzmwpwnsmms/android/app/build/intermediates/incremental/debug/mergeDebugResources/merged.dir/values-night-v8/values-night-v8.xml to /home/runner/work/Kzmwpwnsmms/Kzmwpwnsmms/android/app/build/intermediates/merged_res/debug/mergeDebugResources/values-night-v8_values-night-v8.arsc.flat
Compiling XML table /home/runner/work/Kzmwpwnsmms/Kzmwpwnsmms/android/app/build/intermediates/incremental/debug/mergeDebugResources/merged.dir/values-zh-rCN/values-zh-rCN.xml to /home/runner/work/Kzmwpwnsmms/Kzmwpwnsmms/android/app/build/intermediates/merged_res/debug/mergeDebugResources/values-zh-rCN_values-zh-rCN.arsc.flat
Compiling XML table /home/runner/work/Kzmwpwnsmms/Kzmwpwnsmms/android/app/build/intermediates/incremental/debug/mergeDebugResources/merged.dir/values-watch-v21/values-watch-v21.xml to /home/runner/work/Kzmwpwnsmms/Kzmwpwnsmms/android/app/build/intermediates/merged_res/debug/mergeDebugResources/values-watch-v21_values-watch-v21.arsc.flat
Compiling XML table /home/runner/work/Kzmwpwnsmms/Kzmwpwnsmms/android/app/build/intermediates/incremental/debug/mergeDebugResources/merged.dir/values-hy/values-hy.xml to /home/runner/work/Kzmwpwnsmms/Kzmwpwnsmms/android/app/build/intermediates/merged_res/debug/mergeDebugResources/values-hy_values-hy.arsc.flat
Compiling XML table /home/runner/work/Kzmwpwnsmms/Kzmwpwnsmms/android/app/build/intermediates/incremental/debug/mergeDebugResources/merged.dir/values-v17/values-v17.xml to /home/runner/work/Kzmwpwnsmms/Kzmwpwnsmms/android/app/build/intermediates/merged_res/debug/mergeDebugResources/values-v17_values-v17.arsc.flat
Compiling XML table /home/runner/work/Kzmwpwnsmms/Kzmwpwnsmms/android/app/build/intermediates/incremental/debug/mergeDebugResources/merged.dir/values-in/values-in.xml to /home/runner/work/Kzmwpwnsmms/Kzmwpwnsmms/android/app/build/intermediates/merged_res/debug/mergeDebugResources/values-in_values-in.arsc.flat
Compiling XML table /home/runner/work/Kzmwpwnsmms/Kzmwpwnsmms/android/app/build/intermediates/incremental/debug/mergeDebugResources/merged.dir/values-large-v4/values-large-v4.xml to /home/runner/work/Kzmwpwnsmms/Kzmwpwnsmms/android/app/build/intermediates/merged_res/debug/mergeDebugResources/values-large-v4_values-large-v4.arsc.flat
Compiling XML table /home/runner/work/Kzmwpwnsmms/Kzmwpwnsmms/android/app/build/intermediates/incremental/debug/mergeDebugResources/merged.dir/values-small-v4/values-small-v4.xml to /home/runner/work/Kzmwpwnsmms/Kzmwpwnsmms/android/app/build/intermediates/merged_res/debug/mergeDebugResources/values-small-v4_values-small-v4.arsc.flat
Compiling XML table /home/runner/work/Kzmwpwnsmms/Kzmwpwnsmms/android/app/build/intermediates/incremental/debug/mergeDebugResources/merged.dir/values-gu/values-gu.xml to /home/runner/work/Kzmwpwnsmms/Kzmwpwnsmms/android/app/build/intermediates/merged_res/debug/mergeDebugResources/values-gu_values-gu.arsc.flat
Compiling XML table /home/runner/work/Kzmwpwnsmms/Kzmwpwnsmms/android/app/build/intermediates/incremental/debug/mergeDebugResources/merged.dir/values-it/values-it.xml to /home/runner/work/Kzmwpwnsmms/Kzmwpwnsmms/android/app/build/intermediates/merged_res/debug/mergeDebugResources/values-it_values-it.arsc.flat
Compiling image file /home/runner/work/Kzmwpwnsmms/Kzmwpwnsmms/android/app/src/main/res/mipmap-mdpi/ic_launcher.png
Compiling file /home/runner/work/Kzmwpwnsmms/Kzmwpwnsmms/android/app/src/main/res/mipmap-mdpi/ic_launcher.png to /home/runner/work/Kzmwpwnsmms/Kzmwpwnsmms/android/app/build/intermediates/merged_res/debug/mergeDebugResources/mipmap-mdpi_ic_launcher.png.flat
Compiling xml file /home/runner/work/Kzmwpwnsmms/Kzmwpwnsmms/android/app/build/intermediates/incremental/debug/mergeDebugResources/stripped.dir/layout/activity_main.xml to /home/runner/work/Kzmwpwnsmms/Kzmwpwnsmms/android/app/build/intermediates/merged_res/debug/mergeDebugResources/layout_activity_main.xml.flat
Compiling xml file /home/runner/work/Kzmwpwnsmms/Kzmwpwnsmms/android/app/src/main/res/menu/main_nav.xml to /home/runner/work/Kzmwpwnsmms/Kzmwpwnsmms/android/app/build/intermediates/merged_res/debug/mergeDebugResources/menu_main_nav.xml.flat
Compiling XML table /home/runner/work/Kzmwpwnsmms/Kzmwpwnsmms/android/app/build/intermediates/incremental/debug/mergeDebugResources/merged.dir/values-ar/values-ar.xml to /home/runner/work/Kzmwpwnsmms/Kzmwpwnsmms/android/app/build/intermediates/merged_res/debug/mergeDebugResources/values-ar_values-ar.arsc.flat
Compiling image file /home/runner/work/Kzmwpwnsmms/Kzmwpwnsmms/android/app/src/main/res/mipmap-xhdpi/ic_launcher_round.png
Compiling file /home/runner/work/Kzmwpwnsmms/Kzmwpwnsmms/android/app/src/main/res/mipmap-xhdpi/ic_launcher_round.png to /home/runner/work/Kzmwpwnsmms/Kzmwpwnsmms/android/app/build/intermediates/merged_res/debug/mergeDebugResources/mipmap-xhdpi_ic_launcher_round.png.flat
Compiling image file /home/runner/work/Kzmwpwnsmms/Kzmwpwnsmms/android/app/src/main/res/mipmap-hdpi/ic_launcher_round.png
Compiling file /home/runner/work/Kzmwpwnsmms/Kzmwpwnsmms/android/app/src/main/res/mipmap-hdpi/ic_launcher_round.png to /home/runner/work/Kzmwpwnsmms/Kzmwpwnsmms/android/app/build/intermediates/merged_res/debug/mergeDebugResources/mipmap-hdpi_ic_launcher_round.png.flat
Compiling xml file /home/runner/work/Kzmwpwnsmms/Kzmwpwnsmms/android/app/build/intermediates/incremental/debug/mergeDebugResources/stripped.dir/layout/activity_anime_detail.xml to /home/runner/work/Kzmwpwnsmms/Kzmwpwnsmms/android/app/build/intermediates/merged_res/debug/mergeDebugResources/layout_activity_anime_detail.xml.flat
Compiling xml file /home/runner/work/Kzmwpwnsmms/Kzmwpwnsmms/android/app/src/main/res/drawable/row_normal.xml to /home/runner/work/Kzmwpwnsmms/Kzmwpwnsmms/android/app/build/intermediates/merged_res/debug/mergeDebugResources/drawable_row_normal.xml.flat
Compiling xml file /home/runner/work/Kzmwpwnsmms/Kzmwpwnsmms/android/app/src/main/res/drawable/ic_pause.xml to /home/runner/work/Kzmwpwnsmms/Kzmwpwnsmms/android/app/build/intermediates/merged_res/debug/mergeDebugResources/drawable_ic_pause.xml.flat
Compiling image file /home/runner/work/Kzmwpwnsmms/Kzmwpwnsmms/android/app/src/main/res/mipmap-xxxhdpi/ic_launcher_round.png
Compiling file /home/runner/work/Kzmwpwnsmms/Kzmwpwnsmms/android/app/src/main/res/mipmap-xxxhdpi/ic_launcher_round.png to /home/runner/work/Kzmwpwnsmms/Kzmwpwnsmms/android/app/build/intermediates/merged_res/debug/mergeDebugResources/mipmap-xxxhdpi_ic_launcher_round.png.flat
Compiling XML table /home/runner/work/Kzmwpwnsmms/Kzmwpwnsmms/android/app/build/intermediates/incremental/debug/mergeDebugResources/merged.dir/values-v23/values-v23.xml to /home/runner/work/Kzmwpwnsmms/Kzmwpwnsmms/android/app/build/intermediates/merged_res/debug/mergeDebugResources/values-v23_values-v23.arsc.flat
Compiling XML table /home/runner/work/Kzmwpwnsmms/Kzmwpwnsmms/android/app/build/intermediates/incremental/debug/mergeDebugResources/merged.dir/values-az/values-az.xml to /home/runner/work/Kzmwpwnsmms/Kzmwpwnsmms/android/app/build/intermediates/merged_res/debug/mergeDebugResources/values-az_values-az.arsc.flat
Compiling XML table /home/runner/work/Kzmwpwnsmms/Kzmwpwnsmms/android/app/build/intermediates/incremental/debug/mergeDebugResources/merged.dir/values-zu/values-zu.xml to /home/runner/work/Kzmwpwnsmms/Kzmwpwnsmms/android/app/build/intermediates/merged_res/debug/mergeDebugResources/values-zu_values-zu.arsc.flat
Compiling XML table /home/runner/work/Kzmwpwnsmms/Kzmwpwnsmms/android/app/build/intermediates/incremental/debug/mergeDebugResources/merged.dir/values-v28/values-v28.xml to /home/runner/work/Kzmwpwnsmms/Kzmwpwnsmms/android/app/build/intermediates/merged_res/debug/mergeDebugResources/values-v28_values-v28.arsc.flat
Compiling XML table /home/runner/work/Kzmwpwnsmms/Kzmwpwnsmms/android/app/build/intermediates/incremental/debug/mergeDebugResources/merged.dir/values-bg/values-bg.xml to /home/runner/work/Kzmwpwnsmms/Kzmwpwnsmms/android/app/build/intermediates/merged_res/debug/mergeDebugResources/values-bg_values-bg.arsc.flat
Compiling XML table /home/runner/work/Kzmwpwnsmms/Kzmwpwnsmms/android/app/build/intermediates/incremental/debug/mergeDebugResources/merged.dir/values-v31/values-v31.xml to /home/runner/work/Kzmwpwnsmms/Kzmwpwnsmms/android/app/build/intermediates/merged_res/debug/mergeDebugResources/values-v31_values-v31.arsc.flat
Compiling XML table /home/runner/work/Kzmwpwnsmms/Kzmwpwnsmms/android/app/build/intermediates/incremental/debug/mergeDebugResources/merged.dir/values-sk/values-sk.xml to /home/runner/work/Kzmwpwnsmms/Kzmwpwnsmms/android/app/build/intermediates/merged_res/debug/mergeDebugResources/values-sk_values-sk.arsc.flat
Compiling XML table /home/runner/work/Kzmwpwnsmms/Kzmwpwnsmms/android/app/build/intermediates/incremental/debug/mergeDebugResources/merged.dir/values-sr/values-sr.xml to /home/runner/work/Kzmwpwnsmms/Kzmwpwnsmms/android/app/build/intermediates/merged_res/debug/mergeDebugResources/values-sr_values-sr.arsc.flat
Compiling XML table /home/runner/work/Kzmwpwnsmms/Kzmwpwnsmms/android/app/build/intermediates/incremental/debug/mergeDebugResources/merged.dir/values-sv/values-sv.xml to /home/runner/work/Kzmwpwnsmms/Kzmwpwnsmms/android/app/build/intermediates/merged_res/debug/mergeDebugResources/values-sv_values-sv.arsc.flat
Compiling XML table /home/runner/work/Kzmwpwnsmms/Kzmwpwnsmms/android/app/build/intermediates/incremental/debug/mergeDebugResources/merged.dir/values-ky/values-ky.xml to /home/runner/work/Kzmwpwnsmms/Kzmwpwnsmms/android/app/build/intermediates/merged_res/debug/mergeDebugResources/values-ky_values-ky.arsc.flat
Compiling XML table /home/runner/work/Kzmwpwnsmms/Kzmwpwnsmms/android/app/build/intermediates/incremental/debug/mergeDebugResources/merged.dir/values-te/values-te.xml to /home/runner/work/Kzmwpwnsmms/Kzmwpwnsmms/android/app/build/intermediates/merged_res/debug/mergeDebugResources/values-te_values-te.arsc.flat
Compiling XML table /home/runner/work/Kzmwpwnsmms/Kzmwpwnsmms/android/app/build/intermediates/incremental/debug/mergeDebugResources/merged.dir/values-da/values-da.xml to /home/runner/work/Kzmwpwnsmms/Kzmwpwnsmms/android/app/build/intermediates/merged_res/debug/mergeDebugResources/values-da_values-da.arsc.flat
Compiling XML table /home/runner/work/Kzmwpwnsmms/Kzmwpwnsmms/android/app/build/intermediates/incremental/debug/mergeDebugResources/merged.dir/values-lo/values-lo.xml to /home/runner/work/Kzmwpwnsmms/Kzmwpwnsmms/android/app/build/intermediates/merged_res/debug/mergeDebugResources/values-lo_values-lo.arsc.flat
Compiling XML table /home/runner/work/Kzmwpwnsmms/Kzmwpwnsmms/android/app/build/intermediates/incremental/debug/mergeDebugResources/merged.dir/values-h550dp-port-v13/values-h550dp-port-v13.xml to /home/runner/work/Kzmwpwnsmms/Kzmwpwnsmms/android/app/build/intermediates/merged_res/debug/mergeDebugResources/values-h550dp-port-v13_values-h550dp-port-v13.arsc.flat
Compiling XML table /home/runner/work/Kzmwpwnsmms/Kzmwpwnsmms/android/app/build/intermediates/incremental/debug/mergeDebugResources/merged.dir/values-mk/values-mk.xml to /home/runner/work/Kzmwpwnsmms/Kzmwpwnsmms/android/app/build/intermediates/merged_res/debug/mergeDebugResources/values-mk_values-mk.arsc.flat
Compiling XML table /home/runner/work/Kzmwpwnsmms/Kzmwpwnsmms/android/app/build/intermediates/incremental/debug/mergeDebugResources/merged.dir/values-mr/values-mr.xml to /home/runner/work/Kzmwpwnsmms/Kzmwpwnsmms/android/app/build/intermediates/merged_res/debug/mergeDebugResources/values-mr_values-mr.arsc.flat
Compiling XML table /home/runner/work/Kzmwpwnsmms/Kzmwpwnsmms/android/app/build/intermediates/incremental/debug/mergeDebugResources/merged.dir/values-zh-rTW/values-zh-rTW.xml to /home/runner/work/Kzmwpwnsmms/Kzmwpwnsmms/android/app/build/intermediates/merged_res/debug/mergeDebugResources/values-zh-rTW_values-zh-rTW.arsc.flat
Compiling XML table /home/runner/work/Kzmwpwnsmms/Kzmwpwnsmms/android/app/build/intermediates/incremental/debug/mergeDebugResources/merged.dir/values-eu/values-eu.xml to /home/runner/work/Kzmwpwnsmms/Kzmwpwnsmms/android/app/build/intermediates/merged_res/debug/mergeDebugResources/values-eu_values-eu.arsc.flat
Compiling XML table /home/runner/work/Kzmwpwnsmms/Kzmwpwnsmms/android/app/build/intermediates/incremental/debug/mergeDebugResources/merged.dir/values-port/values-port.xml to /home/runner/work/Kzmwpwnsmms/Kzmwpwnsmms/android/app/build/intermediates/merged_res/debug/mergeDebugResources/values-port_values-port.arsc.flat
Compiling XML table /home/runner/work/Kzmwpwnsmms/Kzmwpwnsmms/android/app/build/intermediates/incremental/debug/mergeDebugResources/merged.dir/values-fa/values-fa.xml to /home/runner/work/Kzmwpwnsmms/Kzmwpwnsmms/android/app/build/intermediates/merged_res/debug/mergeDebugResources/values-fa_values-fa.arsc.flat
Compiling XML table /home/runner/work/Kzmwpwnsmms/Kzmwpwnsmms/android/app/build/intermediates/incremental/debug/mergeDebugResources/merged.dir/values-en-rXC/values-en-rXC.xml to /home/runner/work/Kzmwpwnsmms/Kzmwpwnsmms/android/app/build/intermediates/merged_res/debug/mergeDebugResources/values-en-rXC_values-en-rXC.arsc.flat
Compiling XML table /home/runner/work/Kzmwpwnsmms/Kzmwpwnsmms/android/app/build/intermediates/incremental/debug/mergeDebugResources/merged.dir/values-en-rGB/values-en-rGB.xml to /home/runner/work/Kzmwpwnsmms/Kzmwpwnsmms/android/app/build/intermediates/merged_res/debug/mergeDebugResources/values-en-rGB_values-en-rGB.arsc.flat
Compiling XML table /home/runner/work/Kzmwpwnsmms/Kzmwpwnsmms/android/app/build/intermediates/incremental/debug/mergeDebugResources/merged.dir/values-gl/values-gl.xml to /home/runner/work/Kzmwpwnsmms/Kzmwpwnsmms/android/app/build/intermediates/merged_res/debug/mergeDebugResources/values-gl_values-gl.arsc.flat
Compiling XML table /home/runner/work/Kzmwpwnsmms/Kzmwpwnsmms/android/app/build/intermediates/incremental/debug/mergeDebugResources/merged.dir/values-pl/values-pl.xml to /home/runner/work/Kzmwpwnsmms/Kzmwpwnsmms/android/app/build/intermediates/merged_res/debug/mergeDebugResources/values-pl_values-pl.arsc.flat
Compiling xml file /home/runner/work/Kzmwpwnsmms/Kzmwpwnsmms/android/app/src/main/res/color/nav_item.xml to /home/runner/work/Kzmwpwnsmms/Kzmwpwnsmms/android/app/build/intermediates/merged_res/debug/mergeDebugResources/color_nav_item.xml.flat
Compiling image file /home/runner/work/Kzmwpwnsmms/Kzmwpwnsmms/android/app/src/main/res/mipmap-mdpi/ic_launcher_round.png
Compiling file /home/runner/work/Kzmwpwnsmms/Kzmwpwnsmms/android/app/src/main/res/mipmap-mdpi/ic_launcher_round.png to /home/runner/work/Kzmwpwnsmms/Kzmwpwnsmms/android/app/build/intermediates/merged_res/debug/mergeDebugResources/mipmap-mdpi_ic_launcher_round.png.flat
Compiling xml file /home/runner/work/Kzmwpwnsmms/Kzmwpwnsmms/android/app/build/intermediates/incremental/debug/mergeDebugResources/stripped.dir/layout/view_mini_player.xml to /home/runner/work/Kzmwpwnsmms/Kzmwpwnsmms/android/app/build/intermediates/merged_res/debug/mergeDebugResources/layout_view_mini_player.xml.flat
Compiling xml file /home/runner/work/Kzmwpwnsmms/Kzmwpwnsmms/android/app/src/main/res/drawable/row_active.xml to /home/runner/work/Kzmwpwnsmms/Kzmwpwnsmms/android/app/build/intermediates/merged_res/debug/mergeDebugResources/drawable_row_active.xml.flat
Compiling image file /home/runner/work/Kzmwpwnsmms/Kzmwpwnsmms/android/app/src/main/res/mipmap-hdpi/ic_launcher.png
Compiling file /home/runner/work/Kzmwpwnsmms/Kzmwpwnsmms/android/app/src/main/res/mipmap-hdpi/ic_launcher.png to /home/runner/work/Kzmwpwnsmms/Kzmwpwnsmms/android/app/build/intermediates/merged_res/debug/mergeDebugResources/mipmap-hdpi_ic_launcher.png.flat
Compiling xml file /home/runner/work/Kzmwpwnsmms/Kzmwpwnsmms/android/app/src/main/res/drawable/ic_library.xml to /home/runner/work/Kzmwpwnsmms/Kzmwpwnsmms/android/app/build/intermediates/merged_res/debug/mergeDebugResources/drawable_ic_library.xml.flat
Compiling xml file /home/runner/work/Kzmwpwnsmms/Kzmwpwnsmms/android/app/build/intermediates/incremental/debug/mergeDebugResources/stripped.dir/layout/fragment_home.xml to /home/runner/work/Kzmwpwnsmms/Kzmwpwnsmms/android/app/build/intermediates/merged_res/debug/mergeDebugResources/layout_fragment_home.xml.flat
Compiling xml file /home/runner/work/Kzmwpwnsmms/Kzmwpwnsmms/android/app/src/main/res/drawable/tag_in.xml to /home/runner/work/Kzmwpwnsmms/Kzmwpwnsmms/android/app/build/intermediates/merged_res/debug/mergeDebugResources/drawable_tag_in.xml.flat
Compiling xml file /home/runner/work/Kzmwpwnsmms/Kzmwpwnsmms/android/app/src/main/res/drawable/tag_ed.xml to /home/runner/work/Kzmwpwnsmms/Kzmwpwnsmms/android/app/build/intermediates/merged_res/debug/mergeDebugResources/drawable_tag_ed.xml.flat
Compiling XML table /home/runner/work/Kzmwpwnsmms/Kzmwpwnsmms/android/app/build/intermediates/incremental/debug/mergeDebugResources/merged.dir/values-watch-v20/values-watch-v20.xml to /home/runner/work/Kzmwpwnsmms/Kzmwpwnsmms/android/app/build/intermediates/merged_res/debug/mergeDebugResources/values-watch-v20_values-watch-v20.arsc.flat
Compiling XML table /home/runner/work/Kzmwpwnsmms/Kzmwpwnsmms/android/app/build/intermediates/incremental/debug/mergeDebugResources/merged.dir/values-h320dp-port-v13/values-h320dp-port-v13.xml to /home/runner/work/Kzmwpwnsmms/Kzmwpwnsmms/android/app/build/intermediates/merged_res/debug/mergeDebugResources/values-h320dp-port-v13_values-h320dp-port-v13.arsc.flat
Compiling XML table /home/runner/work/Kzmwpwnsmms/Kzmwpwnsmms/android/app/build/intermediates/incremental/debug/mergeDebugResources/merged.dir/values-ldltr-v21/values-ldltr-v21.xml to /home/runner/work/Kzmwpwnsmms/Kzmwpwnsmms/android/app/build/intermediates/merged_res/debug/mergeDebugResources/values-ldltr-v21_values-ldltr-v21.arsc.flat
Compiling XML table /home/runner/work/Kzmwpwnsmms/Kzmwpwnsmms/android/app/build/intermediates/incremental/debug/mergeDebugResources/merged.dir/values-w320dp-land-v13/values-w320dp-land-v13.xml to /home/runner/work/Kzmwpwnsmms/Kzmwpwnsmms/android/app/build/intermediates/merged_res/debug/mergeDebugResources/values-w320dp-land-v13_values-w320dp-land-v13.arsc.flat
Compiling XML table /home/runner/work/Kzmwpwnsmms/Kzmwpwnsmms/android/app/build/intermediates/incremental/debug/mergeDebugResources/merged.dir/values-am/values-am.xml to /home/runner/work/Kzmwpwnsmms/Kzmwpwnsmms/android/app/build/intermediates/merged_res/debug/mergeDebugResources/values-am_values-am.arsc.flat
Compiling XML table /home/runner/work/Kzmwpwnsmms/Kzmwpwnsmms/android/app/build/intermediates/incremental/debug/mergeDebugResources/merged.dir/values-as/values-as.xml to /home/runner/work/Kzmwpwnsmms/Kzmwpwnsmms/android/app/build/intermediates/merged_res/debug/mergeDebugResources/values-as_values-as.arsc.flat
Compiling XML table /home/runner/work/Kzmwpwnsmms/Kzmwpwnsmms/android/app/build/intermediates/incremental/debug/mergeDebugResources/merged.dir/values-ja/values-ja.xml to /home/runner/work/Kzmwpwnsmms/Kzmwpwnsmms/android/app/build/intermediates/merged_res/debug/mergeDebugResources/values-ja_values-ja.arsc.flat
Compiling XML table /home/runner/work/Kzmwpwnsmms/Kzmwpwnsmms/android/app/build/intermediates/incremental/debug/mergeDebugResources/merged.dir/values-v24/values-v24.xml to /home/runner/work/Kzmwpwnsmms/Kzmwpwnsmms/android/app/build/intermediates/merged_res/debug/mergeDebugResources/values-v24_values-v24.arsc.flat
Compiling XML table /home/runner/work/Kzmwpwnsmms/Kzmwpwnsmms/android/app/build/intermediates/incremental/debug/mergeDebugResources/merged.dir/values-v26/values-v26.xml to /home/runner/work/Kzmwpwnsmms/Kzmwpwnsmms/android/app/build/intermediates/merged_res/debug/mergeDebugResources/values-v26_values-v26.arsc.flat
Compiling XML table /home/runner/work/Kzmwpwnsmms/Kzmwpwnsmms/android/app/build/intermediates/incremental/debug/mergeDebugResources/merged.dir/values-sw600dp-v13/values-sw600dp-v13.xml to /home/runner/work/Kzmwpwnsmms/Kzmwpwnsmms/android/app/build/intermediates/merged_res/debug/mergeDebugResources/values-sw600dp-v13_values-sw600dp-v13.arsc.flat
Compiling XML table /home/runner/work/Kzmwpwnsmms/Kzmwpwnsmms/android/app/build/intermediates/incremental/debug/mergeDebugResources/merged.dir/values-bn/values-bn.xml to /home/runner/work/Kzmwpwnsmms/Kzmwpwnsmms/android/app/build/intermediates/merged_res/debug/mergeDebugResources/values-bn_values-bn.arsc.flat
Compiling XML table /home/runner/work/Kzmwpwnsmms/Kzmwpwnsmms/android/app/build/intermediates/incremental/debug/mergeDebugResources/merged.dir/values-si/values-si.xml to /home/runner/work/Kzmwpwnsmms/Kzmwpwnsmms/android/app/build/intermediates/merged_res/debug/mergeDebugResources/values-si_values-si.arsc.flat
Compiling XML table /home/runner/work/Kzmwpwnsmms/Kzmwpwnsmms/android/app/build/intermediates/incremental/debug/mergeDebugResources/merged.dir/values-sl/values-sl.xml to /home/runner/work/Kzmwpwnsmms/Kzmwpwnsmms/android/app/build/intermediates/merged_res/debug/mergeDebugResources/values-sl_values-sl.arsc.flat
Compiling XML table /home/runner/work/Kzmwpwnsmms/Kzmwpwnsmms/android/app/build/intermediates/incremental/debug/mergeDebugResources/merged.dir/values-kk/values-kk.xml to /home/runner/work/Kzmwpwnsmms/Kzmwpwnsmms/android/app/build/intermediates/merged_res/debug/mergeDebugResources/values-kk_values-kk.arsc.flat
Compiling XML table /home/runner/work/Kzmwpwnsmms/Kzmwpwnsmms/android/app/build/intermediates/incremental/debug/mergeDebugResources/merged.dir/values-sw/values-sw.xml to /home/runner/work/Kzmwpwnsmms/Kzmwpwnsmms/android/app/build/intermediates/merged_res/debug/mergeDebugResources/values-sw_values-sw.arsc.flat
Compiling XML table /home/runner/work/Kzmwpwnsmms/Kzmwpwnsmms/android/app/build/intermediates/incremental/debug/mergeDebugResources/merged.dir/values-pt-rBR/values-pt-rBR.xml to /home/runner/work/Kzmwpwnsmms/Kzmwpwnsmms/android/app/build/intermediates/merged_res/debug/mergeDebugResources/values-pt-rBR_values-pt-rBR.arsc.flat
Compiling XML table /home/runner/work/Kzmwpwnsmms/Kzmwpwnsmms/android/app/build/intermediates/incremental/debug/mergeDebugResources/merged.dir/values-th/values-th.xml to /home/runner/work/Kzmwpwnsmms/Kzmwpwnsmms/android/app/build/intermediates/merged_res/debug/mergeDebugResources/values-th_values-th.arsc.flat
Compiling XML table /home/runner/work/Kzmwpwnsmms/Kzmwpwnsmms/android/app/build/intermediates/incremental/debug/mergeDebugResources/merged.dir/values-tr/values-tr.xml to /home/runner/work/Kzmwpwnsmms/Kzmwpwnsmms/android/app/build/intermediates/merged_res/debug/mergeDebugResources/values-tr_values-tr.arsc.flat
Compiling XML table /home/runner/work/Kzmwpwnsmms/Kzmwpwnsmms/android/app/build/intermediates/incremental/debug/mergeDebugResources/merged.dir/values-lt/values-lt.xml to /home/runner/work/Kzmwpwnsmms/Kzmwpwnsmms/android/app/build/intermediates/merged_res/debug/mergeDebugResources/values-lt_values-lt.arsc.flat
Compiling XML table /home/runner/work/Kzmwpwnsmms/Kzmwpwnsmms/android/app/build/intermediates/incremental/debug/mergeDebugResources/merged.dir/values-ldrtl-v17/values-ldrtl-v17.xml to /home/runner/work/Kzmwpwnsmms/Kzmwpwnsmms/android/app/build/intermediates/merged_res/debug/mergeDebugResources/values-ldrtl-v17_values-ldrtl-v17.arsc.flat
Compiling XML table /home/runner/work/Kzmwpwnsmms/Kzmwpwnsmms/android/app/build/intermediates/incremental/debug/mergeDebugResources/merged.dir/values-ml/values-ml.xml to /home/runner/work/Kzmwpwnsmms/Kzmwpwnsmms/android/app/build/intermediates/merged_res/debug/mergeDebugResources/values-ml_values-ml.arsc.flat
Compiling XML table /home/runner/work/Kzmwpwnsmms/Kzmwpwnsmms/android/app/build/intermediates/incremental/debug/mergeDebugResources/merged.dir/values-uz/values-uz.xml to /home/runner/work/Kzmwpwnsmms/Kzmwpwnsmms/android/app/build/intermediates/merged_res/debug/mergeDebugResources/values-uz_values-uz.arsc.flat
Compiling XML table /home/runner/work/Kzmwpwnsmms/Kzmwpwnsmms/android/app/build/intermediates/incremental/debug/mergeDebugResources/merged.dir/values-my/values-my.xml to /home/runner/work/Kzmwpwnsmms/Kzmwpwnsmms/android/app/build/intermediates/merged_res/debug/mergeDebugResources/values-my_values-my.arsc.flat
Compiling XML table /home/runner/work/Kzmwpwnsmms/Kzmwpwnsmms/android/app/build/intermediates/incremental/debug/mergeDebugResources/merged.dir/values-vi/values-vi.xml to /home/runner/work/Kzmwpwnsmms/Kzmwpwnsmms/android/app/build/intermediates/merged_res/debug/mergeDebugResources/values-vi_values-vi.arsc.flat
Compiling XML table /home/runner/work/Kzmwpwnsmms/Kzmwpwnsmms/android/app/build/intermediates/incremental/debug/mergeDebugResources/merged.dir/values-w600dp-land-v13/values-w600dp-land-v13.xml to /home/runner/work/Kzmwpwnsmms/Kzmwpwnsmms/android/app/build/intermediates/merged_res/debug/mergeDebugResources/values-w600dp-land-v13_values-w600dp-land-v13.arsc.flat
Compiling XML table /home/runner/work/Kzmwpwnsmms/Kzmwpwnsmms/android/app/build/intermediates/incremental/debug/mergeDebugResources/merged.dir/values-nl/values-nl.xml to /home/runner/work/Kzmwpwnsmms/Kzmwpwnsmms/android/app/build/intermediates/merged_res/debug/mergeDebugResources/values-nl_values-nl.arsc.flat
Compiling XML table /home/runner/work/Kzmwpwnsmms/Kzmwpwnsmms/android/app/build/intermediates/incremental/debug/mergeDebugResources/merged.dir/values-fr/values-fr.xml to /home/runner/work/Kzmwpwnsmms/Kzmwpwnsmms/android/app/build/intermediates/merged_res/debug/mergeDebugResources/values-fr_values-fr.arsc.flat
Compiling XML table /home/runner/work/Kzmwpwnsmms/Kzmwpwnsmms/android/app/build/intermediates/incremental/debug/mergeDebugResources/merged.dir/values-land/values-land.xml to /home/runner/work/Kzmwpwnsmms/Kzmwpwnsmms/android/app/build/intermediates/merged_res/debug/mergeDebugResources/values-land_values-land.arsc.flat
Compiling XML table /home/runner/work/Kzmwpwnsmms/Kzmwpwnsmms/android/app/build/intermediates/incremental/debug/mergeDebugResources/merged.dir/values-b+es+419/values-b+es+419.xml to /home/runner/work/Kzmwpwnsmms/Kzmwpwnsmms/android/app/build/intermediates/merged_res/debug/mergeDebugResources/values-b+es+419_values-b+es+419.arsc.flat
Compiling xml file /home/runner/work/Kzmwpwnsmms/Kzmwpwnsmms/android/app/build/intermediates/incremental/debug/mergeDebugResources/stripped.dir/layout/fragment_catalog.xml to /home/runner/work/Kzmwpwnsmms/Kzmwpwnsmms/android/app/build/intermediates/merged_res/debug/mergeDebugResources/layout_fragment_catalog.xml.flat
Compiling xml file /home/runner/work/Kzmwpwnsmms/Kzmwpwnsmms/android/app/build/intermediates/incremental/debug/mergeDebugResources/stripped.dir/layout/activity_player.xml to /home/runner/work/Kzmwpwnsmms/Kzmwpwnsmms/android/app/build/intermediates/merged_res/debug/mergeDebugResources/layout_activity_player.xml.flat
Compiling xml file /home/runner/work/Kzmwpwnsmms/Kzmwpwnsmms/android/app/src/main/res/color/switch_thumb.xml to /home/runner/work/Kzmwpwnsmms/Kzmwpwnsmms/android/app/build/intermediates/merged_res/debug/mergeDebugResources/color_switch_thumb.xml.flat
Compiling xml file /home/runner/work/Kzmwpwnsmms/Kzmwpwnsmms/android/app/build/intermediates/incremental/debug/mergeDebugResources/stripped.dir/layout/item_track.xml to /home/runner/work/Kzmwpwnsmms/Kzmwpwnsmms/android/app/build/intermediates/merged_res/debug/mergeDebugResources/layout_item_track.xml.flat
Compiling image file /home/runner/work/Kzmwpwnsmms/Kzmwpwnsmms/android/app/src/main/res/mipmap-xhdpi/ic_launcher.png
Compiling file /home/runner/work/Kzmwpwnsmms/Kzmwpwnsmms/android/app/src/main/res/mipmap-xhdpi/ic_launcher.png to /home/runner/work/Kzmwpwnsmms/Kzmwpwnsmms/android/app/build/intermediates/merged_res/debug/mergeDebugResources/mipmap-xhdpi_ic_launcher.png.flat
Compiling xml file /home/runner/work/Kzmwpwnsmms/Kzmwpwnsmms/android/app/src/main/res/drawable/ic_play.xml to /home/runner/work/Kzmwpwnsmms/Kzmwpwnsmms/android/app/build/intermediates/merged_res/debug/mergeDebugResources/drawable_ic_play.xml.flat
Compiling xml file /home/runner/work/Kzmwpwnsmms/Kzmwpwnsmms/android/app/build/intermediates/incremental/debug/mergeDebugResources/stripped.dir/layout/sheet_settings.xml to /home/runner/work/Kzmwpwnsmms/Kzmwpwnsmms/android/app/build/intermediates/merged_res/debug/mergeDebugResources/layout_sheet_settings.xml.flat
Compiling image file /home/runner/work/Kzmwpwnsmms/Kzmwpwnsmms/android/app/src/main/res/mipmap-xxhdpi/ic_launcher_round.png
Compiling file /home/runner/work/Kzmwpwnsmms/Kzmwpwnsmms/android/app/src/main/res/mipmap-xxhdpi/ic_launcher_round.png to /home/runner/work/Kzmwpwnsmms/Kzmwpwnsmms/android/app/build/intermediates/merged_res/debug/mergeDebugResources/mipmap-xxhdpi_ic_launcher_round.png.flat
Compiling xml file /home/runner/work/Kzmwpwnsmms/Kzmwpwnsmms/android/app/build/intermediates/incremental/debug/mergeDebugResources/stripped.dir/layout/sheet_track_menu.xml to /home/runner/work/Kzmwpwnsmms/Kzmwpwnsmms/android/app/build/intermediates/merged_res/debug/mergeDebugResources/layout_sheet_track_menu.xml.flat
Compiling xml file /home/runner/work/Kzmwpwnsmms/Kzmwpwnsmms/android/app/src/main/res/drawable/ic_home.xml to /home/runner/work/Kzmwpwnsmms/Kzmwpwnsmms/android/app/build/intermediates/merged_res/debug/mergeDebugResources/drawable_ic_home.xml.flat

Resolve mutations for :app:javaPreCompileDebug (Thread[Execution worker Thread 3,5,main]) started.
:app:javaPreCompileDebug (Thread[Execution worker Thread 3,5,main]) started.

> Task :app:parseDebugLocalResources
Transforming android.jar with PlatformAttrTransform
Build cache key for PlatformAttrTransform: /usr/local/lib/android/sdk/platforms/android-35/android.jar is 81a7675820175a0120499e1e9548c207
Stored cache entry for PlatformAttrTransform: /usr/local/lib/android/sdk/platforms/android-35/android.jar with cache key 81a7675820175a0120499e1e9548c207
Transforming android.jar with PlatformAttrTransform
Build cache key for task ':app:parseDebugLocalResources' is 4df3dc69fbe091c5805b67c36721a32d
Task ':app:parseDebugLocalResources' is not up-to-date because:
  No history is available.
The input changes require a full rebuild for incremental task ':app:parseDebugLocalResources'.
Transforming android.jar with PlatformAttrTransform
Stored cache entry for task ':app:parseDebugLocalResources' with cache key 4df3dc69fbe091c5805b67c36721a32d

> Task :app:mergeDebugResources
Stored cache entry for task ':app:mergeDebugResources' with cache key 58ba770bfa4478e7c61a82cfaaccd0f3
Resolve mutations for :app:dataBindingGenBaseClassesDebug (Thread[Execution worker Thread 2,5,main]) started.
:app:dataBindingGenBaseClassesDebug (Thread[Execution worker Thread 2,5,main]) started.

> Task :app:javaPreCompileDebug
Resource missing. [HTTP GET: https://dl.google.com/dl/android/maven2/com/github/bumptech/glide/compiler/4.16.0/compiler-4.16.0.pom]
Downloading https://repo.maven.apache.org/maven2/com/github/bumptech/glide/compiler/4.16.0/compiler-4.16.0.pom to /home/runner/.gradle/.tmp/gradle_download1497207756452423899bin
Downloading https://repo.maven.apache.org/maven2/com/github/bumptech/glide/compiler/4.16.0/compiler-4.16.0.module to /home/runner/.gradle/.tmp/gradle_download16398255619344303076bin
Downloading https://repo.maven.apache.org/maven2/com/github/bumptech/glide/compiler/4.16.0/compiler-4.16.0.jar to /home/runner/.gradle/.tmp/gradle_download15279758640507022164bin
Downloading https://repo.maven.apache.org/maven2/com/github/bumptech/glide/annotations/4.16.0/annotations-4.16.0.jar to /home/runner/.gradle/.tmp/gradle_download1320152569452385601bin
Build cache key for task ':app:javaPreCompileDebug' is 3afbafdaba45dce7b46f08a2580e0ad2
Task ':app:javaPreCompileDebug' is not up-to-date because:
  No history is available.
Stored cache entry for task ':app:javaPreCompileDebug' with cache key 3afbafdaba45dce7b46f08a2580e0ad2

> Task :app:dataBindingGenBaseClassesDebug
Transforming viewbinding-8.5.2.aar (androidx.databinding:viewbinding:8.5.2) with ExtractAarTransform
Transforming viewbinding-8.5.2.aar (androidx.databinding:viewbinding:8.5.2) with LibrarySymbolTableTransform
Transforming material-1.12.0.aar (com.google.android.material:material:1.12.0) with ExtractAarTransform
Transforming material-1.12.0.aar (com.google.android.material:material:1.12.0) with LibrarySymbolTableTransform
Transforming constraintlayout-2.1.4.aar (androidx.constraintlayout:constraintlayout:2.1.4) with ExtractAarTransform
Transforming constraintlayout-2.1.4.aar (androidx.constraintlayout:constraintlayout:2.1.4) with LibrarySymbolTableTransform
Transforming appcompat-resources-1.7.0.aar (androidx.appcompat:appcompat-resources:1.7.0) with ExtractAarTransform
Transforming appcompat-resources-1.7.0.aar (androidx.appcompat:appcompat-resources:1.7.0) with LibrarySymbolTableTransform
Transforming appcompat-1.7.0.aar (androidx.appcompat:appcompat:1.7.0) with ExtractAarTransform
Transforming appcompat-1.7.0.aar (androidx.appcompat:appcompat:1.7.0) with LibrarySymbolTableTransform
Transforming viewpager2-1.1.0.aar (androidx.viewpager2:viewpager2:1.1.0) with ExtractAarTransform
Transforming viewpager2-1.1.0.aar (androidx.viewpager2:viewpager2:1.1.0) with LibrarySymbolTableTransform
Transforming media3-exoplayer-1.4.1.aar (androidx.media3:media3-exoplayer:1.4.1) with ExtractAarTransform
Transforming media3-exoplayer-1.4.1.aar (androidx.media3:media3-exoplayer:1.4.1) with LibrarySymbolTableTransform
Transforming media3-session-1.4.1.aar (androidx.media3:media3-session:1.4.1) with ExtractAarTransform
Transforming media3-session-1.4.1.aar (androidx.media3:media3-session:1.4.1) with LibrarySymbolTableTransform
Transforming media3-datasource-okhttp-1.4.1.aar (androidx.media3:media3-datasource-okhttp:1.4.1) with ExtractAarTransform
Transforming media3-datasource-okhttp-1.4.1.aar (androidx.media3:media3-datasource-okhttp:1.4.1) with LibrarySymbolTableTransform
Transforming media3-extractor-1.4.1.aar (androidx.media3:media3-extractor:1.4.1) with ExtractAarTransform
Transforming media3-extractor-1.4.1.aar (androidx.media3:media3-extractor:1.4.1) with LibrarySymbolTableTransform
Transforming media3-container-1.4.1.aar (androidx.media3:media3-container:1.4.1) with ExtractAarTransform
Transforming media3-container-1.4.1.aar (androidx.media3:media3-container:1.4.1) with LibrarySymbolTableTransform
Transforming media3-datasource-1.4.1.aar (androidx.media3:media3-datasource:1.4.1) with ExtractAarTransform
Transforming media3-datasource-1.4.1.aar (androidx.media3:media3-datasource:1.4.1) with LibrarySymbolTableTransform
Transforming media3-decoder-1.4.1.aar (androidx.media3:media3-decoder:1.4.1) with ExtractAarTransform
Transforming media3-decoder-1.4.1.aar (androidx.media3:media3-decoder:1.4.1) with LibrarySymbolTableTransform
Transforming media3-database-1.4.1.aar (androidx.media3:media3-database:1.4.1) with ExtractAarTransform
Transforming media3-database-1.4.1.aar (androidx.media3:media3-database:1.4.1) with LibrarySymbolTableTransform
Transforming media3-common-1.4.1.aar (androidx.media3:media3-common:1.4.1) with ExtractAarTransform
Transforming media3-common-1.4.1.aar (androidx.media3:media3-common:1.4.1) with LibrarySymbolTableTransform
Transforming media3-ui-1.4.1.aar (androidx.media3:media3-ui:1.4.1) with ExtractAarTransform
Transforming media3-ui-1.4.1.aar (androidx.media3:media3-ui:1.4.1) with LibrarySymbolTableTransform
Transforming recyclerview-1.3.2.aar (androidx.recyclerview:recyclerview:1.3.2) with ExtractAarTransform
Transforming recyclerview-1.3.2.aar (androidx.recyclerview:recyclerview:1.3.2) with LibrarySymbolTableTransform
Transforming glide-4.16.0.aar (com.github.bumptech.glide:glide:4.16.0) with ExtractAarTransform
Transforming glide-4.16.0.aar (com.github.bumptech.glide:glide:4.16.0) with LibrarySymbolTableTransform
Transforming fragment-1.8.2.aar (androidx.fragment:fragment:1.8.2) with ExtractAarTransform
Transforming fragment-1.8.2.aar (androidx.fragment:fragment:1.8.2) with LibrarySymbolTableTransform
Transforming swiperefreshlayout-1.1.0.aar (androidx.swiperefreshlayout:swiperefreshlayout:1.1.0) with ExtractAarTransform
Transforming swiperefreshlayout-1.1.0.aar (androidx.swiperefreshlayout:swiperefreshlayout:1.1.0) with LibrarySymbolTableTransform
Transforming palette-1.0.0.aar (androidx.palette:palette:1.0.0) with ExtractAarTransform
Transforming palette-1.0.0.aar (androidx.palette:palette:1.0.0) with LibrarySymbolTableTransform
Transforming transition-1.5.0.aar (androidx.transition:transition:1.5.0) with ExtractAarTransform
Caching disabled for LibrarySymbolTableTransform: /home/runner/.gradle/caches/8.9/transforms/a90c6ec86b5ddf6edd61baf8e57409c7/transformed/viewbinding-8.5.2 because:
  Caching not enabled.
Transforming transition-1.5.0.aar (androidx.transition:transition:1.5.0) with LibrarySymbolTableTransform
Transforming dynamicanimation-1.0.0.aar (androidx.dynamicanimation:dynamicanimation:1.0.0) with ExtractAarTransform
Transforming dynamicanimation-1.0.0.aar (androidx.dynamicanimation:dynamicanimation:1.0.0) with LibrarySymbolTableTransform
Transforming legacy-support-core-utils-1.0.0.aar (androidx.legacy:legacy-support-core-utils:1.0.0) with ExtractAarTransform
Transforming legacy-support-core-utils-1.0.0.aar (androidx.legacy:legacy-support-core-utils:1.0.0) with LibrarySymbolTableTransform
Transforming legacy-support-core-utils-1.0.0.aar (androidx.legacy:legacy-support-core-utils:1.0.0) with ExtractAarTransform
Transforming legacy-support-core-utils-1.0.0.aar (androidx.legacy:legacy-support-core-utils:1.0.0) with LibrarySymbolTableTransform
Caching disabled for LibrarySymbolTableTransform: /home/runner/.gradle/caches/8.9/transforms/7327455338dff4560c262aa7ae95e453/transformed/constraintlayout-2.1.4 because:
  Caching not enabled.
Transforming loader-1.0.0.aar (androidx.loader:loader:1.0.0) with ExtractAarTransform
Transforming loader-1.0.0.aar (androidx.loader:loader:1.0.0) with LibrarySymbolTableTransform
Transforming loader-1.0.0.aar (androidx.loader:loader:1.0.0) with ExtractAarTransform
Transforming loader-1.0.0.aar (androidx.loader:loader:1.0.0) with LibrarySymbolTableTransform
Transforming lifecycle-runtime-release.aar (androidx.lifecycle:lifecycle-runtime-android:2.8.4) with ExtractAarTransform
Transforming lifecycle-runtime-release.aar (androidx.lifecycle:lifecycle-runtime-android:2.8.4) with LibrarySymbolTableTransform
Transforming activity-1.8.1.aar (androidx.activity:activity:1.8.1) with ExtractAarTransform
Transforming activity-1.8.1.aar (androidx.activity:activity:1.8.1) with LibrarySymbolTableTransform
Transforming emoji2-views-helper-1.3.0.aar (androidx.emoji2:emoji2-views-helper:1.3.0) with ExtractAarTransform
Transforming emoji2-views-helper-1.3.0.aar (androidx.emoji2:emoji2-views-helper:1.3.0) with LibrarySymbolTableTransform
Transforming emoji2-1.3.0.aar (androidx.emoji2:emoji2:1.3.0) with ExtractAarTransform
Transforming emoji2-1.3.0.aar (androidx.emoji2:emoji2:1.3.0) with LibrarySymbolTableTransform
Transforming savedstate-1.2.1.aar (androidx.savedstate:savedstate:1.2.1) with ExtractAarTransform
Transforming savedstate-1.2.1.aar (androidx.savedstate:savedstate:1.2.1) with LibrarySymbolTableTransform
Transforming lifecycle-viewmodel-2.8.4.aar (androidx.lifecycle:lifecycle-viewmodel:2.8.4) with ExtractAarTransform
Transforming lifecycle-viewmodel-2.8.4.aar (androidx.lifecycle:lifecycle-viewmodel:2.8.4) with LibrarySymbolTableTransform
Transforming lifecycle-viewmodel-release.aar (androidx.lifecycle:lifecycle-viewmodel-android:2.8.4) with ExtractAarTransform
Transforming lifecycle-viewmodel-release.aar (androidx.lifecycle:lifecycle-viewmodel-android:2.8.4) with LibrarySymbolTableTransform
Transforming lifecycle-process-2.8.4.aar (androidx.lifecycle:lifecycle-process:2.8.4) with ExtractAarTransform
Transforming lifecycle-process-2.8.4.aar (androidx.lifecycle:lifecycle-process:2.8.4) with LibrarySymbolTableTransform
Transforming lifecycle-livedata-core-ktx-2.8.4.aar (androidx.lifecycle:lifecycle-livedata-core-ktx:2.8.4) with ExtractAarTransform
Transforming lifecycle-livedata-core-ktx-2.8.4.aar (androidx.lifecycle:lifecycle-livedata-core-ktx:2.8.4) with LibrarySymbolTableTransform
Transforming lifecycle-viewmodel-savedstate-2.8.4.aar (androidx.lifecycle:lifecycle-viewmodel-savedstate:2.8.4) with ExtractAarTransform
Transforming lifecycle-viewmodel-savedstate-2.8.4.aar (androidx.lifecycle:lifecycle-viewmodel-savedstate:2.8.4) with LibrarySymbolTableTransform
Transforming lifecycle-livedata-core-2.8.4.aar (androidx.lifecycle:lifecycle-livedata-core:2.8.4) with ExtractAarTransform
Transforming lifecycle-livedata-core-2.8.4.aar (androidx.lifecycle:lifecycle-livedata-core:2.8.4) with LibrarySymbolTableTransform
Transforming lifecycle-livedata-2.8.4.aar (androidx.lifecycle:lifecycle-livedata:2.8.4) with ExtractAarTransform
Transforming lifecycle-livedata-2.8.4.aar (androidx.lifecycle:lifecycle-livedata:2.8.4) with LibrarySymbolTableTransform
Transforming lifecycle-livedata-2.8.4.aar (androidx.lifecycle:lifecycle-livedata:2.8.4) with ExtractAarTransform
Transforming lifecycle-livedata-2.8.4.aar (androidx.lifecycle:lifecycle-livedata:2.8.4) with LibrarySymbolTableTransform
Transforming customview-poolingcontainer-1.0.0.aar (androidx.customview:customview-poolingcontainer:1.0.0) with ExtractAarTransform
Transforming customview-poolingcontainer-1.0.0.aar (androidx.customview:customview-poolingcontainer:1.0.0) with LibrarySymbolTableTransform
Transforming core-ktx-1.13.0.aar (androidx.core:core-ktx:1.13.0) with ExtractAarTransform
Transforming core-ktx-1.13.0.aar (androidx.core:core-ktx:1.13.0) with LibrarySymbolTableTransform
Transforming drawerlayout-1.1.1.aar (androidx.drawerlayout:drawerlayout:1.1.1) with ExtractAarTransform
Transforming drawerlayout-1.1.1.aar (androidx.drawerlayout:drawerlayout:1.1.1) with LibrarySymbolTableTransform
Transforming coordinatorlayout-1.1.0.aar (androidx.coordinatorlayout:coordinatorlayout:1.1.0) with ExtractAarTransform
Transforming coordinatorlayout-1.1.0.aar (androidx.coordinatorlayout:coordinatorlayout:1.1.0) with LibrarySymbolTableTransform
Transforming vectordrawable-animated-1.1.0.aar (androidx.vectordrawable:vectordrawable-animated:1.1.0) with ExtractAarTransform
Transforming vectordrawable-animated-1.1.0.aar (androidx.vectordrawable:vectordrawable-animated:1.1.0) with LibrarySymbolTableTransform
Transforming vectordrawable-1.1.0.aar (androidx.vectordrawable:vectordrawable:1.1.0) with ExtractAarTransform
Transforming vectordrawable-1.1.0.aar (androidx.vectordrawable:vectordrawable:1.1.0) with LibrarySymbolTableTransform
Transforming vectordrawable-1.1.0.aar (androidx.vectordrawable:vectordrawable:1.1.0) with ExtractAarTransform
Transforming vectordrawable-1.1.0.aar (androidx.vectordrawable:vectordrawable:1.1.0) with LibrarySymbolTableTransform
Transforming viewpager-1.0.0.aar (androidx.viewpager:viewpager:1.0.0) with ExtractAarTransform
Transforming viewpager-1.0.0.aar (androidx.viewpager:viewpager:1.0.0) with LibrarySymbolTableTransform
Transforming media-1.7.0.aar (androidx.media:media:1.7.0) with ExtractAarTransform
Transforming media-1.7.0.aar (androidx.media:media:1.7.0) with LibrarySymbolTableTransform
Transforming customview-1.1.0.aar (androidx.customview:customview:1.1.0) with ExtractAarTransform
Transforming customview-1.1.0.aar (androidx.customview:customview:1.1.0) with LibrarySymbolTableTransform
Transforming customview-1.1.0.aar (androidx.customview:customview:1.1.0) with ExtractAarTransform
Transforming customview-1.1.0.aar (androidx.customview:customview:1.1.0) with LibrarySymbolTableTransform
Transforming customview-1.1.0.aar (androidx.customview:customview:1.1.0) with ExtractAarTransform
Transforming customview-1.1.0.aar (androidx.customview:customview:1.1.0) with LibrarySymbolTableTransform
Transforming customview-1.1.0.aar (androidx.customview:customview:1.1.0) with ExtractAarTransform
Transforming customview-1.1.0.aar (androidx.customview:customview:1.1.0) with LibrarySymbolTableTransform
Transforming core-1.13.0.aar (androidx.core:core:1.13.0) with ExtractAarTransform
Transforming core-1.13.0.aar (androidx.core:core:1.13.0) with LibrarySymbolTableTransform
Transforming core-1.13.0.aar (androidx.core:core:1.13.0) with ExtractAarTransform
Transforming core-1.13.0.aar (androidx.core:core:1.13.0) with LibrarySymbolTableTransform
Transforming core-1.13.0.aar (androidx.core:core:1.13.0) with ExtractAarTransform
Transforming core-1.13.0.aar (androidx.core:core:1.13.0) with LibrarySymbolTableTransform
Transforming core-1.13.0.aar (androidx.core:core:1.13.0) with ExtractAarTransform
Transforming core-1.13.0.aar (androidx.core:core:1.13.0) with LibrarySymbolTableTransform
Transforming core-1.13.0.aar (androidx.core:core:1.13.0) with ExtractAarTransform
Transforming core-1.13.0.aar (androidx.core:core:1.13.0) with LibrarySymbolTableTransform
Transforming core-1.13.0.aar (androidx.core:core:1.13.0) with ExtractAarTransform
Transforming core-1.13.0.aar (androidx.core:core:1.13.0) with LibrarySymbolTableTransform
Transforming core-1.13.0.aar (androidx.core:core:1.13.0) with ExtractAarTransform
Transforming core-1.13.0.aar (androidx.core:core:1.13.0) with LibrarySymbolTableTransform
Transforming core-1.13.0.aar (androidx.core:core:1.13.0) with ExtractAarTransform
Transforming core-1.13.0.aar (androidx.core:core:1.13.0) with LibrarySymbolTableTransform
Transforming core-1.13.0.aar (androidx.core:core:1.13.0) with ExtractAarTransform
Transforming core-1.13.0.aar (androidx.core:core:1.13.0) with LibrarySymbolTableTransform
Transforming core-1.13.0.aar (androidx.core:core:1.13.0) with ExtractAarTransform
Transforming core-1.13.0.aar (androidx.core:core:1.13.0) with LibrarySymbolTableTransform
Transforming core-1.13.0.aar (androidx.core:core:1.13.0) with ExtractAarTransform
Transforming core-1.13.0.aar (androidx.core:core:1.13.0) with LibrarySymbolTableTransform
Transforming cursoradapter-1.0.0.aar (androidx.cursoradapter:cursoradapter:1.0.0) with ExtractAarTransform
Transforming cursoradapter-1.0.0.aar (androidx.cursoradapter:cursoradapter:1.0.0) with LibrarySymbolTableTransform
Transforming profileinstaller-1.3.1.aar (androidx.profileinstaller:profileinstaller:1.3.1) with ExtractAarTransform
Transforming profileinstaller-1.3.1.aar (androidx.profileinstaller:profileinstaller:1.3.1) with LibrarySymbolTableTransform
Transforming cardview-1.0.0.aar (androidx.cardview:cardview:1.0.0) with ExtractAarTransform
Transforming cardview-1.0.0.aar (androidx.cardview:cardview:1.0.0) with LibrarySymbolTableTransform
Transforming interpolator-1.0.0.aar (androidx.interpolator:interpolator:1.0.0) with ExtractAarTransform
Transforming interpolator-1.0.0.aar (androidx.interpolator:interpolator:1.0.0) with LibrarySymbolTableTransform
Transforming interpolator-1.0.0.aar (androidx.interpolator:interpolator:1.0.0) with ExtractAarTransform
Transforming interpolator-1.0.0.aar (androidx.interpolator:interpolator:1.0.0) with LibrarySymbolTableTransform
Transforming interpolator-1.0.0.aar (androidx.interpolator:interpolator:1.0.0) with ExtractAarTransform
Transforming interpolator-1.0.0.aar (androidx.interpolator:interpolator:1.0.0) with LibrarySymbolTableTransform
Transforming versionedparcelable-1.1.1.aar (androidx.versionedparcelable:versionedparcelable:1.1.1) with ExtractAarTransform
Transforming versionedparcelable-1.1.1.aar (androidx.versionedparcelable:versionedparcelable:1.1.1) with LibrarySymbolTableTransform
Transforming exifinterface-1.3.6.aar (androidx.exifinterface:exifinterface:1.3.6) with ExtractAarTransform
Transforming exifinterface-1.3.6.aar (androidx.exifinterface:exifinterface:1.3.6) with LibrarySymbolTableTransform
Transforming gifdecoder-4.16.0.aar (com.github.bumptech.glide:gifdecoder:4.16.0) with ExtractAarTransform
Transforming gifdecoder-4.16.0.aar (com.github.bumptech.glide:gifdecoder:4.16.0) with LibrarySymbolTableTransform
Transforming startup-runtime-1.1.1.aar (androidx.startup:startup-runtime:1.1.1) with ExtractAarTransform
Transforming startup-runtime-1.1.1.aar (androidx.startup:startup-runtime:1.1.1) with LibrarySymbolTableTransform
Transforming tracing-1.0.0.aar (androidx.tracing:tracing:1.0.0) with ExtractAarTransform
Transforming tracing-1.0.0.aar (androidx.tracing:tracing:1.0.0) with LibrarySymbolTableTransform
Transforming core-runtime-2.2.0.aar (androidx.arch.core:core-runtime:2.2.0) with ExtractAarTransform
Transforming core-runtime-2.2.0.aar (androidx.arch.core:core-runtime:2.2.0) with LibrarySymbolTableTransform
Transforming documentfile-1.0.0.aar (androidx.documentfile:documentfile:1.0.0) with ExtractAarTransform
Transforming documentfile-1.0.0.aar (androidx.documentfile:documentfile:1.0.0) with LibrarySymbolTableTransform
Transforming localbroadcastmanager-1.0.0.aar (androidx.localbroadcastmanager:localbroadcastmanager:1.0.0) with ExtractAarTransform
Transforming localbroadcastmanager-1.0.0.aar (androidx.localbroadcastmanager:localbroadcastmanager:1.0.0) with LibrarySymbolTableTransform
Transforming print-1.0.0.aar (androidx.print:print:1.0.0) with ExtractAarTransform
Transforming print-1.0.0.aar (androidx.print:print:1.0.0) with LibrarySymbolTableTransform
Transforming annotation-experimental-1.4.0.aar (androidx.annotation:annotation-experimental:1.4.0) with ExtractAarTransform
Transforming annotation-experimental-1.4.0.aar (androidx.annotation:annotation-experimental:1.4.0) with LibrarySymbolTableTransform
Caching disabled for LibrarySymbolTableTransform: /home/runner/.gradle/caches/8.9/transforms/74fc1268ff3f5642626e93f5ffaab0ee/transformed/appcompat-resources-1.7.0 because:
  Caching not enabled.
Caching disabled for LibrarySymbolTableTransform: /home/runner/.gradle/caches/8.9/transforms/b4d4520d3a7500151f758a57e313542a/transformed/material-1.12.0 because:
  Caching not enabled.
Caching disabled for LibrarySymbolTableTransform: /home/runner/.gradle/caches/8.9/transforms/0f2a90c70adc0c4633cded043e77d653/transformed/viewpager2-1.1.0 because:
  Caching not enabled.
Caching disabled for LibrarySymbolTableTransform: /home/runner/.gradle/caches/8.9/transforms/8e206d037e096a8246bf741b4599d3e3/transformed/media3-exoplayer-1.4.1 because:
  Caching not enabled.
Caching disabled for LibrarySymbolTableTransform: /home/runner/.gradle/caches/8.9/transforms/8f1c6be824d54d9036149e18b8487cd7/transformed/media3-datasource-okhttp-1.4.1 because:
  Caching not enabled.
Caching disabled for LibrarySymbolTableTransform: /home/runner/.gradle/caches/8.9/transforms/1dde5f983d8d8b69105a239187db4900/transformed/appcompat-1.7.0 because:
  Caching not enabled.
Caching disabled for LibrarySymbolTableTransform: /home/runner/.gradle/caches/8.9/transforms/f13a0c08f7cfa0a877589804af7c06e5/transformed/media3-container-1.4.1 because:
  Caching not enabled.
Caching disabled for LibrarySymbolTableTransform: /home/runner/.gradle/caches/8.9/transforms/068d1c140dad434ad7566a26bcb09136/transformed/media3-extractor-1.4.1 because:
  Caching not enabled.
Caching disabled for LibrarySymbolTableTransform: /home/runner/.gradle/caches/8.9/transforms/787953bedcf891eaa3abe20dc151e7f8/transformed/media3-session-1.4.1 because:
  Caching not enabled.
Caching disabled for LibrarySymbolTableTransform: /home/runner/.gradle/caches/8.9/transforms/25fb82ba0edec0f432fb835442dc7924/transformed/media3-decoder-1.4.1 because:
  Caching not enabled.
Caching disabled for LibrarySymbolTableTransform: /home/runner/.gradle/caches/8.9/transforms/47abc1295bc060486f1919c859794082/transformed/media3-database-1.4.1 because:
  Caching not enabled.
Caching disabled for LibrarySymbolTableTransform: /home/runner/.gradle/caches/8.9/transforms/86c00aab55672907703facd03d39bf3c/transformed/media3-datasource-1.4.1 because:
  Caching not enabled.
Caching disabled for LibrarySymbolTableTransform: /home/runner/.gradle/caches/8.9/transforms/71a3d4d7867ccf930919e7fe5351d607/transformed/media3-common-1.4.1 because:
  Caching not enabled.
Caching disabled for LibrarySymbolTableTransform: /home/runner/.gradle/caches/8.9/transforms/62454a3cca38d4b1256266a06e5b4e28/transformed/recyclerview-1.3.2 because:
  Caching not enabled.
Caching disabled for LibrarySymbolTableTransform: /home/runner/.gradle/caches/8.9/transforms/b9c68220fce63fb5e94ecc1589f37798/transformed/media3-ui-1.4.1 because:
  Caching not enabled.
Caching disabled for LibrarySymbolTableTransform: /home/runner/.gradle/caches/8.9/transforms/eba4b3f404cb9221119411cdcd7f8625/transformed/glide-4.16.0 because:
  Caching not enabled.
Caching disabled for LibrarySymbolTableTransform: /home/runner/.gradle/caches/8.9/transforms/38a168702c942661d7f4f8fd4756d72e/transformed/fragment-1.8.2 because:
  Caching not enabled.
Caching disabled for LibrarySymbolTableTransform: /home/runner/.gradle/caches/8.9/transforms/0b21b549e485c41d8939f4345317a927/transformed/swiperefreshlayout-1.1.0 because:
  Caching not enabled.
Caching disabled for LibrarySymbolTableTransform: /home/runner/.gradle/caches/8.9/transforms/10b18663614225c920b6298f756da05b/transformed/palette-1.0.0 because:
  Caching not enabled.
Caching disabled for LibrarySymbolTableTransform: /home/runner/.gradle/caches/8.9/transforms/9d1c947f318e9e7fc379378e64cb04ee/transformed/transition-1.5.0 because:
  Caching not enabled.
Caching disabled for LibrarySymbolTableTransform: /home/runner/.gradle/caches/8.9/transforms/f4be888dc301859ee5f0f579bb6b38e7/transformed/dynamicanimation-1.0.0 because:
  Caching not enabled.
Caching disabled for LibrarySymbolTableTransform: /home/runner/.gradle/caches/8.9/transforms/77afff4facff46d9e0ffea40c9ced703/transformed/legacy-support-core-utils-1.0.0 because:
  Caching not enabled.
Caching disabled for LibrarySymbolTableTransform: /home/runner/.gradle/caches/8.9/transforms/67ea28c3055e9d64bcc9ee19a46f8200/transformed/loader-1.0.0 because:
  Caching not enabled.
Caching disabled for LibrarySymbolTableTransform: /home/runner/.gradle/caches/8.9/transforms/f2c0c8c587af567fe0b24f144dc84797/transformed/lifecycle-runtime-release because:
  Caching not enabled.
Caching disabled for LibrarySymbolTableTransform: /home/runner/.gradle/caches/8.9/transforms/9ac45b03335b27bdae47388c3ef681b3/transformed/activity-1.8.1 because:
  Caching not enabled.
Caching disabled for LibrarySymbolTableTransform: /home/runner/.gradle/caches/8.9/transforms/d082fb77384557313e4b1a3ce8e0a50e/transformed/emoji2-views-helper-1.3.0 because:
  Caching not enabled.
Caching disabled for LibrarySymbolTableTransform: /home/runner/.gradle/caches/8.9/transforms/27fbc6f33c0ec7c17234cf593774cb95/transformed/emoji2-1.3.0 because:
  Caching not enabled.
Caching disabled for LibrarySymbolTableTransform: /home/runner/.gradle/caches/8.9/transforms/58242d362fcb8c56fa7ec6def399333d/transformed/savedstate-1.2.1 because:
  Caching not enabled.
Caching disabled for LibrarySymbolTableTransform: /home/runner/.gradle/caches/8.9/transforms/5773aed0a93405f51ae7deaa3b4737d0/transformed/lifecycle-viewmodel-2.8.4 because:
  Caching not enabled.
Caching disabled for LibrarySymbolTableTransform: /home/runner/.gradle/caches/8.9/transforms/cf94723d294267e6a8224b89f6f05948/transformed/lifecycle-process-2.8.4 because:
  Caching not enabled.
Caching disabled for LibrarySymbolTableTransform: /home/runner/.gradle/caches/8.9/transforms/4536204e998e995808ae26cae95d9f11/transformed/lifecycle-viewmodel-release because:
  Caching not enabled.
Caching disabled for LibrarySymbolTableTransform: /home/runner/.gradle/caches/8.9/transforms/c88b66ac669ebd352465d3b4158ebfa2/transformed/lifecycle-livedata-core-ktx-2.8.4 because:
  Caching not enabled.
Caching disabled for LibrarySymbolTableTransform: /home/runner/.gradle/caches/8.9/transforms/304301d79c98426692113d043e9a1632/transformed/lifecycle-viewmodel-savedstate-2.8.4 because:
  Caching not enabled.
Caching disabled for LibrarySymbolTableTransform: /home/runner/.gradle/caches/8.9/transforms/a94955b321dcfee0badac9caa8c8b552/transformed/lifecycle-livedata-2.8.4 because:
  Caching not enabled.
Caching disabled for LibrarySymbolTableTransform: /home/runner/.gradle/caches/8.9/transforms/f6d9851cfc4344c98341530c09a2d146/transformed/lifecycle-livedata-core-2.8.4 because:
  Caching not enabled.
Caching disabled for LibrarySymbolTableTransform: /home/runner/.gradle/caches/8.9/transforms/70a4404f78ff4408ba72cdeb9a417244/transformed/customview-poolingcontainer-1.0.0 because:
  Caching not enabled.
Caching disabled for LibrarySymbolTableTransform: /home/runner/.gradle/caches/8.9/transforms/f3c10adefffb4712327042b936c625b1/transformed/core-ktx-1.13.0 because:
  Caching not enabled.
Caching disabled for LibrarySymbolTableTransform: /home/runner/.gradle/caches/8.9/transforms/43625918a943aabeb509bfc3c0312b33/transformed/drawerlayout-1.1.1 because:
  Caching not enabled.
Caching disabled for LibrarySymbolTableTransform: /home/runner/.gradle/caches/8.9/transforms/d4073ce150f09b8411f5a4751160ea57/transformed/vectordrawable-animated-1.1.0 because:
  Caching not enabled.
Caching disabled for LibrarySymbolTableTransform: /home/runner/.gradle/caches/8.9/transforms/b8f7ed74e747393379cf17addd3ed887/transformed/vectordrawable-1.1.0 because:
  Caching not enabled.
Caching disabled for LibrarySymbolTableTransform: /home/runner/.gradle/caches/8.9/transforms/70ee23c0e0e0c37dfe41d6c34d471261/transformed/coordinatorlayout-1.1.0 because:
  Caching not enabled.
Caching disabled for LibrarySymbolTableTransform: /home/runner/.gradle/caches/8.9/transforms/99a4e4e56fab2ebb59654ca188732776/transformed/viewpager-1.0.0 because:
  Caching not enabled.
Caching disabled for LibrarySymbolTableTransform: /home/runner/.gradle/caches/8.9/transforms/47e61816cad352fbb2cb2109c88c93c4/transformed/media-1.7.0 because:
  Caching not enabled.
Caching disabled for LibrarySymbolTableTransform: /home/runner/.gradle/caches/8.9/transforms/ccb7155b84759ab93dd66aa5571c786b/transformed/customview-1.1.0 because:
  Caching not enabled.
Caching disabled for LibrarySymbolTableTransform: /home/runner/.gradle/caches/8.9/transforms/c71f5b93f765c81b68c6363ac2a86f13/transformed/core-1.13.0 because:
  Caching not enabled.
Caching disabled for LibrarySymbolTableTransform: /home/runner/.gradle/caches/8.9/transforms/d252cf611dfeee4f1fd88b3f1f95271f/transformed/profileinstaller-1.3.1 because:
  Caching not enabled.
Caching disabled for LibrarySymbolTableTransform: /home/runner/.gradle/caches/8.9/transforms/4e8e304324599b458d61b8fae777970c/transformed/interpolator-1.0.0 because:
  Caching not enabled.
Caching disabled for LibrarySymbolTableTransform: /home/runner/.gradle/caches/8.9/transforms/e57c5ec95d97095f7ddd08f083c26acd/transformed/cardview-1.0.0 because:
  Caching not enabled.
Caching disabled for LibrarySymbolTableTransform: /home/runner/.gradle/caches/8.9/transforms/125eb447ec418e197792928f7ac156f5/transformed/cursoradapter-1.0.0 because:
  Caching not enabled.
Caching disabled for LibrarySymbolTableTransform: /home/runner/.gradle/caches/8.9/transforms/b681ba03f7bc5356d20eb93dbc4f69bc/transformed/gifdecoder-4.16.0 because:
  Caching not enabled.
Caching disabled for LibrarySymbolTableTransform: /home/runner/.gradle/caches/8.9/transforms/5ac024980d164243ba39af4fe37c887f/transformed/exifinterface-1.3.6 because:
  Caching not enabled.
Caching disabled for LibrarySymbolTableTransform: /home/runner/.gradle/caches/8.9/transforms/d76f7faec08758676fd25dae129ae9e7/transformed/versionedparcelable-1.1.1 because:
  Caching not enabled.
Caching disabled for LibrarySymbolTableTransform: /home/runner/.gradle/caches/8.9/transforms/fb24fd81fb948482846358d35ccc42a2/transformed/startup-runtime-1.1.1 because:
  Caching not enabled.
Caching disabled for LibrarySymbolTableTransform: /home/runner/.gradle/caches/8.9/transforms/c713cbc1f0158f5129ff92fe7dbf94b9/transformed/tracing-1.0.0 because:
  Caching not enabled.
Caching disabled for LibrarySymbolTableTransform: /home/runner/.gradle/caches/8.9/transforms/c6f03c1e6772935c5ccd227794005cc7/transformed/core-runtime-2.2.0 because:
  Caching not enabled.
Caching disabled for LibrarySymbolTableTransform: /home/runner/.gradle/caches/8.9/transforms/955be4a975cbcd5ce3b32db831311006/transformed/localbroadcastmanager-1.0.0 because:
  Caching not enabled.
Caching disabled for LibrarySymbolTableTransform: /home/runner/.gradle/caches/8.9/transforms/9a0b92f9f6b3c890fc34cb4403a07da6/transformed/documentfile-1.0.0 because:
  Caching not enabled.
Caching disabled for LibrarySymbolTableTransform: /home/runner/.gradle/caches/8.9/transforms/17976e65923912d1f5a695e89a707860/transformed/print-1.0.0 because:
  Caching not enabled.
Caching disabled for LibrarySymbolTableTransform: /home/runner/.gradle/caches/8.9/transforms/5d63084fa3f6b3d2d1c088d876e5b51c/transformed/annotation-experimental-1.4.0 because:
  Caching not enabled.
Transforming viewbinding-8.5.2.aar (androidx.databinding:viewbinding:8.5.2) with ExtractAarTransform
Transforming viewbinding-8.5.2.aar (androidx.databinding:viewbinding:8.5.2) with AarTransform
Transforming material-1.12.0.aar (com.google.android.material:material:1.12.0) with ExtractAarTransform
Transforming material-1.12.0.aar (com.google.android.material:material:1.12.0) with AarTransform
Caching disabled for AarTransform: /home/runner/.gradle/caches/8.9/transforms/a90c6ec86b5ddf6edd61baf8e57409c7/transformed/viewbinding-8.5.2 because:
  Caching not enabled.
Transforming appcompat-resources-1.7.0.aar (androidx.appcompat:appcompat-resources:1.7.0) with ExtractAarTransform
Transforming appcompat-resources-1.7.0.aar (androidx.appcompat:appcompat-resources:1.7.0) with AarTransform
Transforming appcompat-1.7.0.aar (androidx.appcompat:appcompat:1.7.0) with ExtractAarTransform
Transforming appcompat-1.7.0.aar (androidx.appcompat:appcompat:1.7.0) with AarTransform
Transforming constraintlayout-2.1.4.aar (androidx.constraintlayout:constraintlayout:2.1.4) with ExtractAarTransform
Transforming constraintlayout-2.1.4.aar (androidx.constraintlayout:constraintlayout:2.1.4) with AarTransform
Transforming viewpager2-1.1.0.aar (androidx.viewpager2:viewpager2:1.1.0) with ExtractAarTransform
Transforming viewpager2-1.1.0.aar (androidx.viewpager2:viewpager2:1.1.0) with AarTransform
Transforming recyclerview-1.3.2.aar (androidx.recyclerview:recyclerview:1.3.2) with ExtractAarTransform
Transforming recyclerview-1.3.2.aar (androidx.recyclerview:recyclerview:1.3.2) with AarTransform
Transforming glide-4.16.0.aar (com.github.bumptech.glide:glide:4.16.0) with ExtractAarTransform
Caching disabled for AarTransform: /home/runner/.gradle/caches/8.9/transforms/b4d4520d3a7500151f758a57e313542a/transformed/material-1.12.0 because:
  Caching not enabled.
Caching disabled for AarTransform: /home/runner/.gradle/caches/8.9/transforms/74fc1268ff3f5642626e93f5ffaab0ee/transformed/appcompat-resources-1.7.0 because:
  Caching not enabled.
Transforming glide-4.16.0.aar (com.github.bumptech.glide:glide:4.16.0) with AarTransform
Transforming fragment-1.8.2.aar (androidx.fragment:fragment:1.8.2) with ExtractAarTransform
Transforming fragment-1.8.2.aar (androidx.fragment:fragment:1.8.2) with AarTransform
Transforming swiperefreshlayout-1.1.0.aar (androidx.swiperefreshlayout:swiperefreshlayout:1.1.0) with ExtractAarTransform
Transforming swiperefreshlayout-1.1.0.aar (androidx.swiperefreshlayout:swiperefreshlayout:1.1.0) with AarTransform
Transforming palette-1.0.0.aar (androidx.palette:palette:1.0.0) with ExtractAarTransform
Transforming palette-1.0.0.aar (androidx.palette:palette:1.0.0) with AarTransform
Transforming media3-datasource-okhttp-1.4.1.aar (androidx.media3:media3-datasource-okhttp:1.4.1) with ExtractAarTransform
Transforming media3-datasource-okhttp-1.4.1.aar (androidx.media3:media3-datasource-okhttp:1.4.1) with AarTransform
Transforming media3-exoplayer-1.4.1.aar (androidx.media3:media3-exoplayer:1.4.1) with ExtractAarTransform
Transforming media3-exoplayer-1.4.1.aar (androidx.media3:media3-exoplayer:1.4.1) with AarTransform
Transforming media3-session-1.4.1.aar (androidx.media3:media3-session:1.4.1) with ExtractAarTransform
Transforming media3-session-1.4.1.aar (androidx.media3:media3-session:1.4.1) with AarTransform
Transforming media3-ui-1.4.1.aar (androidx.media3:media3-ui:1.4.1) with ExtractAarTransform
Transforming media3-ui-1.4.1.aar (androidx.media3:media3-ui:1.4.1) with AarTransform
Transforming media3-container-1.4.1.aar (androidx.media3:media3-container:1.4.1) with ExtractAarTransform
Transforming media3-container-1.4.1.aar (androidx.media3:media3-container:1.4.1) with AarTransform
Transforming media3-common-1.4.1.aar (androidx.media3:media3-common:1.4.1) with ExtractAarTransform
Transforming media3-common-1.4.1.aar (androidx.media3:media3-common:1.4.1) with AarTransform
Transforming activity-1.8.1.aar (androidx.activity:activity:1.8.1) with ExtractAarTransform
Transforming activity-1.8.1.aar (androidx.activity:activity:1.8.1) with AarTransform
Transforming lifecycle-runtime-release.aar (androidx.lifecycle:lifecycle-runtime-android:2.8.4) with ExtractAarTransform
Transforming lifecycle-runtime-release.aar (androidx.lifecycle:lifecycle-runtime-android:2.8.4) with AarTransform
Transforming dynamicanimation-1.0.0.aar (androidx.dynamicanimation:dynamicanimation:1.0.0) with ExtractAarTransform
Transforming dynamicanimation-1.0.0.aar (androidx.dynamicanimation:dynamicanimation:1.0.0) with AarTransform
Transforming legacy-support-core-utils-1.0.0.aar (androidx.legacy:legacy-support-core-utils:1.0.0) with ExtractAarTransform
Transforming legacy-support-core-utils-1.0.0.aar (androidx.legacy:legacy-support-core-utils:1.0.0) with AarTransform
Transforming legacy-support-core-utils-1.0.0.aar (androidx.legacy:legacy-support-core-utils:1.0.0) with ExtractAarTransform
Transforming legacy-support-core-utils-1.0.0.aar (androidx.legacy:legacy-support-core-utils:1.0.0) with AarTransform
Transforming loader-1.0.0.aar (androidx.loader:loader:1.0.0) with ExtractAarTransform
Transforming loader-1.0.0.aar (androidx.loader:loader:1.0.0) with AarTransform
Transforming loader-1.0.0.aar (androidx.loader:loader:1.0.0) with ExtractAarTransform
Transforming loader-1.0.0.aar (androidx.loader:loader:1.0.0) with AarTransform
Transforming lifecycle-viewmodel-2.8.4.aar (androidx.lifecycle:lifecycle-viewmodel:2.8.4) with ExtractAarTransform
Transforming lifecycle-viewmodel-2.8.4.aar (androidx.lifecycle:lifecycle-viewmodel:2.8.4) with AarTransform
Transforming lifecycle-viewmodel-release.aar (androidx.lifecycle:lifecycle-viewmodel-android:2.8.4) with ExtractAarTransform
Transforming lifecycle-viewmodel-release.aar (androidx.lifecycle:lifecycle-viewmodel-android:2.8.4) with AarTransform
Transforming lifecycle-livedata-core-ktx-2.8.4.aar (androidx.lifecycle:lifecycle-livedata-core-ktx:2.8.4) with ExtractAarTransform
Transforming lifecycle-livedata-core-ktx-2.8.4.aar (androidx.lifecycle:lifecycle-livedata-core-ktx:2.8.4) with AarTransform
Transforming lifecycle-viewmodel-savedstate-2.8.4.aar (androidx.lifecycle:lifecycle-viewmodel-savedstate:2.8.4) with ExtractAarTransform
Transforming lifecycle-viewmodel-savedstate-2.8.4.aar (androidx.lifecycle:lifecycle-viewmodel-savedstate:2.8.4) with AarTransform
Transforming lifecycle-livedata-core-2.8.4.aar (androidx.lifecycle:lifecycle-livedata-core:2.8.4) with ExtractAarTransform
Transforming lifecycle-livedata-core-2.8.4.aar (androidx.lifecycle:lifecycle-livedata-core:2.8.4) with AarTransform
Transforming lifecycle-livedata-2.8.4.aar (androidx.lifecycle:lifecycle-livedata:2.8.4) with ExtractAarTransform
Transforming lifecycle-livedata-2.8.4.aar (androidx.lifecycle:lifecycle-livedata:2.8.4) with AarTransform
Transforming lifecycle-livedata-2.8.4.aar (androidx.lifecycle:lifecycle-livedata:2.8.4) with ExtractAarTransform
Transforming lifecycle-livedata-2.8.4.aar (androidx.lifecycle:lifecycle-livedata:2.8.4) with AarTransform
Caching disabled for AarTransform: /home/runner/.gradle/caches/8.9/transforms/1dde5f983d8d8b69105a239187db4900/transformed/appcompat-1.7.0 because:
  Caching not enabled.
Transforming drawerlayout-1.1.1.aar (androidx.drawerlayout:drawerlayout:1.1.1) with ExtractAarTransform
Transforming drawerlayout-1.1.1.aar (androidx.drawerlayout:drawerlayout:1.1.1) with AarTransform
Transforming coordinatorlayout-1.1.0.aar (androidx.coordinatorlayout:coordinatorlayout:1.1.0) with ExtractAarTransform
Transforming coordinatorlayout-1.1.0.aar (androidx.coordinatorlayout:coordinatorlayout:1.1.0) with AarTransform
Transforming transition-1.5.0.aar (androidx.transition:transition:1.5.0) with ExtractAarTransform
Caching disabled for AarTransform: /home/runner/.gradle/caches/8.9/transforms/7327455338dff4560c262aa7ae95e453/transformed/constraintlayout-2.1.4 because:
  Caching not enabled.
Transforming transition-1.5.0.aar (androidx.transition:transition:1.5.0) with AarTransform
Transforming vectordrawable-animated-1.1.0.aar (androidx.vectordrawable:vectordrawable-animated:1.1.0) with ExtractAarTransform
Transforming vectordrawable-animated-1.1.0.aar (androidx.vectordrawable:vectordrawable-animated:1.1.0) with AarTransform
Transforming vectordrawable-1.1.0.aar (androidx.vectordrawable:vectordrawable:1.1.0) with ExtractAarTransform
Transforming vectordrawable-1.1.0.aar (androidx.vectordrawable:vectordrawable:1.1.0) with AarTransform
Transforming vectordrawable-1.1.0.aar (androidx.vectordrawable:vectordrawable:1.1.0) with ExtractAarTransform
Transforming vectordrawable-1.1.0.aar (androidx.vectordrawable:vectordrawable:1.1.0) with AarTransform
Transforming viewpager-1.0.0.aar (androidx.viewpager:viewpager:1.0.0) with ExtractAarTransform
Transforming viewpager-1.0.0.aar (androidx.viewpager:viewpager:1.0.0) with AarTransform
Transforming customview-1.1.0.aar (androidx.customview:customview:1.1.0) with ExtractAarTransform
Transforming customview-1.1.0.aar (androidx.customview:customview:1.1.0) with AarTransform
Transforming customview-1.1.0.aar (androidx.customview:customview:1.1.0) with ExtractAarTransform
Transforming customview-1.1.0.aar (androidx.customview:customview:1.1.0) with AarTransform
Transforming customview-1.1.0.aar (androidx.customview:customview:1.1.0) with ExtractAarTransform
Transforming customview-1.1.0.aar (androidx.customview:customview:1.1.0) with AarTransform
Transforming customview-1.1.0.aar (androidx.customview:customview:1.1.0) with ExtractAarTransform
Transforming customview-1.1.0.aar (androidx.customview:customview:1.1.0) with AarTransform
Transforming core-ktx-1.13.0.aar (androidx.core:core-ktx:1.13.0) with ExtractAarTransform
Transforming core-ktx-1.13.0.aar (androidx.core:core-ktx:1.13.0) with AarTransform
Transforming core-1.13.0.aar (androidx.core:core:1.13.0) with ExtractAarTransform
Transforming core-1.13.0.aar (androidx.core:core:1.13.0) with AarTransform
Transforming core-1.13.0.aar (androidx.core:core:1.13.0) with ExtractAarTransform
Transforming core-1.13.0.aar (androidx.core:core:1.13.0) with AarTransform
Transforming core-1.13.0.aar (androidx.core:core:1.13.0) with ExtractAarTransform
Transforming core-1.13.0.aar (androidx.core:core:1.13.0) with AarTransform
Transforming core-1.13.0.aar (androidx.core:core:1.13.0) with ExtractAarTransform
Transforming core-1.13.0.aar (androidx.core:core:1.13.0) with AarTransform
Transforming core-1.13.0.aar (androidx.core:core:1.13.0) with ExtractAarTransform
Transforming core-1.13.0.aar (androidx.core:core:1.13.0) with AarTransform
Transforming core-1.13.0.aar (androidx.core:core:1.13.0) with ExtractAarTransform
Transforming core-1.13.0.aar (androidx.core:core:1.13.0) with AarTransform
Transforming core-1.13.0.aar (androidx.core:core:1.13.0) with ExtractAarTransform
Transforming core-1.13.0.aar (androidx.core:core:1.13.0) with AarTransform
Transforming core-1.13.0.aar (androidx.core:core:1.13.0) with ExtractAarTransform
Transforming core-1.13.0.aar (androidx.core:core:1.13.0) with AarTransform
Transforming core-1.13.0.aar (androidx.core:core:1.13.0) with ExtractAarTransform
Transforming core-1.13.0.aar (androidx.core:core:1.13.0) with AarTransform
Caching disabled for AarTransform: /home/runner/.gradle/caches/8.9/transforms/0f2a90c70adc0c4633cded043e77d653/transformed/viewpager2-1.1.0 because:
  Caching not enabled.
Transforming core-1.13.0.aar (androidx.core:core:1.13.0) with ExtractAarTransform
Transforming core-1.13.0.aar (androidx.core:core:1.13.0) with AarTransform
Transforming core-1.13.0.aar (androidx.core:core:1.13.0) with ExtractAarTransform
Transforming core-1.13.0.aar (androidx.core:core:1.13.0) with AarTransform
Transforming cursoradapter-1.0.0.aar (androidx.cursoradapter:cursoradapter:1.0.0) with ExtractAarTransform
Transforming cursoradapter-1.0.0.aar (androidx.cursoradapter:cursoradapter:1.0.0) with AarTransform
Transforming savedstate-1.2.1.aar (androidx.savedstate:savedstate:1.2.1) with ExtractAarTransform
Transforming savedstate-1.2.1.aar (androidx.savedstate:savedstate:1.2.1) with AarTransform
Transforming cardview-1.0.0.aar (androidx.cardview:cardview:1.0.0) with ExtractAarTransform
Transforming cardview-1.0.0.aar (androidx.cardview:cardview:1.0.0) with AarTransform
Transforming versionedparcelable-1.1.1.aar (androidx.versionedparcelable:versionedparcelable:1.1.1) with ExtractAarTransform
Transforming versionedparcelable-1.1.1.aar (androidx.versionedparcelable:versionedparcelable:1.1.1) with AarTransform
Transforming interpolator-1.0.0.aar (androidx.interpolator:interpolator:1.0.0) with ExtractAarTransform
Transforming interpolator-1.0.0.aar (androidx.interpolator:interpolator:1.0.0) with AarTransform
Transforming interpolator-1.0.0.aar (androidx.interpolator:interpolator:1.0.0) with ExtractAarTransform
Transforming interpolator-1.0.0.aar (androidx.interpolator:interpolator:1.0.0) with AarTransform
Transforming gifdecoder-4.16.0.aar (com.github.bumptech.glide:gifdecoder:4.16.0) with ExtractAarTransform
Transforming gifdecoder-4.16.0.aar (com.github.bumptech.glide:gifdecoder:4.16.0) with AarTransform
Transforming core-runtime-2.2.0.aar (androidx.arch.core:core-runtime:2.2.0) with ExtractAarTransform
Transforming core-runtime-2.2.0.aar (androidx.arch.core:core-runtime:2.2.0) with AarTransform
Transforming documentfile-1.0.0.aar (androidx.documentfile:documentfile:1.0.0) with ExtractAarTransform
Transforming documentfile-1.0.0.aar (androidx.documentfile:documentfile:1.0.0) with AarTransform
Transforming localbroadcastmanager-1.0.0.aar (androidx.localbroadcastmanager:localbroadcastmanager:1.0.0) with ExtractAarTransform
Transforming localbroadcastmanager-1.0.0.aar (androidx.localbroadcastmanager:localbroadcastmanager:1.0.0) with AarTransform
Transforming print-1.0.0.aar (androidx.print:print:1.0.0) with ExtractAarTransform
Transforming print-1.0.0.aar (androidx.print:print:1.0.0) with AarTransform
Transforming annotation-experimental-1.4.0.aar (androidx.annotation:annotation-experimental:1.4.0) with ExtractAarTransform
Transforming annotation-experimental-1.4.0.aar (androidx.annotation:annotation-experimental:1.4.0) with AarTransform
Transforming tracing-1.0.0.aar (androidx.tracing:tracing:1.0.0) with ExtractAarTransform
Transforming tracing-1.0.0.aar (androidx.tracing:tracing:1.0.0) with AarTransform
Transforming exifinterface-1.3.6.aar (androidx.exifinterface:exifinterface:1.3.6) with ExtractAarTransform
Transforming exifinterface-1.3.6.aar (androidx.exifinterface:exifinterface:1.3.6) with AarTransform
Transforming media3-database-1.4.1.aar (androidx.media3:media3-database:1.4.1) with ExtractAarTransform
Transforming media3-database-1.4.1.aar (androidx.media3:media3-database:1.4.1) with AarTransform
Transforming media3-datasource-1.4.1.aar (androidx.media3:media3-datasource:1.4.1) with ExtractAarTransform
Transforming media3-datasource-1.4.1.aar (androidx.media3:media3-datasource:1.4.1) with AarTransform
Transforming media3-decoder-1.4.1.aar (androidx.media3:media3-decoder:1.4.1) with ExtractAarTransform
Transforming media3-decoder-1.4.1.aar (androidx.media3:media3-decoder:1.4.1) with AarTransform
Transforming media3-extractor-1.4.1.aar (androidx.media3:media3-extractor:1.4.1) with ExtractAarTransform
Transforming media3-extractor-1.4.1.aar (androidx.media3:media3-extractor:1.4.1) with AarTransform
Caching disabled for AarTransform: /home/runner/.gradle/caches/8.9/transforms/62454a3cca38d4b1256266a06e5b4e28/transformed/recyclerview-1.3.2 because:
  Caching not enabled.
Caching disabled for AarTransform: /home/runner/.gradle/caches/8.9/transforms/eba4b3f404cb9221119411cdcd7f8625/transformed/glide-4.16.0 because:
  Caching not enabled.
Caching disabled for AarTransform: /home/runner/.gradle/caches/8.9/transforms/38a168702c942661d7f4f8fd4756d72e/transformed/fragment-1.8.2 because:
  Caching not enabled.
Caching disabled for AarTransform: /home/runner/.gradle/caches/8.9/transforms/0b21b549e485c41d8939f4345317a927/transformed/swiperefreshlayout-1.1.0 because:
  Caching not enabled.
Caching disabled for AarTransform: /home/runner/.gradle/caches/8.9/transforms/8f1c6be824d54d9036149e18b8487cd7/transformed/media3-datasource-okhttp-1.4.1 because:
  Caching not enabled.
Caching disabled for AarTransform: /home/runner/.gradle/caches/8.9/transforms/10b18663614225c920b6298f756da05b/transformed/palette-1.0.0 because:
  Caching not enabled.
Caching disabled for AarTransform: /home/runner/.gradle/caches/8.9/transforms/8e206d037e096a8246bf741b4599d3e3/transformed/media3-exoplayer-1.4.1 because:
  Caching not enabled.
Caching disabled for AarTransform: /home/runner/.gradle/caches/8.9/transforms/b9c68220fce63fb5e94ecc1589f37798/transformed/media3-ui-1.4.1 because:
  Caching not enabled.
Caching disabled for AarTransform: /home/runner/.gradle/caches/8.9/transforms/f13a0c08f7cfa0a877589804af7c06e5/transformed/media3-container-1.4.1 because:
  Caching not enabled.
Caching disabled for AarTransform: /home/runner/.gradle/caches/8.9/transforms/787953bedcf891eaa3abe20dc151e7f8/transformed/media3-session-1.4.1 because:
  Caching not enabled.
Caching disabled for AarTransform: /home/runner/.gradle/caches/8.9/transforms/71a3d4d7867ccf930919e7fe5351d607/transformed/media3-common-1.4.1 because:
  Caching not enabled.
Caching disabled for AarTransform: /home/runner/.gradle/caches/8.9/transforms/9ac45b03335b27bdae47388c3ef681b3/transformed/activity-1.8.1 because:
  Caching not enabled.
Caching disabled for AarTransform: /home/runner/.gradle/caches/8.9/transforms/f2c0c8c587af567fe0b24f144dc84797/transformed/lifecycle-runtime-release because:
  Caching not enabled.
Caching disabled for AarTransform: /home/runner/.gradle/caches/8.9/transforms/f4be888dc301859ee5f0f579bb6b38e7/transformed/dynamicanimation-1.0.0 because:
  Caching not enabled.
Caching disabled for AarTransform: /home/runner/.gradle/caches/8.9/transforms/77afff4facff46d9e0ffea40c9ced703/transformed/legacy-support-core-utils-1.0.0 because:
  Caching not enabled.
Caching disabled for AarTransform: /home/runner/.gradle/caches/8.9/transforms/67ea28c3055e9d64bcc9ee19a46f8200/transformed/loader-1.0.0 because:
  Caching not enabled.
Caching disabled for AarTransform: /home/runner/.gradle/caches/8.9/transforms/c88b66ac669ebd352465d3b4158ebfa2/transformed/lifecycle-livedata-core-ktx-2.8.4 because:
  Caching not enabled.
Caching disabled for AarTransform: /home/runner/.gradle/caches/8.9/transforms/4536204e998e995808ae26cae95d9f11/transformed/lifecycle-viewmodel-release because:
  Caching not enabled.
Caching disabled for AarTransform: /home/runner/.gradle/caches/8.9/transforms/304301d79c98426692113d043e9a1632/transformed/lifecycle-viewmodel-savedstate-2.8.4 because:
  Caching not enabled.
Caching disabled for AarTransform: /home/runner/.gradle/caches/8.9/transforms/5773aed0a93405f51ae7deaa3b4737d0/transformed/lifecycle-viewmodel-2.8.4 because:
  Caching not enabled.
Caching disabled for AarTransform: /home/runner/.gradle/caches/8.9/transforms/f6d9851cfc4344c98341530c09a2d146/transformed/lifecycle-livedata-core-2.8.4 because:
  Caching not enabled.
Caching disabled for AarTransform: /home/runner/.gradle/caches/8.9/transforms/a94955b321dcfee0badac9caa8c8b552/transformed/lifecycle-livedata-2.8.4 because:
  Caching not enabled.
Caching disabled for AarTransform: /home/runner/.gradle/caches/8.9/transforms/43625918a943aabeb509bfc3c0312b33/transformed/drawerlayout-1.1.1 because:
  Caching not enabled.
Caching disabled for AarTransform: /home/runner/.gradle/caches/8.9/transforms/70ee23c0e0e0c37dfe41d6c34d471261/transformed/coordinatorlayout-1.1.0 because:
  Caching not enabled.
Caching disabled for AarTransform: /home/runner/.gradle/caches/8.9/transforms/9d1c947f318e9e7fc379378e64cb04ee/transformed/transition-1.5.0 because:
  Caching not enabled.
Caching disabled for AarTransform: /home/runner/.gradle/caches/8.9/transforms/d4073ce150f09b8411f5a4751160ea57/transformed/vectordrawable-animated-1.1.0 because:
  Caching not enabled.
Caching disabled for AarTransform: /home/runner/.gradle/caches/8.9/transforms/b8f7ed74e747393379cf17addd3ed887/transformed/vectordrawable-1.1.0 because:
  Caching not enabled.
Caching disabled for AarTransform: /home/runner/.gradle/caches/8.9/transforms/99a4e4e56fab2ebb59654ca188732776/transformed/viewpager-1.0.0 because:
  Caching not enabled.
Caching disabled for AarTransform: /home/runner/.gradle/caches/8.9/transforms/ccb7155b84759ab93dd66aa5571c786b/transformed/customview-1.1.0 because:
  Caching not enabled.
Caching disabled for AarTransform: /home/runner/.gradle/caches/8.9/transforms/f3c10adefffb4712327042b936c625b1/transformed/core-ktx-1.13.0 because:
  Caching not enabled.
Caching disabled for AarTransform: /home/runner/.gradle/caches/8.9/transforms/c71f5b93f765c81b68c6363ac2a86f13/transformed/core-1.13.0 because:
  Caching not enabled.
Caching disabled for AarTransform: /home/runner/.gradle/caches/8.9/transforms/125eb447ec418e197792928f7ac156f5/transformed/cursoradapter-1.0.0 because:
  Caching not enabled.
Caching disabled for AarTransform: /home/runner/.gradle/caches/8.9/transforms/58242d362fcb8c56fa7ec6def399333d/transformed/savedstate-1.2.1 because:
  Caching not enabled.
Caching disabled for AarTransform: /home/runner/.gradle/caches/8.9/transforms/e57c5ec95d97095f7ddd08f083c26acd/transformed/cardview-1.0.0 because:
  Caching not enabled.
Caching disabled for AarTransform: /home/runner/.gradle/caches/8.9/transforms/d76f7faec08758676fd25dae129ae9e7/transformed/versionedparcelable-1.1.1 because:
  Caching not enabled.
Caching disabled for AarTransform: /home/runner/.gradle/caches/8.9/transforms/4e8e304324599b458d61b8fae777970c/transformed/interpolator-1.0.0 because:
  Caching not enabled.
Caching disabled for AarTransform: /home/runner/.gradle/caches/8.9/transforms/b681ba03f7bc5356d20eb93dbc4f69bc/transformed/gifdecoder-4.16.0 because:
  Caching not enabled.
Caching disabled for AarTransform: /home/runner/.gradle/caches/8.9/transforms/c6f03c1e6772935c5ccd227794005cc7/transformed/core-runtime-2.2.0 because:
  Caching not enabled.
Caching disabled for AarTransform: /home/runner/.gradle/caches/8.9/transforms/9a0b92f9f6b3c890fc34cb4403a07da6/transformed/documentfile-1.0.0 because:
  Caching not enabled.
Caching disabled for AarTransform: /home/runner/.gradle/caches/8.9/transforms/955be4a975cbcd5ce3b32db831311006/transformed/localbroadcastmanager-1.0.0 because:
  Caching not enabled.
Caching disabled for AarTransform: /home/runner/.gradle/caches/8.9/transforms/17976e65923912d1f5a695e89a707860/transformed/print-1.0.0 because:
  Caching not enabled.
Caching disabled for AarTransform: /home/runner/.gradle/caches/8.9/transforms/5d63084fa3f6b3d2d1c088d876e5b51c/transformed/annotation-experimental-1.4.0 because:
  Caching not enabled.
Caching disabled for AarTransform: /home/runner/.gradle/caches/8.9/transforms/5ac024980d164243ba39af4fe37c887f/transformed/exifinterface-1.3.6 because:
  Caching not enabled.
Caching disabled for AarTransform: /home/runner/.gradle/caches/8.9/transforms/c713cbc1f0158f5129ff92fe7dbf94b9/transformed/tracing-1.0.0 because:
  Caching not enabled.
Caching disabled for AarTransform: /home/runner/.gradle/caches/8.9/transforms/47abc1295bc060486f1919c859794082/transformed/media3-database-1.4.1 because:
  Caching not enabled.
Caching disabled for AarTransform: /home/runner/.gradle/caches/8.9/transforms/86c00aab55672907703facd03d39bf3c/transformed/media3-datasource-1.4.1 because:
  Caching not enabled.
Caching disabled for AarTransform: /home/runner/.gradle/caches/8.9/transforms/25fb82ba0edec0f432fb835442dc7924/transformed/media3-decoder-1.4.1 because:
  Caching not enabled.
Caching disabled for AarTransform: /home/runner/.gradle/caches/8.9/transforms/068d1c140dad434ad7566a26bcb09136/transformed/media3-extractor-1.4.1 because:
  Caching not enabled.
Build cache key for task ':app:dataBindingGenBaseClassesDebug' is 796a6fe6f369251f70879d53b20796b5
Task ':app:dataBindingGenBaseClassesDebug' is not up-to-date because:
  No history is available.
The input changes require a full rebuild for incremental task ':app:dataBindingGenBaseClassesDebug'.
Stored cache entry for task ':app:dataBindingGenBaseClassesDebug' with cache key 796a6fe6f369251f70879d53b20796b5
Resolve mutations for :app:checkDebugAarMetadata (Thread[Execution worker,5,main]) started.
:app:checkDebugAarMetadata (Thread[Execution worker Thread 2,5,main]) started.
Resolve mutations for :app:mapDebugSourceSetPaths (Thread[Execution worker,5,main]) started.
:app:mapDebugSourceSetPaths (Thread[Execution worker,5,main]) started.

> Task :app:mapDebugSourceSetPaths
Caching disabled for task ':app:mapDebugSourceSetPaths' because:
  Caching has been disabled for the task
Task ':app:mapDebugSourceSetPaths' is not up-to-date because:
  No history is available.
Resolve mutations for :app:createDebugCompatibleScreenManifests (Thread[Execution worker,5,main]) started.
:app:createDebugCompatibleScreenManifests (Thread[Execution worker,5,main]) started.

> Task :app:createDebugCompatibleScreenManifests
Caching disabled for task ':app:createDebugCompatibleScreenManifests' because:
  Caching has been disabled for the task
Task ':app:createDebugCompatibleScreenManifests' is not up-to-date because:
  No history is available.
Resolve mutations for :app:extractDeepLinksDebug (Thread[included builds,5,main]) started.
:app:extractDeepLinksDebug (Thread[included builds,5,main]) started.

> Task :app:checkDebugAarMetadata
Transforming viewbinding-8.5.2.aar (androidx.databinding:viewbinding:8.5.2) with ExtractAarTransform
Transforming viewbinding-8.5.2.aar (androidx.databinding:viewbinding:8.5.2) with AarTransform
Transforming material-1.12.0.aar (com.google.android.material:material:1.12.0) with ExtractAarTransform
Transforming material-1.12.0.aar (com.google.android.material:material:1.12.0) with AarTransform
Transforming constraintlayout-2.1.4.aar (androidx.constraintlayout:constraintlayout:2.1.4) with ExtractAarTransform
Transforming constraintlayout-2.1.4.aar (androidx.constraintlayout:constraintlayout:2.1.4) with AarTransform
Transforming appcompat-resources-1.7.0.aar (androidx.appcompat:appcompat-resources:1.7.0) with ExtractAarTransform
Transforming appcompat-resources-1.7.0.aar (androidx.appcompat:appcompat-resources:1.7.0) with AarTransform
Transforming appcompat-1.7.0.aar (androidx.appcompat:appcompat:1.7.0) with ExtractAarTransform
Transforming appcompat-1.7.0.aar (androidx.appcompat:appcompat:1.7.0) with AarTransform
Transforming viewpager2-1.1.0.aar (androidx.viewpager2:viewpager2:1.1.0) with ExtractAarTransform
Transforming viewpager2-1.1.0.aar (androidx.viewpager2:viewpager2:1.1.0) with AarTransform
Transforming media3-exoplayer-1.4.1.aar (androidx.media3:media3-exoplayer:1.4.1) with ExtractAarTransform
Transforming media3-exoplayer-1.4.1.aar (androidx.media3:media3-exoplayer:1.4.1) with AarTransform
Transforming media3-session-1.4.1.aar (androidx.media3:media3-session:1.4.1) with ExtractAarTransform
Transforming media3-session-1.4.1.aar (androidx.media3:media3-session:1.4.1) with AarTransform
Transforming media3-datasource-okhttp-1.4.1.aar (androidx.media3:media3-datasource-okhttp:1.4.1) with ExtractAarTransform
Transforming media3-datasource-okhttp-1.4.1.aar (androidx.media3:media3-datasource-okhttp:1.4.1) with AarTransform
Transforming media3-extractor-1.4.1.aar (androidx.media3:media3-extractor:1.4.1) with ExtractAarTransform
Transforming media3-extractor-1.4.1.aar (androidx.media3:media3-extractor:1.4.1) with AarTransform
Transforming media3-container-1.4.1.aar (androidx.media3:media3-container:1.4.1) with ExtractAarTransform
Transforming media3-container-1.4.1.aar (androidx.media3:media3-container:1.4.1) with AarTransform
Transforming media3-datasource-1.4.1.aar (androidx.media3:media3-datasource:1.4.1) with ExtractAarTransform
Transforming media3-datasource-1.4.1.aar (androidx.media3:media3-datasource:1.4.1) with AarTransform
Transforming media3-decoder-1.4.1.aar (androidx.media3:media3-decoder:1.4.1) with ExtractAarTransform
Transforming media3-decoder-1.4.1.aar (androidx.media3:media3-decoder:1.4.1) with AarTransform
Transforming media3-database-1.4.1.aar (androidx.media3:media3-database:1.4.1) with ExtractAarTransform
Transforming media3-database-1.4.1.aar (androidx.media3:media3-database:1.4.1) with AarTransform
Transforming media3-common-1.4.1.aar (androidx.media3:media3-common:1.4.1) with ExtractAarTransform
Transforming media3-common-1.4.1.aar (androidx.media3:media3-common:1.4.1) with AarTransform
Transforming media3-ui-1.4.1.aar (androidx.media3:media3-ui:1.4.1) with ExtractAarTransform
Transforming media3-ui-1.4.1.aar (androidx.media3:media3-ui:1.4.1) with AarTransform
Transforming recyclerview-1.3.2.aar (androidx.recyclerview:recyclerview:1.3.2) with ExtractAarTransform
Transforming recyclerview-1.3.2.aar (androidx.recyclerview:recyclerview:1.3.2) with AarTransform
Transforming glide-4.16.0.aar (com.github.bumptech.glide:glide:4.16.0) with ExtractAarTransform
Transforming glide-4.16.0.aar (com.github.bumptech.glide:glide:4.16.0) with AarTransform
Transforming fragment-1.8.2.aar (androidx.fragment:fragment:1.8.2) with ExtractAarTransform
Transforming fragment-1.8.2.aar (androidx.fragment:fragment:1.8.2) with AarTransform
Transforming swiperefreshlayout-1.1.0.aar (androidx.swiperefreshlayout:swiperefreshlayout:1.1.0) with ExtractAarTransform
Transforming swiperefreshlayout-1.1.0.aar (androidx.swiperefreshlayout:swiperefreshlayout:1.1.0) with AarTransform
Transforming palette-1.0.0.aar (androidx.palette:palette:1.0.0) with ExtractAarTransform
Transforming palette-1.0.0.aar (androidx.palette:palette:1.0.0) with AarTransform
Transforming transition-1.5.0.aar (androidx.transition:transition:1.5.0) with ExtractAarTransform
Transforming transition-1.5.0.aar (androidx.transition:transition:1.5.0) with AarTransform
Transforming dynamicanimation-1.0.0.aar (androidx.dynamicanimation:dynamicanimation:1.0.0) with ExtractAarTransform
Transforming dynamicanimation-1.0.0.aar (androidx.dynamicanimation:dynamicanimation:1.0.0) with AarTransform
Transforming legacy-support-core-utils-1.0.0.aar (androidx.legacy:legacy-support-core-utils:1.0.0) with ExtractAarTransform
Transforming legacy-support-core-utils-1.0.0.aar (androidx.legacy:legacy-support-core-utils:1.0.0) with AarTransform
Transforming legacy-support-core-utils-1.0.0.aar (androidx.legacy:legacy-support-core-utils:1.0.0) with ExtractAarTransform
Transforming legacy-support-core-utils-1.0.0.aar (androidx.legacy:legacy-support-core-utils:1.0.0) with AarTransform
Transforming loader-1.0.0.aar (androidx.loader:loader:1.0.0) with ExtractAarTransform
Transforming loader-1.0.0.aar (androidx.loader:loader:1.0.0) with AarTransform
Transforming loader-1.0.0.aar (androidx.loader:loader:1.0.0) with ExtractAarTransform
Transforming loader-1.0.0.aar (androidx.loader:loader:1.0.0) with AarTransform
Transforming lifecycle-runtime-release.aar (androidx.lifecycle:lifecycle-runtime-android:2.8.4) with ExtractAarTransform
Transforming lifecycle-runtime-release.aar (androidx.lifecycle:lifecycle-runtime-android:2.8.4) with AarTransform
Transforming activity-1.8.1.aar (androidx.activity:activity:1.8.1) with ExtractAarTransform
Transforming activity-1.8.1.aar (androidx.activity:activity:1.8.1) with AarTransform
Transforming emoji2-views-helper-1.3.0.aar (androidx.emoji2:emoji2-views-helper:1.3.0) with ExtractAarTransform
Transforming emoji2-views-helper-1.3.0.aar (androidx.emoji2:emoji2-views-helper:1.3.0) with AarTransform
Transforming emoji2-1.3.0.aar (androidx.emoji2:emoji2:1.3.0) with ExtractAarTransform
Transforming emoji2-1.3.0.aar (androidx.emoji2:emoji2:1.3.0) with AarTransform
Transforming savedstate-1.2.1.aar (androidx.savedstate:savedstate:1.2.1) with ExtractAarTransform
Transforming savedstate-1.2.1.aar (androidx.savedstate:savedstate:1.2.1) with AarTransform
Transforming lifecycle-viewmodel-2.8.4.aar (androidx.lifecycle:lifecycle-viewmodel:2.8.4) with ExtractAarTransform
Transforming lifecycle-viewmodel-2.8.4.aar (androidx.lifecycle:lifecycle-viewmodel:2.8.4) with AarTransform
Transforming lifecycle-viewmodel-release.aar (androidx.lifecycle:lifecycle-viewmodel-android:2.8.4) with ExtractAarTransform
Transforming lifecycle-viewmodel-release.aar (androidx.lifecycle:lifecycle-viewmodel-android:2.8.4) with AarTransform
Transforming lifecycle-process-2.8.4.aar (androidx.lifecycle:lifecycle-process:2.8.4) with ExtractAarTransform
Transforming lifecycle-process-2.8.4.aar (androidx.lifecycle:lifecycle-process:2.8.4) with AarTransform
Transforming lifecycle-livedata-core-ktx-2.8.4.aar (androidx.lifecycle:lifecycle-livedata-core-ktx:2.8.4) with ExtractAarTransform
Transforming lifecycle-livedata-core-ktx-2.8.4.aar (androidx.lifecycle:lifecycle-livedata-core-ktx:2.8.4) with AarTransform
Transforming lifecycle-viewmodel-savedstate-2.8.4.aar (androidx.lifecycle:lifecycle-viewmodel-savedstate:2.8.4) with ExtractAarTransform
Transforming lifecycle-viewmodel-savedstate-2.8.4.aar (androidx.lifecycle:lifecycle-viewmodel-savedstate:2.8.4) with AarTransform
Transforming lifecycle-livedata-core-2.8.4.aar (androidx.lifecycle:lifecycle-livedata-core:2.8.4) with ExtractAarTransform
Transforming lifecycle-livedata-core-2.8.4.aar (androidx.lifecycle:lifecycle-livedata-core:2.8.4) with AarTransform
Transforming lifecycle-livedata-2.8.4.aar (androidx.lifecycle:lifecycle-livedata:2.8.4) with ExtractAarTransform
Transforming lifecycle-livedata-2.8.4.aar (androidx.lifecycle:lifecycle-livedata:2.8.4) with AarTransform
Transforming lifecycle-livedata-2.8.4.aar (androidx.lifecycle:lifecycle-livedata:2.8.4) with ExtractAarTransform
Transforming lifecycle-livedata-2.8.4.aar (androidx.lifecycle:lifecycle-livedata:2.8.4) with AarTransform
Transforming customview-poolingcontainer-1.0.0.aar (androidx.customview:customview-poolingcontainer:1.0.0) with ExtractAarTransform
Transforming customview-poolingcontainer-1.0.0.aar (androidx.customview:customview-poolingcontainer:1.0.0) with AarTransform
Transforming core-ktx-1.13.0.aar (androidx.core:core-ktx:1.13.0) with ExtractAarTransform
Transforming core-ktx-1.13.0.aar (androidx.core:core-ktx:1.13.0) with AarTransform
Transforming drawerlayout-1.1.1.aar (androidx.drawerlayout:drawerlayout:1.1.1) with ExtractAarTransform
Transforming drawerlayout-1.1.1.aar (androidx.drawerlayout:drawerlayout:1.1.1) with AarTransform
Transforming coordinatorlayout-1.1.0.aar (androidx.coordinatorlayout:coordinatorlayout:1.1.0) with ExtractAarTransform
Transforming coordinatorlayout-1.1.0.aar (androidx.coordinatorlayout:coordinatorlayout:1.1.0) with AarTransform
Transforming vectordrawable-animated-1.1.0.aar (androidx.vectordrawable:vectordrawable-animated:1.1.0) with ExtractAarTransform
Transforming vectordrawable-animated-1.1.0.aar (androidx.vectordrawable:vectordrawable-animated:1.1.0) with AarTransform
Transforming vectordrawable-1.1.0.aar (androidx.vectordrawable:vectordrawable:1.1.0) with ExtractAarTransform
Transforming vectordrawable-1.1.0.aar (androidx.vectordrawable:vectordrawable:1.1.0) with AarTransform
Transforming vectordrawable-1.1.0.aar (androidx.vectordrawable:vectordrawable:1.1.0) with ExtractAarTransform
Transforming vectordrawable-1.1.0.aar (androidx.vectordrawable:vectordrawable:1.1.0) with AarTransform
Transforming viewpager-1.0.0.aar (androidx.viewpager:viewpager:1.0.0) with ExtractAarTransform
Transforming viewpager-1.0.0.aar (androidx.viewpager:viewpager:1.0.0) with AarTransform
Transforming media-1.7.0.aar (androidx.media:media:1.7.0) with ExtractAarTransform
Transforming media-1.7.0.aar (androidx.media:media:1.7.0) with AarTransform
Transforming customview-1.1.0.aar (androidx.customview:customview:1.1.0) with ExtractAarTransform
Transforming customview-1.1.0.aar (androidx.customview:customview:1.1.0) with AarTransform
Transforming customview-1.1.0.aar (androidx.customview:customview:1.1.0) with ExtractAarTransform
Transforming customview-1.1.0.aar (androidx.customview:customview:1.1.0) with AarTransform
Transforming customview-1.1.0.aar (androidx.customview:customview:1.1.0) with ExtractAarTransform
Transforming customview-1.1.0.aar (androidx.customview:customview:1.1.0) with AarTransform
Transforming customview-1.1.0.aar (androidx.customview:customview:1.1.0) with ExtractAarTransform
Transforming customview-1.1.0.aar (androidx.customview:customview:1.1.0) with AarTransform
Transforming core-1.13.0.aar (androidx.core:core:1.13.0) with ExtractAarTransform
Transforming core-1.13.0.aar (androidx.core:core:1.13.0) with AarTransform
Transforming core-1.13.0.aar (androidx.core:core:1.13.0) with ExtractAarTransform
Transforming core-1.13.0.aar (androidx.core:core:1.13.0) with AarTransform
Transforming core-1.13.0.aar (androidx.core:core:1.13.0) with ExtractAarTransform
Transforming core-1.13.0.aar (androidx.core:core:1.13.0) with AarTransform
Transforming core-1.13.0.aar (androidx.core:core:1.13.0) with ExtractAarTransform
Transforming core-1.13.0.aar (androidx.core:core:1.13.0) with AarTransform
Transforming core-1.13.0.aar (androidx.core:core:1.13.0) with ExtractAarTransform
Caching disabled for AarTransform: /home/runner/.gradle/caches/8.9/transforms/7327455338dff4560c262aa7ae95e453/transformed/constraintlayout-2.1.4 because:
  Caching not enabled.
Transforming core-1.13.0.aar (androidx.core:core:1.13.0) with AarTransform
Caching disabled for AarTransform: /home/runner/.gradle/caches/8.9/transforms/a90c6ec86b5ddf6edd61baf8e57409c7/transformed/viewbinding-8.5.2 because:
  Caching not enabled.
Transforming core-1.13.0.aar (androidx.core:core:1.13.0) with ExtractAarTransform
Transforming core-1.13.0.aar (androidx.core:core:1.13.0) with AarTransform
Transforming core-1.13.0.aar (androidx.core:core:1.13.0) with ExtractAarTransform
Transforming core-1.13.0.aar (androidx.core:core:1.13.0) with AarTransform
Transforming core-1.13.0.aar (androidx.core:core:1.13.0) with ExtractAarTransform
Transforming core-1.13.0.aar (androidx.core:core:1.13.0) with AarTransform
Transforming core-1.13.0.aar (androidx.core:core:1.13.0) with ExtractAarTransform
Transforming core-1.13.0.aar (androidx.core:core:1.13.0) with AarTransform
Transforming core-1.13.0.aar (androidx.core:core:1.13.0) with ExtractAarTransform
Transforming core-1.13.0.aar (androidx.core:core:1.13.0) with AarTransform
Transforming core-1.13.0.aar (androidx.core:core:1.13.0) with ExtractAarTransform
Transforming core-1.13.0.aar (androidx.core:core:1.13.0) with AarTransform
Transforming cursoradapter-1.0.0.aar (androidx.cursoradapter:cursoradapter:1.0.0) with ExtractAarTransform
Transforming cursoradapter-1.0.0.aar (androidx.cursoradapter:cursoradapter:1.0.0) with AarTransform
Transforming profileinstaller-1.3.1.aar (androidx.profileinstaller:profileinstaller:1.3.1) with ExtractAarTransform
Transforming profileinstaller-1.3.1.aar (androidx.profileinstaller:profileinstaller:1.3.1) with AarTransform
Transforming cardview-1.0.0.aar (androidx.cardview:cardview:1.0.0) with ExtractAarTransform
Transforming cardview-1.0.0.aar (androidx.cardview:cardview:1.0.0) with AarTransform
Transforming interpolator-1.0.0.aar (androidx.interpolator:interpolator:1.0.0) with ExtractAarTransform
Transforming interpolator-1.0.0.aar (androidx.interpolator:interpolator:1.0.0) with AarTransform
Transforming interpolator-1.0.0.aar (androidx.interpolator:interpolator:1.0.0) with ExtractAarTransform
Transforming interpolator-1.0.0.aar (androidx.interpolator:interpolator:1.0.0) with AarTransform
Transforming interpolator-1.0.0.aar (androidx.interpolator:interpolator:1.0.0) with ExtractAarTransform
Transforming interpolator-1.0.0.aar (androidx.interpolator:interpolator:1.0.0) with AarTransform
Transforming versionedparcelable-1.1.1.aar (androidx.versionedparcelable:versionedparcelable:1.1.1) with ExtractAarTransform
Transforming versionedparcelable-1.1.1.aar (androidx.versionedparcelable:versionedparcelable:1.1.1) with AarTransform
Transforming exifinterface-1.3.6.aar (androidx.exifinterface:exifinterface:1.3.6) with ExtractAarTransform
Transforming exifinterface-1.3.6.aar (androidx.exifinterface:exifinterface:1.3.6) with AarTransform
Transforming gifdecoder-4.16.0.aar (com.github.bumptech.glide:gifdecoder:4.16.0) with ExtractAarTransform
Transforming gifdecoder-4.16.0.aar (com.github.bumptech.glide:gifdecoder:4.16.0) with AarTransform
Transforming startup-runtime-1.1.1.aar (androidx.startup:startup-runtime:1.1.1) with ExtractAarTransform
Transforming startup-runtime-1.1.1.aar (androidx.startup:startup-runtime:1.1.1) with AarTransform
Transforming tracing-1.0.0.aar (androidx.tracing:tracing:1.0.0) with ExtractAarTransform
Transforming tracing-1.0.0.aar (androidx.tracing:tracing:1.0.0) with AarTransform
Transforming core-runtime-2.2.0.aar (androidx.arch.core:core-runtime:2.2.0) with ExtractAarTransform
Transforming core-runtime-2.2.0.aar (androidx.arch.core:core-runtime:2.2.0) with AarTransform
Transforming documentfile-1.0.0.aar (androidx.documentfile:documentfile:1.0.0) with ExtractAarTransform
Transforming documentfile-1.0.0.aar (androidx.documentfile:documentfile:1.0.0) with AarTransform
Transforming localbroadcastmanager-1.0.0.aar (androidx.localbroadcastmanager:localbroadcastmanager:1.0.0) with ExtractAarTransform
Transforming localbroadcastmanager-1.0.0.aar (androidx.localbroadcastmanager:localbroadcastmanager:1.0.0) with AarTransform
Transforming print-1.0.0.aar (androidx.print:print:1.0.0) with ExtractAarTransform
Transforming print-1.0.0.aar (androidx.print:print:1.0.0) with AarTransform
Transforming annotation-experimental-1.4.0.aar (androidx.annotation:annotation-experimental:1.4.0) with ExtractAarTransform
Transforming annotation-experimental-1.4.0.aar (androidx.annotation:annotation-experimental:1.4.0) with AarTransform
Caching disabled for AarTransform: /home/runner/.gradle/caches/8.9/transforms/74fc1268ff3f5642626e93f5ffaab0ee/transformed/appcompat-resources-1.7.0 because:
  Caching not enabled.
Caching disabled for AarTransform: /home/runner/.gradle/caches/8.9/transforms/b4d4520d3a7500151f758a57e313542a/transformed/material-1.12.0 because:
  Caching not enabled.
Caching disabled for AarTransform: /home/runner/.gradle/caches/8.9/transforms/0f2a90c70adc0c4633cded043e77d653/transformed/viewpager2-1.1.0 because:
  Caching not enabled.
Caching disabled for AarTransform: /home/runner/.gradle/caches/8.9/transforms/8e206d037e096a8246bf741b4599d3e3/transformed/media3-exoplayer-1.4.1 because:
  Caching not enabled.
Caching disabled for AarTransform: /home/runner/.gradle/caches/8.9/transforms/8f1c6be824d54d9036149e18b8487cd7/transformed/media3-datasource-okhttp-1.4.1 because:
  Caching not enabled.
Caching disabled for AarTransform: /home/runner/.gradle/caches/8.9/transforms/068d1c140dad434ad7566a26bcb09136/transformed/media3-extractor-1.4.1 because:
  Caching not enabled.
Caching disabled for AarTransform: /home/runner/.gradle/caches/8.9/transforms/787953bedcf891eaa3abe20dc151e7f8/transformed/media3-session-1.4.1 because:
  Caching not enabled.
Caching disabled for AarTransform: /home/runner/.gradle/caches/8.9/transforms/f13a0c08f7cfa0a877589804af7c06e5/transformed/media3-container-1.4.1 because:
  Caching not enabled.
Caching disabled for AarTransform: /home/runner/.gradle/caches/8.9/transforms/1dde5f983d8d8b69105a239187db4900/transformed/appcompat-1.7.0 because:
  Caching not enabled.
Caching disabled for AarTransform: /home/runner/.gradle/caches/8.9/transforms/86c00aab55672907703facd03d39bf3c/transformed/media3-datasource-1.4.1 because:
  Caching not enabled.
Caching disabled for AarTransform: /home/runner/.gradle/caches/8.9/transforms/25fb82ba0edec0f432fb835442dc7924/transformed/media3-decoder-1.4.1 because:
  Caching not enabled.
Caching disabled for AarTransform: /home/runner/.gradle/caches/8.9/transforms/47abc1295bc060486f1919c859794082/transformed/media3-database-1.4.1 because:
  Caching not enabled.
Caching disabled for AarTransform: /home/runner/.gradle/caches/8.9/transforms/71a3d4d7867ccf930919e7fe5351d607/transformed/media3-common-1.4.1 because:
  Caching not enabled.
Caching disabled for AarTransform: /home/runner/.gradle/caches/8.9/transforms/62454a3cca38d4b1256266a06e5b4e28/transformed/recyclerview-1.3.2 because:
  Caching not enabled.
Caching disabled for AarTransform: /home/runner/.gradle/caches/8.9/transforms/b9c68220fce63fb5e94ecc1589f37798/transformed/media3-ui-1.4.1 because:
  Caching not enabled.
Caching disabled for AarTransform: /home/runner/.gradle/caches/8.9/transforms/eba4b3f404cb9221119411cdcd7f8625/transformed/glide-4.16.0 because:
  Caching not enabled.
Caching disabled for AarTransform: /home/runner/.gradle/caches/8.9/transforms/38a168702c942661d7f4f8fd4756d72e/transformed/fragment-1.8.2 because:
  Caching not enabled.
Caching disabled for AarTransform: /home/runner/.gradle/caches/8.9/transforms/0b21b549e485c41d8939f4345317a927/transformed/swiperefreshlayout-1.1.0 because:
  Caching not enabled.
Caching disabled for AarTransform: /home/runner/.gradle/caches/8.9/transforms/10b18663614225c920b6298f756da05b/transformed/palette-1.0.0 because:
  Caching not enabled.
Caching disabled for AarTransform: /home/runner/.gradle/caches/8.9/transforms/9d1c947f318e9e7fc379378e64cb04ee/transformed/transition-1.5.0 because:
  Caching not enabled.
Caching disabled for AarTransform: /home/runner/.gradle/caches/8.9/transforms/f4be888dc301859ee5f0f579bb6b38e7/transformed/dynamicanimation-1.0.0 because:
  Caching not enabled.
Caching disabled for AarTransform: /home/runner/.gradle/caches/8.9/transforms/77afff4facff46d9e0ffea40c9ced703/transformed/legacy-support-core-utils-1.0.0 because:
  Caching not enabled.
Caching disabled for AarTransform: /home/runner/.gradle/caches/8.9/transforms/67ea28c3055e9d64bcc9ee19a46f8200/transformed/loader-1.0.0 because:
  Caching not enabled.
Caching disabled for AarTransform: /home/runner/.gradle/caches/8.9/transforms/f2c0c8c587af567fe0b24f144dc84797/transformed/lifecycle-runtime-release because:
  Caching not enabled.
Caching disabled for AarTransform: /home/runner/.gradle/caches/8.9/transforms/9ac45b03335b27bdae47388c3ef681b3/transformed/activity-1.8.1 because:
  Caching not enabled.
Caching disabled for AarTransform: /home/runner/.gradle/caches/8.9/transforms/d082fb77384557313e4b1a3ce8e0a50e/transformed/emoji2-views-helper-1.3.0 because:
  Caching not enabled.
Caching disabled for AarTransform: /home/runner/.gradle/caches/8.9/transforms/58242d362fcb8c56fa7ec6def399333d/transformed/savedstate-1.2.1 because:
  Caching not enabled.
Caching disabled for AarTransform: /home/runner/.gradle/caches/8.9/transforms/27fbc6f33c0ec7c17234cf593774cb95/transformed/emoji2-1.3.0 because:
  Caching not enabled.
Caching disabled for AarTransform: /home/runner/.gradle/caches/8.9/transforms/5773aed0a93405f51ae7deaa3b4737d0/transformed/lifecycle-viewmodel-2.8.4 because:
  Caching not enabled.
Caching disabled for AarTransform: /home/runner/.gradle/caches/8.9/transforms/4536204e998e995808ae26cae95d9f11/transformed/lifecycle-viewmodel-release because:
  Caching not enabled.
Caching disabled for AarTransform: /home/runner/.gradle/caches/8.9/transforms/cf94723d294267e6a8224b89f6f05948/transformed/lifecycle-process-2.8.4 because:
  Caching not enabled.
Caching disabled for AarTransform: /home/runner/.gradle/caches/8.9/transforms/c88b66ac669ebd352465d3b4158ebfa2/transformed/lifecycle-livedata-core-ktx-2.8.4 because:
  Caching not enabled.
Caching disabled for AarTransform: /home/runner/.gradle/caches/8.9/transforms/304301d79c98426692113d043e9a1632/transformed/lifecycle-viewmodel-savedstate-2.8.4 because:
  Caching not enabled.
Caching disabled for AarTransform: /home/runner/.gradle/caches/8.9/transforms/a94955b321dcfee0badac9caa8c8b552/transformed/lifecycle-livedata-2.8.4 because:
  Caching not enabled.
Caching disabled for AarTransform: /home/runner/.gradle/caches/8.9/transforms/f6d9851cfc4344c98341530c09a2d146/transformed/lifecycle-livedata-core-2.8.4 because:
  Caching not enabled.
Caching disabled for AarTransform: /home/runner/.gradle/caches/8.9/transforms/70a4404f78ff4408ba72cdeb9a417244/transformed/customview-poolingcontainer-1.0.0 because:
  Caching not enabled.
Caching disabled for AarTransform: /home/runner/.gradle/caches/8.9/transforms/f3c10adefffb4712327042b936c625b1/transformed/core-ktx-1.13.0 because:
  Caching not enabled.
Caching disabled for AarTransform: /home/runner/.gradle/caches/8.9/transforms/43625918a943aabeb509bfc3c0312b33/transformed/drawerlayout-1.1.1 because:
  Caching not enabled.
Caching disabled for AarTransform: /home/runner/.gradle/caches/8.9/transforms/70ee23c0e0e0c37dfe41d6c34d471261/transformed/coordinatorlayout-1.1.0 because:
  Caching not enabled.
Caching disabled for AarTransform: /home/runner/.gradle/caches/8.9/transforms/d4073ce150f09b8411f5a4751160ea57/transformed/vectordrawable-animated-1.1.0 because:
  Caching not enabled.
Caching disabled for AarTransform: /home/runner/.gradle/caches/8.9/transforms/b8f7ed74e747393379cf17addd3ed887/transformed/vectordrawable-1.1.0 because:
  Caching not enabled.
Caching disabled for AarTransform: /home/runner/.gradle/caches/8.9/transforms/99a4e4e56fab2ebb59654ca188732776/transformed/viewpager-1.0.0 because:
  Caching not enabled.
Caching disabled for AarTransform: /home/runner/.gradle/caches/8.9/transforms/47e61816cad352fbb2cb2109c88c93c4/transformed/media-1.7.0 because:
  Caching not enabled.
Caching disabled for AarTransform: /home/runner/.gradle/caches/8.9/transforms/ccb7155b84759ab93dd66aa5571c786b/transformed/customview-1.1.0 because:
  Caching not enabled.
Caching disabled for AarTransform: /home/runner/.gradle/caches/8.9/transforms/c71f5b93f765c81b68c6363ac2a86f13/transformed/core-1.13.0 because:
  Caching not enabled.
Caching disabled for AarTransform: /home/runner/.gradle/caches/8.9/transforms/125eb447ec418e197792928f7ac156f5/transformed/cursoradapter-1.0.0 because:
  Caching not enabled.
Caching disabled for AarTransform: /home/runner/.gradle/caches/8.9/transforms/d252cf611dfeee4f1fd88b3f1f95271f/transformed/profileinstaller-1.3.1 because:
  Caching not enabled.
Caching disabled for AarTransform: /home/runner/.gradle/caches/8.9/transforms/e57c5ec95d97095f7ddd08f083c26acd/transformed/cardview-1.0.0 because:
  Caching not enabled.
Caching disabled for AarTransform: /home/runner/.gradle/caches/8.9/transforms/4e8e304324599b458d61b8fae777970c/transformed/interpolator-1.0.0 because:
  Caching not enabled.
Caching disabled for AarTransform: /home/runner/.gradle/caches/8.9/transforms/5ac024980d164243ba39af4fe37c887f/transformed/exifinterface-1.3.6 because:
  Caching not enabled.
Caching disabled for AarTransform: /home/runner/.gradle/caches/8.9/transforms/fb24fd81fb948482846358d35ccc42a2/transformed/startup-runtime-1.1.1 because:
  Caching not enabled.
Caching disabled for AarTransform: /home/runner/.gradle/caches/8.9/transforms/d76f7faec08758676fd25dae129ae9e7/transformed/versionedparcelable-1.1.1 because:
  Caching not enabled.
Caching disabled for AarTransform: /home/runner/.gradle/caches/8.9/transforms/b681ba03f7bc5356d20eb93dbc4f69bc/transformed/gifdecoder-4.16.0 because:
  Caching not enabled.
Caching disabled for AarTransform: /home/runner/.gradle/caches/8.9/transforms/c713cbc1f0158f5129ff92fe7dbf94b9/transformed/tracing-1.0.0 because:
  Caching not enabled.
Caching disabled for AarTransform: /home/runner/.gradle/caches/8.9/transforms/9a0b92f9f6b3c890fc34cb4403a07da6/transformed/documentfile-1.0.0 because:
  Caching not enabled.
Caching disabled for AarTransform: /home/runner/.gradle/caches/8.9/transforms/955be4a975cbcd5ce3b32db831311006/transformed/localbroadcastmanager-1.0.0 because:
  Caching not enabled.
Caching disabled for AarTransform: /home/runner/.gradle/caches/8.9/transforms/17976e65923912d1f5a695e89a707860/transformed/print-1.0.0 because:
  Caching not enabled.
Caching disabled for AarTransform: /home/runner/.gradle/caches/8.9/transforms/c6f03c1e6772935c5ccd227794005cc7/transformed/core-runtime-2.2.0 because:
  Caching not enabled.
Caching disabled for AarTransform: /home/runner/.gradle/caches/8.9/transforms/5d63084fa3f6b3d2d1c088d876e5b51c/transformed/annotation-experimental-1.4.0 because:
  Caching not enabled.
Caching disabled for task ':app:checkDebugAarMetadata' because:
  Caching has been disabled for the task
Task ':app:checkDebugAarMetadata' is not up-to-date because:
  No history is available.

> Task :app:extractDeepLinksDebug
Build cache key for task ':app:extractDeepLinksDebug' is 154e554c4be5070f308013ec4f81caa0
Task ':app:extractDeepLinksDebug' is not up-to-date because:
  No history is available.
Stored cache entry for task ':app:extractDeepLinksDebug' with cache key 154e554c4be5070f308013ec4f81caa0
Resolve mutations for :app:processDebugMainManifest (Thread[included builds,5,main]) started.
:app:processDebugMainManifest (Thread[included builds,5,main]) started.

> Task :app:processDebugMainManifest
Transforming viewbinding-8.5.2.aar (androidx.databinding:viewbinding:8.5.2) with ExtractAarTransform
Transforming viewbinding-8.5.2.aar (androidx.databinding:viewbinding:8.5.2) with AarTransform
Transforming material-1.12.0.aar (com.google.android.material:material:1.12.0) with ExtractAarTransform
Transforming material-1.12.0.aar (com.google.android.material:material:1.12.0) with AarTransform
Transforming constraintlayout-2.1.4.aar (androidx.constraintlayout:constraintlayout:2.1.4) with ExtractAarTransform
Transforming constraintlayout-2.1.4.aar (androidx.constraintlayout:constraintlayout:2.1.4) with AarTransform
Transforming appcompat-resources-1.7.0.aar (androidx.appcompat:appcompat-resources:1.7.0) with ExtractAarTransform
Transforming appcompat-resources-1.7.0.aar (androidx.appcompat:appcompat-resources:1.7.0) with AarTransform
Transforming appcompat-1.7.0.aar (androidx.appcompat:appcompat:1.7.0) with ExtractAarTransform
Transforming appcompat-1.7.0.aar (androidx.appcompat:appcompat:1.7.0) with AarTransform
Transforming viewpager2-1.1.0.aar (androidx.viewpager2:viewpager2:1.1.0) with ExtractAarTransform
Transforming viewpager2-1.1.0.aar (androidx.viewpager2:viewpager2:1.1.0) with AarTransform
Transforming media3-exoplayer-1.4.1.aar (androidx.media3:media3-exoplayer:1.4.1) with ExtractAarTransform
Transforming media3-exoplayer-1.4.1.aar (androidx.media3:media3-exoplayer:1.4.1) with AarTransform
Transforming media3-session-1.4.1.aar (androidx.media3:media3-session:1.4.1) with ExtractAarTransform
Transforming media3-session-1.4.1.aar (androidx.media3:media3-session:1.4.1) with AarTransform
Transforming media3-datasource-okhttp-1.4.1.aar (androidx.media3:media3-datasource-okhttp:1.4.1) with ExtractAarTransform
Transforming media3-datasource-okhttp-1.4.1.aar (androidx.media3:media3-datasource-okhttp:1.4.1) with AarTransform
Transforming media3-extractor-1.4.1.aar (androidx.media3:media3-extractor:1.4.1) with ExtractAarTransform
Transforming media3-extractor-1.4.1.aar (androidx.media3:media3-extractor:1.4.1) with AarTransform
Transforming media3-container-1.4.1.aar (androidx.media3:media3-container:1.4.1) with ExtractAarTransform
Transforming media3-container-1.4.1.aar (androidx.media3:media3-container:1.4.1) with AarTransform
Transforming media3-datasource-1.4.1.aar (androidx.media3:media3-datasource:1.4.1) with ExtractAarTransform
Transforming media3-datasource-1.4.1.aar (androidx.media3:media3-datasource:1.4.1) with AarTransform
Transforming media3-decoder-1.4.1.aar (androidx.media3:media3-decoder:1.4.1) with ExtractAarTransform
Transforming media3-decoder-1.4.1.aar (androidx.media3:media3-decoder:1.4.1) with AarTransform
Transforming media3-database-1.4.1.aar (androidx.media3:media3-database:1.4.1) with ExtractAarTransform
Transforming media3-database-1.4.1.aar (androidx.media3:media3-database:1.4.1) with AarTransform
Transforming media3-common-1.4.1.aar (androidx.media3:media3-common:1.4.1) with ExtractAarTransform
Transforming media3-common-1.4.1.aar (androidx.media3:media3-common:1.4.1) with AarTransform
Transforming media3-ui-1.4.1.aar (androidx.media3:media3-ui:1.4.1) with ExtractAarTransform
Transforming media3-ui-1.4.1.aar (androidx.media3:media3-ui:1.4.1) with AarTransform
Transforming recyclerview-1.3.2.aar (androidx.recyclerview:recyclerview:1.3.2) with ExtractAarTransform
Transforming recyclerview-1.3.2.aar (androidx.recyclerview:recyclerview:1.3.2) with AarTransform
Transforming glide-4.16.0.aar (com.github.bumptech.glide:glide:4.16.0) with ExtractAarTransform
Transforming glide-4.16.0.aar (com.github.bumptech.glide:glide:4.16.0) with AarTransform
Transforming fragment-1.8.2.aar (androidx.fragment:fragment:1.8.2) with ExtractAarTransform
Transforming fragment-1.8.2.aar (androidx.fragment:fragment:1.8.2) with AarTransform
Transforming swiperefreshlayout-1.1.0.aar (androidx.swiperefreshlayout:swiperefreshlayout:1.1.0) with ExtractAarTransform
Transforming swiperefreshlayout-1.1.0.aar (androidx.swiperefreshlayout:swiperefreshlayout:1.1.0) with AarTransform
Transforming palette-1.0.0.aar (androidx.palette:palette:1.0.0) with ExtractAarTransform
Transforming palette-1.0.0.aar (androidx.palette:palette:1.0.0) with AarTransform
Transforming transition-1.5.0.aar (androidx.transition:transition:1.5.0) with ExtractAarTransform
Transforming transition-1.5.0.aar (androidx.transition:transition:1.5.0) with AarTransform
Transforming dynamicanimation-1.0.0.aar (androidx.dynamicanimation:dynamicanimation:1.0.0) with ExtractAarTransform
Transforming dynamicanimation-1.0.0.aar (androidx.dynamicanimation:dynamicanimation:1.0.0) with AarTransform
Transforming legacy-support-core-utils-1.0.0.aar (androidx.legacy:legacy-support-core-utils:1.0.0) with ExtractAarTransform
Transforming legacy-support-core-utils-1.0.0.aar (androidx.legacy:legacy-support-core-utils:1.0.0) with AarTransform
Transforming legacy-support-core-utils-1.0.0.aar (androidx.legacy:legacy-support-core-utils:1.0.0) with ExtractAarTransform
Transforming legacy-support-core-utils-1.0.0.aar (androidx.legacy:legacy-support-core-utils:1.0.0) with AarTransform
Transforming loader-1.0.0.aar (androidx.loader:loader:1.0.0) with ExtractAarTransform
Transforming loader-1.0.0.aar (androidx.loader:loader:1.0.0) with AarTransform
Transforming loader-1.0.0.aar (androidx.loader:loader:1.0.0) with ExtractAarTransform
Transforming loader-1.0.0.aar (androidx.loader:loader:1.0.0) with AarTransform
Transforming lifecycle-runtime-release.aar (androidx.lifecycle:lifecycle-runtime-android:2.8.4) with ExtractAarTransform
Transforming lifecycle-runtime-release.aar (androidx.lifecycle:lifecycle-runtime-android:2.8.4) with AarTransform
Transforming activity-1.8.1.aar (androidx.activity:activity:1.8.1) with ExtractAarTransform
Transforming activity-1.8.1.aar (androidx.activity:activity:1.8.1) with AarTransform
Caching disabled for AarTransform: /home/runner/.gradle/caches/8.9/transforms/7327455338dff4560c262aa7ae95e453/transformed/constraintlayout-2.1.4 because:
  Caching not enabled.
Caching disabled for AarTransform: /home/runner/.gradle/caches/8.9/transforms/b4d4520d3a7500151f758a57e313542a/transformed/material-1.12.0 because:
  Caching not enabled.
Caching disabled for AarTransform: /home/runner/.gradle/caches/8.9/transforms/a90c6ec86b5ddf6edd61baf8e57409c7/transformed/viewbinding-8.5.2 because:
  Caching not enabled.
Transforming emoji2-views-helper-1.3.0.aar (androidx.emoji2:emoji2-views-helper:1.3.0) with ExtractAarTransform
Transforming emoji2-views-helper-1.3.0.aar (androidx.emoji2:emoji2-views-helper:1.3.0) with AarTransform
Transforming emoji2-1.3.0.aar (androidx.emoji2:emoji2:1.3.0) with ExtractAarTransform
Transforming emoji2-1.3.0.aar (androidx.emoji2:emoji2:1.3.0) with AarTransform
Transforming savedstate-1.2.1.aar (androidx.savedstate:savedstate:1.2.1) with ExtractAarTransform
Transforming savedstate-1.2.1.aar (androidx.savedstate:savedstate:1.2.1) with AarTransform
Transforming lifecycle-viewmodel-2.8.4.aar (androidx.lifecycle:lifecycle-viewmodel:2.8.4) with ExtractAarTransform
Transforming lifecycle-viewmodel-2.8.4.aar (androidx.lifecycle:lifecycle-viewmodel:2.8.4) with AarTransform
Transforming lifecycle-viewmodel-release.aar (androidx.lifecycle:lifecycle-viewmodel-android:2.8.4) with ExtractAarTransform
Transforming lifecycle-viewmodel-release.aar (androidx.lifecycle:lifecycle-viewmodel-android:2.8.4) with AarTransform
Transforming lifecycle-process-2.8.4.aar (androidx.lifecycle:lifecycle-process:2.8.4) with ExtractAarTransform
Transforming lifecycle-process-2.8.4.aar (androidx.lifecycle:lifecycle-process:2.8.4) with AarTransform
Transforming lifecycle-livedata-core-ktx-2.8.4.aar (androidx.lifecycle:lifecycle-livedata-core-ktx:2.8.4) with ExtractAarTransform
Transforming lifecycle-livedata-core-ktx-2.8.4.aar (androidx.lifecycle:lifecycle-livedata-core-ktx:2.8.4) with AarTransform
Transforming lifecycle-viewmodel-savedstate-2.8.4.aar (androidx.lifecycle:lifecycle-viewmodel-savedstate:2.8.4) with ExtractAarTransform
Transforming lifecycle-viewmodel-savedstate-2.8.4.aar (androidx.lifecycle:lifecycle-viewmodel-savedstate:2.8.4) with AarTransform
Transforming lifecycle-livedata-core-2.8.4.aar (androidx.lifecycle:lifecycle-livedata-core:2.8.4) with ExtractAarTransform
Transforming lifecycle-livedata-core-2.8.4.aar (androidx.lifecycle:lifecycle-livedata-core:2.8.4) with AarTransform
Transforming lifecycle-livedata-2.8.4.aar (androidx.lifecycle:lifecycle-livedata:2.8.4) with ExtractAarTransform
Transforming lifecycle-livedata-2.8.4.aar (androidx.lifecycle:lifecycle-livedata:2.8.4) with AarTransform
Transforming lifecycle-livedata-2.8.4.aar (androidx.lifecycle:lifecycle-livedata:2.8.4) with ExtractAarTransform
Transforming lifecycle-livedata-2.8.4.aar (androidx.lifecycle:lifecycle-livedata:2.8.4) with AarTransform
Transforming customview-poolingcontainer-1.0.0.aar (androidx.customview:customview-poolingcontainer:1.0.0) with ExtractAarTransform
Transforming customview-poolingcontainer-1.0.0.aar (androidx.customview:customview-poolingcontainer:1.0.0) with AarTransform
Transforming core-ktx-1.13.0.aar (androidx.core:core-ktx:1.13.0) with ExtractAarTransform
Transforming core-ktx-1.13.0.aar (androidx.core:core-ktx:1.13.0) with AarTransform
Transforming drawerlayout-1.1.1.aar (androidx.drawerlayout:drawerlayout:1.1.1) with ExtractAarTransform
Transforming drawerlayout-1.1.1.aar (androidx.drawerlayout:drawerlayout:1.1.1) with AarTransform
Transforming coordinatorlayout-1.1.0.aar (androidx.coordinatorlayout:coordinatorlayout:1.1.0) with ExtractAarTransform
Transforming coordinatorlayout-1.1.0.aar (androidx.coordinatorlayout:coordinatorlayout:1.1.0) with AarTransform
Transforming vectordrawable-animated-1.1.0.aar (androidx.vectordrawable:vectordrawable-animated:1.1.0) with ExtractAarTransform
Transforming vectordrawable-animated-1.1.0.aar (androidx.vectordrawable:vectordrawable-animated:1.1.0) with AarTransform
Transforming vectordrawable-1.1.0.aar (androidx.vectordrawable:vectordrawable:1.1.0) with ExtractAarTransform
Transforming vectordrawable-1.1.0.aar (androidx.vectordrawable:vectordrawable:1.1.0) with AarTransform
Transforming vectordrawable-1.1.0.aar (androidx.vectordrawable:vectordrawable:1.1.0) with ExtractAarTransform
Transforming vectordrawable-1.1.0.aar (androidx.vectordrawable:vectordrawable:1.1.0) with AarTransform
Transforming viewpager-1.0.0.aar (androidx.viewpager:viewpager:1.0.0) with ExtractAarTransform
Transforming viewpager-1.0.0.aar (androidx.viewpager:viewpager:1.0.0) with AarTransform
Transforming media-1.7.0.aar (androidx.media:media:1.7.0) with ExtractAarTransform
Transforming media-1.7.0.aar (androidx.media:media:1.7.0) with AarTransform
Transforming customview-1.1.0.aar (androidx.customview:customview:1.1.0) with ExtractAarTransform
Transforming customview-1.1.0.aar (androidx.customview:customview:1.1.0) with AarTransform
Transforming customview-1.1.0.aar (androidx.customview:customview:1.1.0) with ExtractAarTransform
Transforming customview-1.1.0.aar (androidx.customview:customview:1.1.0) with AarTransform
Transforming customview-1.1.0.aar (androidx.customview:customview:1.1.0) with ExtractAarTransform
Transforming customview-1.1.0.aar (androidx.customview:customview:1.1.0) with AarTransform
Transforming customview-1.1.0.aar (androidx.customview:customview:1.1.0) with ExtractAarTransform
Transforming customview-1.1.0.aar (androidx.customview:customview:1.1.0) with AarTransform
Transforming core-1.13.0.aar (androidx.core:core:1.13.0) with ExtractAarTransform
Transforming core-1.13.0.aar (androidx.core:core:1.13.0) with AarTransform
Transforming core-1.13.0.aar (androidx.core:core:1.13.0) with ExtractAarTransform
Transforming core-1.13.0.aar (androidx.core:core:1.13.0) with AarTransform
Transforming core-1.13.0.aar (androidx.core:core:1.13.0) with ExtractAarTransform
Transforming core-1.13.0.aar (androidx.core:core:1.13.0) with AarTransform
Transforming core-1.13.0.aar (androidx.core:core:1.13.0) with ExtractAarTransform
Transforming core-1.13.0.aar (androidx.core:core:1.13.0) with AarTransform
Transforming core-1.13.0.aar (androidx.core:core:1.13.0) with ExtractAarTransform
Transforming core-1.13.0.aar (androidx.core:core:1.13.0) with AarTransform
Transforming core-1.13.0.aar (androidx.core:core:1.13.0) with ExtractAarTransform
Transforming core-1.13.0.aar (androidx.core:core:1.13.0) with AarTransform
Transforming core-1.13.0.aar (androidx.core:core:1.13.0) with ExtractAarTransform
Transforming core-1.13.0.aar (androidx.core:core:1.13.0) with AarTransform
Transforming core-1.13.0.aar (androidx.core:core:1.13.0) with ExtractAarTransform
Transforming core-1.13.0.aar (androidx.core:core:1.13.0) with AarTransform
Transforming core-1.13.0.aar (androidx.core:core:1.13.0) with ExtractAarTransform
Transforming core-1.13.0.aar (androidx.core:core:1.13.0) with AarTransform
Transforming core-1.13.0.aar (androidx.core:core:1.13.0) with ExtractAarTransform
Transforming core-1.13.0.aar (androidx.core:core:1.13.0) with AarTransform
Transforming core-1.13.0.aar (androidx.core:core:1.13.0) with ExtractAarTransform
Transforming core-1.13.0.aar (androidx.core:core:1.13.0) with AarTransform
Transforming cursoradapter-1.0.0.aar (androidx.cursoradapter:cursoradapter:1.0.0) with ExtractAarTransform
Transforming cursoradapter-1.0.0.aar (androidx.cursoradapter:cursoradapter:1.0.0) with AarTransform
Transforming profileinstaller-1.3.1.aar (androidx.profileinstaller:profileinstaller:1.3.1) with ExtractAarTransform
Transforming profileinstaller-1.3.1.aar (androidx.profileinstaller:profileinstaller:1.3.1) with AarTransform
Transforming cardview-1.0.0.aar (androidx.cardview:cardview:1.0.0) with ExtractAarTransform
Transforming cardview-1.0.0.aar (androidx.cardview:cardview:1.0.0) with AarTransform
Transforming interpolator-1.0.0.aar (androidx.interpolator:interpolator:1.0.0) with ExtractAarTransform
Transforming interpolator-1.0.0.aar (androidx.interpolator:interpolator:1.0.0) with AarTransform
Transforming interpolator-1.0.0.aar (androidx.interpolator:interpolator:1.0.0) with ExtractAarTransform
Transforming interpolator-1.0.0.aar (androidx.interpolator:interpolator:1.0.0) with AarTransform
Transforming interpolator-1.0.0.aar (androidx.interpolator:interpolator:1.0.0) with ExtractAarTransform
Transforming interpolator-1.0.0.aar (androidx.interpolator:interpolator:1.0.0) with AarTransform
Transforming versionedparcelable-1.1.1.aar (androidx.versionedparcelable:versionedparcelable:1.1.1) with ExtractAarTransform
Transforming versionedparcelable-1.1.1.aar (androidx.versionedparcelable:versionedparcelable:1.1.1) with AarTransform
Transforming exifinterface-1.3.6.aar (androidx.exifinterface:exifinterface:1.3.6) with ExtractAarTransform
Transforming exifinterface-1.3.6.aar (androidx.exifinterface:exifinterface:1.3.6) with AarTransform
Transforming gifdecoder-4.16.0.aar (com.github.bumptech.glide:gifdecoder:4.16.0) with ExtractAarTransform
Transforming gifdecoder-4.16.0.aar (com.github.bumptech.glide:gifdecoder:4.16.0) with AarTransform
Transforming startup-runtime-1.1.1.aar (androidx.startup:startup-runtime:1.1.1) with ExtractAarTransform
Transforming startup-runtime-1.1.1.aar (androidx.startup:startup-runtime:1.1.1) with AarTransform
Transforming tracing-1.0.0.aar (androidx.tracing:tracing:1.0.0) with ExtractAarTransform
Transforming tracing-1.0.0.aar (androidx.tracing:tracing:1.0.0) with AarTransform
Transforming core-runtime-2.2.0.aar (androidx.arch.core:core-runtime:2.2.0) with ExtractAarTransform
Transforming core-runtime-2.2.0.aar (androidx.arch.core:core-runtime:2.2.0) with AarTransform
Transforming documentfile-1.0.0.aar (androidx.documentfile:documentfile:1.0.0) with ExtractAarTransform
Transforming documentfile-1.0.0.aar (androidx.documentfile:documentfile:1.0.0) with AarTransform
Transforming localbroadcastmanager-1.0.0.aar (androidx.localbroadcastmanager:localbroadcastmanager:1.0.0) with ExtractAarTransform
Transforming localbroadcastmanager-1.0.0.aar (androidx.localbroadcastmanager:localbroadcastmanager:1.0.0) with AarTransform
Transforming print-1.0.0.aar (androidx.print:print:1.0.0) with ExtractAarTransform
Transforming print-1.0.0.aar (androidx.print:print:1.0.0) with AarTransform
Transforming annotation-experimental-1.4.0.aar (androidx.annotation:annotation-experimental:1.4.0) with ExtractAarTransform
Transforming annotation-experimental-1.4.0.aar (androidx.annotation:annotation-experimental:1.4.0) with AarTransform
Caching disabled for AarTransform: /home/runner/.gradle/caches/8.9/transforms/74fc1268ff3f5642626e93f5ffaab0ee/transformed/appcompat-resources-1.7.0 because:
  Caching not enabled.
Caching disabled for AarTransform: /home/runner/.gradle/caches/8.9/transforms/1dde5f983d8d8b69105a239187db4900/transformed/appcompat-1.7.0 because:
  Caching not enabled.
Caching disabled for AarTransform: /home/runner/.gradle/caches/8.9/transforms/0f2a90c70adc0c4633cded043e77d653/transformed/viewpager2-1.1.0 because:
  Caching not enabled.
Caching disabled for AarTransform: /home/runner/.gradle/caches/8.9/transforms/8e206d037e096a8246bf741b4599d3e3/transformed/media3-exoplayer-1.4.1 because:
  Caching not enabled.
Caching disabled for AarTransform: /home/runner/.gradle/caches/8.9/transforms/8f1c6be824d54d9036149e18b8487cd7/transformed/media3-datasource-okhttp-1.4.1 because:
  Caching not enabled.
Caching disabled for AarTransform: /home/runner/.gradle/caches/8.9/transforms/787953bedcf891eaa3abe20dc151e7f8/transformed/media3-session-1.4.1 because:
  Caching not enabled.
Caching disabled for AarTransform: /home/runner/.gradle/caches/8.9/transforms/068d1c140dad434ad7566a26bcb09136/transformed/media3-extractor-1.4.1 because:
  Caching not enabled.
Caching disabled for AarTransform: /home/runner/.gradle/caches/8.9/transforms/f13a0c08f7cfa0a877589804af7c06e5/transformed/media3-container-1.4.1 because:
  Caching not enabled.
Caching disabled for AarTransform: /home/runner/.gradle/caches/8.9/transforms/25fb82ba0edec0f432fb835442dc7924/transformed/media3-decoder-1.4.1 because:
  Caching not enabled.
Caching disabled for AarTransform: /home/runner/.gradle/caches/8.9/transforms/86c00aab55672907703facd03d39bf3c/transformed/media3-datasource-1.4.1 because:
  Caching not enabled.
Caching disabled for AarTransform: /home/runner/.gradle/caches/8.9/transforms/47abc1295bc060486f1919c859794082/transformed/media3-database-1.4.1 because:
  Caching not enabled.
Caching disabled for AarTransform: /home/runner/.gradle/caches/8.9/transforms/71a3d4d7867ccf930919e7fe5351d607/transformed/media3-common-1.4.1 because:
  Caching not enabled.
Caching disabled for AarTransform: /home/runner/.gradle/caches/8.9/transforms/b9c68220fce63fb5e94ecc1589f37798/transformed/media3-ui-1.4.1 because:
  Caching not enabled.
Caching disabled for AarTransform: /home/runner/.gradle/caches/8.9/transforms/eba4b3f404cb9221119411cdcd7f8625/transformed/glide-4.16.0 because:
  Caching not enabled.
Caching disabled for AarTransform: /home/runner/.gradle/caches/8.9/transforms/62454a3cca38d4b1256266a06e5b4e28/transformed/recyclerview-1.3.2 because:
  Caching not enabled.
Caching disabled for AarTransform: /home/runner/.gradle/caches/8.9/transforms/38a168702c942661d7f4f8fd4756d72e/transformed/fragment-1.8.2 because:
  Caching not enabled.
Caching disabled for AarTransform: /home/runner/.gradle/caches/8.9/transforms/0b21b549e485c41d8939f4345317a927/transformed/swiperefreshlayout-1.1.0 because:
  Caching not enabled.
Caching disabled for AarTransform: /home/runner/.gradle/caches/8.9/transforms/10b18663614225c920b6298f756da05b/transformed/palette-1.0.0 because:
  Caching not enabled.
Caching disabled for AarTransform: /home/runner/.gradle/caches/8.9/transforms/9d1c947f318e9e7fc379378e64cb04ee/transformed/transition-1.5.0 because:
  Caching not enabled.
Caching disabled for AarTransform: /home/runner/.gradle/caches/8.9/transforms/f4be888dc301859ee5f0f579bb6b38e7/transformed/dynamicanimation-1.0.0 because:
  Caching not enabled.
Caching disabled for AarTransform: /home/runner/.gradle/caches/8.9/transforms/77afff4facff46d9e0ffea40c9ced703/transformed/legacy-support-core-utils-1.0.0 because:
  Caching not enabled.
Caching disabled for AarTransform: /home/runner/.gradle/caches/8.9/transforms/67ea28c3055e9d64bcc9ee19a46f8200/transformed/loader-1.0.0 because:
  Caching not enabled.
Caching disabled for AarTransform: /home/runner/.gradle/caches/8.9/transforms/f2c0c8c587af567fe0b24f144dc84797/transformed/lifecycle-runtime-release because:
  Caching not enabled.
Caching disabled for AarTransform: /home/runner/.gradle/caches/8.9/transforms/9ac45b03335b27bdae47388c3ef681b3/transformed/activity-1.8.1 because:
  Caching not enabled.
Caching disabled for AarTransform: /home/runner/.gradle/caches/8.9/transforms/d082fb77384557313e4b1a3ce8e0a50e/transformed/emoji2-views-helper-1.3.0 because:
  Caching not enabled.
Caching disabled for AarTransform: /home/runner/.gradle/caches/8.9/transforms/27fbc6f33c0ec7c17234cf593774cb95/transformed/emoji2-1.3.0 because:
  Caching not enabled.
Caching disabled for AarTransform: /home/runner/.gradle/caches/8.9/transforms/5773aed0a93405f51ae7deaa3b4737d0/transformed/lifecycle-viewmodel-2.8.4 because:
  Caching not enabled.
Caching disabled for AarTransform: /home/runner/.gradle/caches/8.9/transforms/58242d362fcb8c56fa7ec6def399333d/transformed/savedstate-1.2.1 because:
  Caching not enabled.
Caching disabled for AarTransform: /home/runner/.gradle/caches/8.9/transforms/4536204e998e995808ae26cae95d9f11/transformed/lifecycle-viewmodel-release because:
  Caching not enabled.
Caching disabled for AarTransform: /home/runner/.gradle/caches/8.9/transforms/cf94723d294267e6a8224b89f6f05948/transformed/lifecycle-process-2.8.4 because:
  Caching not enabled.
Caching disabled for AarTransform: /home/runner/.gradle/caches/8.9/transforms/c88b66ac669ebd352465d3b4158ebfa2/transformed/lifecycle-livedata-core-ktx-2.8.4 because:
  Caching not enabled.
Caching disabled for AarTransform: /home/runner/.gradle/caches/8.9/transforms/304301d79c98426692113d043e9a1632/transformed/lifecycle-viewmodel-savedstate-2.8.4 because:
  Caching not enabled.
Caching disabled for AarTransform: /home/runner/.gradle/caches/8.9/transforms/f6d9851cfc4344c98341530c09a2d146/transformed/lifecycle-livedata-core-2.8.4 because:
  Caching not enabled.
Caching disabled for AarTransform: /home/runner/.gradle/caches/8.9/transforms/a94955b321dcfee0badac9caa8c8b552/transformed/lifecycle-livedata-2.8.4 because:
  Caching not enabled.
Caching disabled for AarTransform: /home/runner/.gradle/caches/8.9/transforms/70a4404f78ff4408ba72cdeb9a417244/transformed/customview-poolingcontainer-1.0.0 because:
  Caching not enabled.
Caching disabled for AarTransform: /home/runner/.gradle/caches/8.9/transforms/f3c10adefffb4712327042b936c625b1/transformed/core-ktx-1.13.0 because:
  Caching not enabled.
Caching disabled for AarTransform: /home/runner/.gradle/caches/8.9/transforms/43625918a943aabeb509bfc3c0312b33/transformed/drawerlayout-1.1.1 because:
  Caching not enabled.
Caching disabled for AarTransform: /home/runner/.gradle/caches/8.9/transforms/70ee23c0e0e0c37dfe41d6c34d471261/transformed/coordinatorlayout-1.1.0 because:
  Caching not enabled.
Caching disabled for AarTransform: /home/runner/.gradle/caches/8.9/transforms/d4073ce150f09b8411f5a4751160ea57/transformed/vectordrawable-animated-1.1.0 because:
  Caching not enabled.
Caching disabled for AarTransform: /home/runner/.gradle/caches/8.9/transforms/99a4e4e56fab2ebb59654ca188732776/transformed/viewpager-1.0.0 because:
  Caching not enabled.
Caching disabled for AarTransform: /home/runner/.gradle/caches/8.9/transforms/b8f7ed74e747393379cf17addd3ed887/transformed/vectordrawable-1.1.0 because:
  Caching not enabled.
Caching disabled for AarTransform: /home/runner/.gradle/caches/8.9/transforms/47e61816cad352fbb2cb2109c88c93c4/transformed/media-1.7.0 because:
  Caching not enabled.
Caching disabled for AarTransform: /home/runner/.gradle/caches/8.9/transforms/ccb7155b84759ab93dd66aa5571c786b/transformed/customview-1.1.0 because:
  Caching not enabled.
Caching disabled for AarTransform: /home/runner/.gradle/caches/8.9/transforms/c71f5b93f765c81b68c6363ac2a86f13/transformed/core-1.13.0 because:
  Caching not enabled.
Caching disabled for AarTransform: /home/runner/.gradle/caches/8.9/transforms/125eb447ec418e197792928f7ac156f5/transformed/cursoradapter-1.0.0 because:
  Caching not enabled.
Caching disabled for AarTransform: /home/runner/.gradle/caches/8.9/transforms/d252cf611dfeee4f1fd88b3f1f95271f/transformed/profileinstaller-1.3.1 because:
  Caching not enabled.
Caching disabled for AarTransform: /home/runner/.gradle/caches/8.9/transforms/4e8e304324599b458d61b8fae777970c/transformed/interpolator-1.0.0 because:
  Caching not enabled.
Caching disabled for AarTransform: /home/runner/.gradle/caches/8.9/transforms/e57c5ec95d97095f7ddd08f083c26acd/transformed/cardview-1.0.0 because:
  Caching not enabled.
Caching disabled for AarTransform: /home/runner/.gradle/caches/8.9/transforms/d76f7faec08758676fd25dae129ae9e7/transformed/versionedparcelable-1.1.1 because:
  Caching not enabled.
Caching disabled for AarTransform: /home/runner/.gradle/caches/8.9/transforms/5ac024980d164243ba39af4fe37c887f/transformed/exifinterface-1.3.6 because:
  Caching not enabled.
Caching disabled for AarTransform: /home/runner/.gradle/caches/8.9/transforms/b681ba03f7bc5356d20eb93dbc4f69bc/transformed/gifdecoder-4.16.0 because:
  Caching not enabled.
Caching disabled for AarTransform: /home/runner/.gradle/caches/8.9/transforms/fb24fd81fb948482846358d35ccc42a2/transformed/startup-runtime-1.1.1 because:
  Caching not enabled.
Caching disabled for AarTransform: /home/runner/.gradle/caches/8.9/transforms/c713cbc1f0158f5129ff92fe7dbf94b9/transformed/tracing-1.0.0 because:
  Caching not enabled.
Caching disabled for AarTransform: /home/runner/.gradle/caches/8.9/transforms/c6f03c1e6772935c5ccd227794005cc7/transformed/core-runtime-2.2.0 because:
  Caching not enabled.
Caching disabled for AarTransform: /home/runner/.gradle/caches/8.9/transforms/9a0b92f9f6b3c890fc34cb4403a07da6/transformed/documentfile-1.0.0 because:
  Caching not enabled.
Caching disabled for AarTransform: /home/runner/.gradle/caches/8.9/transforms/955be4a975cbcd5ce3b32db831311006/transformed/localbroadcastmanager-1.0.0 because:
  Caching not enabled.
Caching disabled for AarTransform: /home/runner/.gradle/caches/8.9/transforms/17976e65923912d1f5a695e89a707860/transformed/print-1.0.0 because:
  Caching not enabled.
Caching disabled for AarTransform: /home/runner/.gradle/caches/8.9/transforms/5d63084fa3f6b3d2d1c088d876e5b51c/transformed/annotation-experimental-1.4.0 because:
  Caching not enabled.
Transforming viewbinding-8.5.2.aar (androidx.databinding:viewbinding:8.5.2) with ExtractAarTransform
Transforming viewbinding-8.5.2.aar (androidx.databinding:viewbinding:8.5.2) with AarTransform
Transforming material-1.12.0.aar (com.google.android.material:material:1.12.0) with ExtractAarTransform
Transforming material-1.12.0.aar (com.google.android.material:material:1.12.0) with AarTransform
Transforming constraintlayout-2.1.4.aar (androidx.constraintlayout:constraintlayout:2.1.4) with ExtractAarTransform
Transforming constraintlayout-2.1.4.aar (androidx.constraintlayout:constraintlayout:2.1.4) with AarTransform
Transforming appcompat-resources-1.7.0.aar (androidx.appcompat:appcompat-resources:1.7.0) with ExtractAarTransform
Transforming appcompat-resources-1.7.0.aar (androidx.appcompat:appcompat-resources:1.7.0) with AarTransform
Caching disabled for AarTransform: /home/runner/.gradle/caches/8.9/transforms/a90c6ec86b5ddf6edd61baf8e57409c7/transformed/viewbinding-8.5.2 because:
  Caching not enabled.
Caching disabled for AarTransform: /home/runner/.gradle/caches/8.9/transforms/7327455338dff4560c262aa7ae95e453/transformed/constraintlayout-2.1.4 because:
  Caching not enabled.
Transforming appcompat-1.7.0.aar (androidx.appcompat:appcompat:1.7.0) with ExtractAarTransform
Transforming appcompat-1.7.0.aar (androidx.appcompat:appcompat:1.7.0) with AarTransform
Transforming viewpager2-1.1.0.aar (androidx.viewpager2:viewpager2:1.1.0) with ExtractAarTransform
Transforming viewpager2-1.1.0.aar (androidx.viewpager2:viewpager2:1.1.0) with AarTransform
Transforming media3-exoplayer-1.4.1.aar (androidx.media3:media3-exoplayer:1.4.1) with ExtractAarTransform
Transforming media3-exoplayer-1.4.1.aar (androidx.media3:media3-exoplayer:1.4.1) with AarTransform
Transforming media3-session-1.4.1.aar (androidx.media3:media3-session:1.4.1) with ExtractAarTransform
Transforming media3-session-1.4.1.aar (androidx.media3:media3-session:1.4.1) with AarTransform
Transforming media3-datasource-okhttp-1.4.1.aar (androidx.media3:media3-datasource-okhttp:1.4.1) with ExtractAarTransform
Transforming media3-datasource-okhttp-1.4.1.aar (androidx.media3:media3-datasource-okhttp:1.4.1) with AarTransform
Transforming media3-extractor-1.4.1.aar (androidx.media3:media3-extractor:1.4.1) with ExtractAarTransform
Transforming media3-extractor-1.4.1.aar (androidx.media3:media3-extractor:1.4.1) with AarTransform
Transforming media3-container-1.4.1.aar (androidx.media3:media3-container:1.4.1) with ExtractAarTransform
Transforming media3-container-1.4.1.aar (androidx.media3:media3-container:1.4.1) with AarTransform
Transforming media3-datasource-1.4.1.aar (androidx.media3:media3-datasource:1.4.1) with ExtractAarTransform
Transforming media3-datasource-1.4.1.aar (androidx.media3:media3-datasource:1.4.1) with AarTransform
Transforming media3-decoder-1.4.1.aar (androidx.media3:media3-decoder:1.4.1) with ExtractAarTransform
Caching disabled for AarTransform: /home/runner/.gradle/caches/8.9/transforms/b4d4520d3a7500151f758a57e313542a/transformed/material-1.12.0 because:
  Caching not enabled.
Caching disabled for AarTransform: /home/runner/.gradle/caches/8.9/transforms/74fc1268ff3f5642626e93f5ffaab0ee/transformed/appcompat-resources-1.7.0 because:
  Caching not enabled.
Transforming media3-decoder-1.4.1.aar (androidx.media3:media3-decoder:1.4.1) with AarTransform
Transforming media3-database-1.4.1.aar (androidx.media3:media3-database:1.4.1) with ExtractAarTransform
Caching disabled for AarTransform: /home/runner/.gradle/caches/8.9/transforms/0f2a90c70adc0c4633cded043e77d653/transformed/viewpager2-1.1.0 because:
  Caching not enabled.
Transforming media3-database-1.4.1.aar (androidx.media3:media3-database:1.4.1) with AarTransform
Transforming media3-common-1.4.1.aar (androidx.media3:media3-common:1.4.1) with ExtractAarTransform
Transforming media3-common-1.4.1.aar (androidx.media3:media3-common:1.4.1) with AarTransform
Transforming media3-ui-1.4.1.aar (androidx.media3:media3-ui:1.4.1) with ExtractAarTransform
Transforming media3-ui-1.4.1.aar (androidx.media3:media3-ui:1.4.1) with AarTransform
Transforming recyclerview-1.3.2.aar (androidx.recyclerview:recyclerview:1.3.2) with ExtractAarTransform
Transforming recyclerview-1.3.2.aar (androidx.recyclerview:recyclerview:1.3.2) with AarTransform
Caching disabled for AarTransform: /home/runner/.gradle/caches/8.9/transforms/8e206d037e096a8246bf741b4599d3e3/transformed/media3-exoplayer-1.4.1 because:
  Caching not enabled.
Caching disabled for AarTransform: /home/runner/.gradle/caches/8.9/transforms/1dde5f983d8d8b69105a239187db4900/transformed/appcompat-1.7.0 because:
  Caching not enabled.
Transforming glide-4.16.0.aar (com.github.bumptech.glide:glide:4.16.0) with ExtractAarTransform
Transforming glide-4.16.0.aar (com.github.bumptech.glide:glide:4.16.0) with AarTransform
Transforming fragment-1.8.2.aar (androidx.fragment:fragment:1.8.2) with ExtractAarTransform
Transforming fragment-1.8.2.aar (androidx.fragment:fragment:1.8.2) with AarTransform
Transforming swiperefreshlayout-1.1.0.aar (androidx.swiperefreshlayout:swiperefreshlayout:1.1.0) with ExtractAarTransform
Transforming swiperefreshlayout-1.1.0.aar (androidx.swiperefreshlayout:swiperefreshlayout:1.1.0) with AarTransform
Transforming palette-1.0.0.aar (androidx.palette:palette:1.0.0) with ExtractAarTransform
Transforming palette-1.0.0.aar (androidx.palette:palette:1.0.0) with AarTransform
Transforming transition-1.5.0.aar (androidx.transition:transition:1.5.0) with ExtractAarTransform
Transforming transition-1.5.0.aar (androidx.transition:transition:1.5.0) with AarTransform
Transforming dynamicanimation-1.0.0.aar (androidx.dynamicanimation:dynamicanimation:1.0.0) with ExtractAarTransform
Transforming dynamicanimation-1.0.0.aar (androidx.dynamicanimation:dynamicanimation:1.0.0) with AarTransform
Transforming legacy-support-core-utils-1.0.0.aar (androidx.legacy:legacy-support-core-utils:1.0.0) with ExtractAarTransform
Transforming legacy-support-core-utils-1.0.0.aar (androidx.legacy:legacy-support-core-utils:1.0.0) with AarTransform
Transforming legacy-support-core-utils-1.0.0.aar (androidx.legacy:legacy-support-core-utils:1.0.0) with ExtractAarTransform
Transforming legacy-support-core-utils-1.0.0.aar (androidx.legacy:legacy-support-core-utils:1.0.0) with AarTransform
Transforming loader-1.0.0.aar (androidx.loader:loader:1.0.0) with ExtractAarTransform
Transforming loader-1.0.0.aar (androidx.loader:loader:1.0.0) with AarTransform
Transforming loader-1.0.0.aar (androidx.loader:loader:1.0.0) with ExtractAarTransform
Transforming loader-1.0.0.aar (androidx.loader:loader:1.0.0) with AarTransform
Transforming lifecycle-runtime-release.aar (androidx.lifecycle:lifecycle-runtime-android:2.8.4) with ExtractAarTransform
Transforming lifecycle-runtime-release.aar (androidx.lifecycle:lifecycle-runtime-android:2.8.4) with AarTransform
Transforming activity-1.8.1.aar (androidx.activity:activity:1.8.1) with ExtractAarTransform
Transforming activity-1.8.1.aar (androidx.activity:activity:1.8.1) with AarTransform
Transforming emoji2-views-helper-1.3.0.aar (androidx.emoji2:emoji2-views-helper:1.3.0) with ExtractAarTransform
Transforming emoji2-views-helper-1.3.0.aar (androidx.emoji2:emoji2-views-helper:1.3.0) with AarTransform
Transforming emoji2-1.3.0.aar (androidx.emoji2:emoji2:1.3.0) with ExtractAarTransform
Transforming emoji2-1.3.0.aar (androidx.emoji2:emoji2:1.3.0) with AarTransform
Transforming savedstate-1.2.1.aar (androidx.savedstate:savedstate:1.2.1) with ExtractAarTransform
Transforming savedstate-1.2.1.aar (androidx.savedstate:savedstate:1.2.1) with AarTransform
Transforming lifecycle-viewmodel-2.8.4.aar (androidx.lifecycle:lifecycle-viewmodel:2.8.4) with ExtractAarTransform
Transforming lifecycle-viewmodel-2.8.4.aar (androidx.lifecycle:lifecycle-viewmodel:2.8.4) with AarTransform
Transforming lifecycle-viewmodel-release.aar (androidx.lifecycle:lifecycle-viewmodel-android:2.8.4) with ExtractAarTransform
Transforming lifecycle-viewmodel-release.aar (androidx.lifecycle:lifecycle-viewmodel-android:2.8.4) with AarTransform
Transforming lifecycle-process-2.8.4.aar (androidx.lifecycle:lifecycle-process:2.8.4) with ExtractAarTransform
Transforming lifecycle-process-2.8.4.aar (androidx.lifecycle:lifecycle-process:2.8.4) with AarTransform
Transforming lifecycle-livedata-core-ktx-2.8.4.aar (androidx.lifecycle:lifecycle-livedata-core-ktx:2.8.4) with ExtractAarTransform
Transforming lifecycle-livedata-core-ktx-2.8.4.aar (androidx.lifecycle:lifecycle-livedata-core-ktx:2.8.4) with AarTransform
Transforming lifecycle-viewmodel-savedstate-2.8.4.aar (androidx.lifecycle:lifecycle-viewmodel-savedstate:2.8.4) with ExtractAarTransform
Transforming lifecycle-viewmodel-savedstate-2.8.4.aar (androidx.lifecycle:lifecycle-viewmodel-savedstate:2.8.4) with AarTransform
Transforming lifecycle-livedata-core-2.8.4.aar (androidx.lifecycle:lifecycle-livedata-core:2.8.4) with ExtractAarTransform
Transforming lifecycle-livedata-core-2.8.4.aar (androidx.lifecycle:lifecycle-livedata-core:2.8.4) with AarTransform
Transforming lifecycle-livedata-2.8.4.aar (androidx.lifecycle:lifecycle-livedata:2.8.4) with ExtractAarTransform
Transforming lifecycle-livedata-2.8.4.aar (androidx.lifecycle:lifecycle-livedata:2.8.4) with AarTransform
Transforming lifecycle-livedata-2.8.4.aar (androidx.lifecycle:lifecycle-livedata:2.8.4) with ExtractAarTransform
Transforming lifecycle-livedata-2.8.4.aar (androidx.lifecycle:lifecycle-livedata:2.8.4) with AarTransform
Transforming customview-poolingcontainer-1.0.0.aar (androidx.customview:customview-poolingcontainer:1.0.0) with ExtractAarTransform
Transforming customview-poolingcontainer-1.0.0.aar (androidx.customview:customview-poolingcontainer:1.0.0) with AarTransform
Transforming core-ktx-1.13.0.aar (androidx.core:core-ktx:1.13.0) with ExtractAarTransform
Transforming core-ktx-1.13.0.aar (androidx.core:core-ktx:1.13.0) with AarTransform
Transforming drawerlayout-1.1.1.aar (androidx.drawerlayout:drawerlayout:1.1.1) with ExtractAarTransform
Transforming drawerlayout-1.1.1.aar (androidx.drawerlayout:drawerlayout:1.1.1) with AarTransform
Transforming coordinatorlayout-1.1.0.aar (androidx.coordinatorlayout:coordinatorlayout:1.1.0) with ExtractAarTransform
Transforming coordinatorlayout-1.1.0.aar (androidx.coordinatorlayout:coordinatorlayout:1.1.0) with AarTransform
Transforming vectordrawable-animated-1.1.0.aar (androidx.vectordrawable:vectordrawable-animated:1.1.0) with ExtractAarTransform
Transforming vectordrawable-animated-1.1.0.aar (androidx.vectordrawable:vectordrawable-animated:1.1.0) with AarTransform
Transforming vectordrawable-1.1.0.aar (androidx.vectordrawable:vectordrawable:1.1.0) with ExtractAarTransform
Transforming vectordrawable-1.1.0.aar (androidx.vectordrawable:vectordrawable:1.1.0) with AarTransform
Transforming vectordrawable-1.1.0.aar (androidx.vectordrawable:vectordrawable:1.1.0) with ExtractAarTransform
Transforming vectordrawable-1.1.0.aar (androidx.vectordrawable:vectordrawable:1.1.0) with AarTransform
Transforming viewpager-1.0.0.aar (androidx.viewpager:viewpager:1.0.0) with ExtractAarTransform
Transforming viewpager-1.0.0.aar (androidx.viewpager:viewpager:1.0.0) with AarTransform
Transforming media-1.7.0.aar (androidx.media:media:1.7.0) with ExtractAarTransform
Transforming media-1.7.0.aar (androidx.media:media:1.7.0) with AarTransform
Transforming customview-1.1.0.aar (androidx.customview:customview:1.1.0) with ExtractAarTransform
Transforming customview-1.1.0.aar (androidx.customview:customview:1.1.0) with AarTransform
Transforming customview-1.1.0.aar (androidx.customview:customview:1.1.0) with ExtractAarTransform
Transforming customview-1.1.0.aar (androidx.customview:customview:1.1.0) with AarTransform
Transforming customview-1.1.0.aar (androidx.customview:customview:1.1.0) with ExtractAarTransform
Transforming customview-1.1.0.aar (androidx.customview:customview:1.1.0) with AarTransform
Transforming customview-1.1.0.aar (androidx.customview:customview:1.1.0) with ExtractAarTransform
Transforming customview-1.1.0.aar (androidx.customview:customview:1.1.0) with AarTransform
Transforming core-1.13.0.aar (androidx.core:core:1.13.0) with ExtractAarTransform
Transforming core-1.13.0.aar (androidx.core:core:1.13.0) with AarTransform
Transforming core-1.13.0.aar (androidx.core:core:1.13.0) with ExtractAarTransform
Transforming core-1.13.0.aar (androidx.core:core:1.13.0) with AarTransform
Transforming core-1.13.0.aar (androidx.core:core:1.13.0) with ExtractAarTransform
Transforming core-1.13.0.aar (androidx.core:core:1.13.0) with AarTransform
Transforming core-1.13.0.aar (androidx.core:core:1.13.0) with ExtractAarTransform
Transforming core-1.13.0.aar (androidx.core:core:1.13.0) with AarTransform
Caching disabled for AarTransform: /home/runner/.gradle/caches/8.9/transforms/787953bedcf891eaa3abe20dc151e7f8/transformed/media3-session-1.4.1 because:
  Caching not enabled.
Transforming core-1.13.0.aar (androidx.core:core:1.13.0) with ExtractAarTransform
Transforming core-1.13.0.aar (androidx.core:core:1.13.0) with AarTransform
Transforming core-1.13.0.aar (androidx.core:core:1.13.0) with ExtractAarTransform
Transforming core-1.13.0.aar (androidx.core:core:1.13.0) with AarTransform
Transforming core-1.13.0.aar (androidx.core:core:1.13.0) with ExtractAarTransform
Transforming core-1.13.0.aar (androidx.core:core:1.13.0) with AarTransform
Transforming core-1.13.0.aar (androidx.core:core:1.13.0) with ExtractAarTransform
Transforming core-1.13.0.aar (androidx.core:core:1.13.0) with AarTransform
Transforming core-1.13.0.aar (androidx.core:core:1.13.0) with ExtractAarTransform
Transforming core-1.13.0.aar (androidx.core:core:1.13.0) with AarTransform
Transforming core-1.13.0.aar (androidx.core:core:1.13.0) with ExtractAarTransform
Transforming core-1.13.0.aar (androidx.core:core:1.13.0) with AarTransform
Transforming core-1.13.0.aar (androidx.core:core:1.13.0) with ExtractAarTransform
Transforming core-1.13.0.aar (androidx.core:core:1.13.0) with AarTransform
Transforming cursoradapter-1.0.0.aar (androidx.cursoradapter:cursoradapter:1.0.0) with ExtractAarTransform
Transforming cursoradapter-1.0.0.aar (androidx.cursoradapter:cursoradapter:1.0.0) with AarTransform
Transforming profileinstaller-1.3.1.aar (androidx.profileinstaller:profileinstaller:1.3.1) with ExtractAarTransform
Transforming profileinstaller-1.3.1.aar (androidx.profileinstaller:profileinstaller:1.3.1) with AarTransform
Transforming cardview-1.0.0.aar (androidx.cardview:cardview:1.0.0) with ExtractAarTransform
Transforming cardview-1.0.0.aar (androidx.cardview:cardview:1.0.0) with AarTransform
Transforming interpolator-1.0.0.aar (androidx.interpolator:interpolator:1.0.0) with ExtractAarTransform
Transforming interpolator-1.0.0.aar (androidx.interpolator:interpolator:1.0.0) with AarTransform
Transforming interpolator-1.0.0.aar (androidx.interpolator:interpolator:1.0.0) with ExtractAarTransform
Transforming interpolator-1.0.0.aar (androidx.interpolator:interpolator:1.0.0) with AarTransform
Transforming interpolator-1.0.0.aar (androidx.interpolator:interpolator:1.0.0) with ExtractAarTransform
Transforming interpolator-1.0.0.aar (androidx.interpolator:interpolator:1.0.0) with AarTransform
Transforming versionedparcelable-1.1.1.aar (androidx.versionedparcelable:versionedparcelable:1.1.1) with ExtractAarTransform
Transforming versionedparcelable-1.1.1.aar (androidx.versionedparcelable:versionedparcelable:1.1.1) with AarTransform
Transforming exifinterface-1.3.6.aar (androidx.exifinterface:exifinterface:1.3.6) with ExtractAarTransform
Transforming exifinterface-1.3.6.aar (androidx.exifinterface:exifinterface:1.3.6) with AarTransform
Transforming gifdecoder-4.16.0.aar (com.github.bumptech.glide:gifdecoder:4.16.0) with ExtractAarTransform
Transforming gifdecoder-4.16.0.aar (com.github.bumptech.glide:gifdecoder:4.16.0) with AarTransform
Transforming startup-runtime-1.1.1.aar (androidx.startup:startup-runtime:1.1.1) with ExtractAarTransform
Transforming startup-runtime-1.1.1.aar (androidx.startup:startup-runtime:1.1.1) with AarTransform
Transforming tracing-1.0.0.aar (androidx.tracing:tracing:1.0.0) with ExtractAarTransform
Transforming tracing-1.0.0.aar (androidx.tracing:tracing:1.0.0) with AarTransform
Transforming core-runtime-2.2.0.aar (androidx.arch.core:core-runtime:2.2.0) with ExtractAarTransform
Transforming core-runtime-2.2.0.aar (androidx.arch.core:core-runtime:2.2.0) with AarTransform
Transforming documentfile-1.0.0.aar (androidx.documentfile:documentfile:1.0.0) with ExtractAarTransform
Transforming documentfile-1.0.0.aar (androidx.documentfile:documentfile:1.0.0) with AarTransform
Transforming localbroadcastmanager-1.0.0.aar (androidx.localbroadcastmanager:localbroadcastmanager:1.0.0) with ExtractAarTransform
Transforming localbroadcastmanager-1.0.0.aar (androidx.localbroadcastmanager:localbroadcastmanager:1.0.0) with AarTransform
Transforming print-1.0.0.aar (androidx.print:print:1.0.0) with ExtractAarTransform
Transforming print-1.0.0.aar (androidx.print:print:1.0.0) with AarTransform
Transforming annotation-experimental-1.4.0.aar (androidx.annotation:annotation-experimental:1.4.0) with ExtractAarTransform
Transforming annotation-experimental-1.4.0.aar (androidx.annotation:annotation-experimental:1.4.0) with AarTransform
Caching disabled for AarTransform: /home/runner/.gradle/caches/8.9/transforms/8f1c6be824d54d9036149e18b8487cd7/transformed/media3-datasource-okhttp-1.4.1 because:
  Caching not enabled.
Caching disabled for AarTransform: /home/runner/.gradle/caches/8.9/transforms/068d1c140dad434ad7566a26bcb09136/transformed/media3-extractor-1.4.1 because:
  Caching not enabled.
Caching disabled for AarTransform: /home/runner/.gradle/caches/8.9/transforms/f13a0c08f7cfa0a877589804af7c06e5/transformed/media3-container-1.4.1 because:
  Caching not enabled.
Caching disabled for AarTransform: /home/runner/.gradle/caches/8.9/transforms/86c00aab55672907703facd03d39bf3c/transformed/media3-datasource-1.4.1 because:
  Caching not enabled.
Caching disabled for AarTransform: /home/runner/.gradle/caches/8.9/transforms/25fb82ba0edec0f432fb835442dc7924/transformed/media3-decoder-1.4.1 because:
  Caching not enabled.
Caching disabled for AarTransform: /home/runner/.gradle/caches/8.9/transforms/47abc1295bc060486f1919c859794082/transformed/media3-database-1.4.1 because:
  Caching not enabled.
Caching disabled for AarTransform: /home/runner/.gradle/caches/8.9/transforms/71a3d4d7867ccf930919e7fe5351d607/transformed/media3-common-1.4.1 because:
  Caching not enabled.
Caching disabled for AarTransform: /home/runner/.gradle/caches/8.9/transforms/62454a3cca38d4b1256266a06e5b4e28/transformed/recyclerview-1.3.2 because:
  Caching not enabled.
Caching disabled for AarTransform: /home/runner/.gradle/caches/8.9/transforms/b9c68220fce63fb5e94ecc1589f37798/transformed/media3-ui-1.4.1 because:
  Caching not enabled.
Caching disabled for AarTransform: /home/runner/.gradle/caches/8.9/transforms/eba4b3f404cb9221119411cdcd7f8625/transformed/glide-4.16.0 because:
  Caching not enabled.
Caching disabled for AarTransform: /home/runner/.gradle/caches/8.9/transforms/38a168702c942661d7f4f8fd4756d72e/transformed/fragment-1.8.2 because:
  Caching not enabled.
Caching disabled for AarTransform: /home/runner/.gradle/caches/8.9/transforms/0b21b549e485c41d8939f4345317a927/transformed/swiperefreshlayout-1.1.0 because:
  Caching not enabled.
Caching disabled for AarTransform: /home/runner/.gradle/caches/8.9/transforms/10b18663614225c920b6298f756da05b/transformed/palette-1.0.0 because:
  Caching not enabled.
Caching disabled for AarTransform: /home/runner/.gradle/caches/8.9/transforms/9d1c947f318e9e7fc379378e64cb04ee/transformed/transition-1.5.0 because:
  Caching not enabled.
Caching disabled for AarTransform: /home/runner/.gradle/caches/8.9/transforms/f4be888dc301859ee5f0f579bb6b38e7/transformed/dynamicanimation-1.0.0 because:
  Caching not enabled.
Caching disabled for AarTransform: /home/runner/.gradle/caches/8.9/transforms/77afff4facff46d9e0ffea40c9ced703/transformed/legacy-support-core-utils-1.0.0 because:
  Caching not enabled.
Caching disabled for AarTransform: /home/runner/.gradle/caches/8.9/transforms/67ea28c3055e9d64bcc9ee19a46f8200/transformed/loader-1.0.0 because:
  Caching not enabled.
Caching disabled for AarTransform: /home/runner/.gradle/caches/8.9/transforms/f2c0c8c587af567fe0b24f144dc84797/transformed/lifecycle-runtime-release because:
  Caching not enabled.
Caching disabled for AarTransform: /home/runner/.gradle/caches/8.9/transforms/9ac45b03335b27bdae47388c3ef681b3/transformed/activity-1.8.1 because:
  Caching not enabled.
Caching disabled for AarTransform: /home/runner/.gradle/caches/8.9/transforms/d082fb77384557313e4b1a3ce8e0a50e/transformed/emoji2-views-helper-1.3.0 because:
  Caching not enabled.
Caching disabled for AarTransform: /home/runner/.gradle/caches/8.9/transforms/58242d362fcb8c56fa7ec6def399333d/transformed/savedstate-1.2.1 because:
  Caching not enabled.
Caching disabled for AarTransform: /home/runner/.gradle/caches/8.9/transforms/27fbc6f33c0ec7c17234cf593774cb95/transformed/emoji2-1.3.0 because:
  Caching not enabled.
Caching disabled for AarTransform: /home/runner/.gradle/caches/8.9/transforms/5773aed0a93405f51ae7deaa3b4737d0/transformed/lifecycle-viewmodel-2.8.4 because:
  Caching not enabled.
Caching disabled for AarTransform: /home/runner/.gradle/caches/8.9/transforms/4536204e998e995808ae26cae95d9f11/transformed/lifecycle-viewmodel-release because:
  Caching not enabled.
Caching disabled for AarTransform: /home/runner/.gradle/caches/8.9/transforms/cf94723d294267e6a8224b89f6f05948/transformed/lifecycle-process-2.8.4 because:
  Caching not enabled.
Caching disabled for AarTransform: /home/runner/.gradle/caches/8.9/transforms/c88b66ac669ebd352465d3b4158ebfa2/transformed/lifecycle-livedata-core-ktx-2.8.4 because:
  Caching not enabled.
Caching disabled for AarTransform: /home/runner/.gradle/caches/8.9/transforms/304301d79c98426692113d043e9a1632/transformed/lifecycle-viewmodel-savedstate-2.8.4 because:
  Caching not enabled.
Caching disabled for AarTransform: /home/runner/.gradle/caches/8.9/transforms/f6d9851cfc4344c98341530c09a2d146/transformed/lifecycle-livedata-core-2.8.4 because:
  Caching not enabled.
Caching disabled for AarTransform: /home/runner/.gradle/caches/8.9/transforms/a94955b321dcfee0badac9caa8c8b552/transformed/lifecycle-livedata-2.8.4 because:
  Caching not enabled.
Caching disabled for AarTransform: /home/runner/.gradle/caches/8.9/transforms/70a4404f78ff4408ba72cdeb9a417244/transformed/customview-poolingcontainer-1.0.0 because:
  Caching not enabled.
Caching disabled for AarTransform: /home/runner/.gradle/caches/8.9/transforms/f3c10adefffb4712327042b936c625b1/transformed/core-ktx-1.13.0 because:
  Caching not enabled.
Caching disabled for AarTransform: /home/runner/.gradle/caches/8.9/transforms/43625918a943aabeb509bfc3c0312b33/transformed/drawerlayout-1.1.1 because:
  Caching not enabled.
Caching disabled for AarTransform: /home/runner/.gradle/caches/8.9/transforms/d4073ce150f09b8411f5a4751160ea57/transformed/vectordrawable-animated-1.1.0 because:
  Caching not enabled.
Caching disabled for AarTransform: /home/runner/.gradle/caches/8.9/transforms/70ee23c0e0e0c37dfe41d6c34d471261/transformed/coordinatorlayout-1.1.0 because:
  Caching not enabled.
Caching disabled for AarTransform: /home/runner/.gradle/caches/8.9/transforms/b8f7ed74e747393379cf17addd3ed887/transformed/vectordrawable-1.1.0 because:
  Caching not enabled.
Caching disabled for AarTransform: /home/runner/.gradle/caches/8.9/transforms/ccb7155b84759ab93dd66aa5571c786b/transformed/customview-1.1.0 because:
  Caching not enabled.
Caching disabled for AarTransform: /home/runner/.gradle/caches/8.9/transforms/47e61816cad352fbb2cb2109c88c93c4/transformed/media-1.7.0 because:
  Caching not enabled.
Caching disabled for AarTransform: /home/runner/.gradle/caches/8.9/transforms/99a4e4e56fab2ebb59654ca188732776/transformed/viewpager-1.0.0 because:
  Caching not enabled.
Caching disabled for AarTransform: /home/runner/.gradle/caches/8.9/transforms/c71f5b93f765c81b68c6363ac2a86f13/transformed/core-1.13.0 because:
  Caching not enabled.
Caching disabled for AarTransform: /home/runner/.gradle/caches/8.9/transforms/125eb447ec418e197792928f7ac156f5/transformed/cursoradapter-1.0.0 because:
  Caching not enabled.
Caching disabled for AarTransform: /home/runner/.gradle/caches/8.9/transforms/e57c5ec95d97095f7ddd08f083c26acd/transformed/cardview-1.0.0 because:
  Caching not enabled.
Caching disabled for AarTransform: /home/runner/.gradle/caches/8.9/transforms/d252cf611dfeee4f1fd88b3f1f95271f/transformed/profileinstaller-1.3.1 because:
  Caching not enabled.
Caching disabled for AarTransform: /home/runner/.gradle/caches/8.9/transforms/4e8e304324599b458d61b8fae777970c/transformed/interpolator-1.0.0 because:
  Caching not enabled.
Caching disabled for AarTransform: /home/runner/.gradle/caches/8.9/transforms/d76f7faec08758676fd25dae129ae9e7/transformed/versionedparcelable-1.1.1 because:
  Caching not enabled.
Caching disabled for AarTransform: /home/runner/.gradle/caches/8.9/transforms/5ac024980d164243ba39af4fe37c887f/transformed/exifinterface-1.3.6 because:
  Caching not enabled.
Caching disabled for AarTransform: /home/runner/.gradle/caches/8.9/transforms/b681ba03f7bc5356d20eb93dbc4f69bc/transformed/gifdecoder-4.16.0 because:
  Caching not enabled.
Caching disabled for AarTransform: /home/runner/.gradle/caches/8.9/transforms/fb24fd81fb948482846358d35ccc42a2/transformed/startup-runtime-1.1.1 because:
  Caching not enabled.
Caching disabled for AarTransform: /home/runner/.gradle/caches/8.9/transforms/c713cbc1f0158f5129ff92fe7dbf94b9/transformed/tracing-1.0.0 because:
  Caching not enabled.
Caching disabled for AarTransform: /home/runner/.gradle/caches/8.9/transforms/c6f03c1e6772935c5ccd227794005cc7/transformed/core-runtime-2.2.0 because:
  Caching not enabled.
Caching disabled for AarTransform: /home/runner/.gradle/caches/8.9/transforms/9a0b92f9f6b3c890fc34cb4403a07da6/transformed/documentfile-1.0.0 because:
  Caching not enabled.
Caching disabled for AarTransform: /home/runner/.gradle/caches/8.9/transforms/955be4a975cbcd5ce3b32db831311006/transformed/localbroadcastmanager-1.0.0 because:
  Caching not enabled.
Caching disabled for AarTransform: /home/runner/.gradle/caches/8.9/transforms/17976e65923912d1f5a695e89a707860/transformed/print-1.0.0 because:
  Caching not enabled.
Caching disabled for AarTransform: /home/runner/.gradle/caches/8.9/transforms/5d63084fa3f6b3d2d1c088d876e5b51c/transformed/annotation-experimental-1.4.0 because:
  Caching not enabled.
Build cache key for task ':app:processDebugMainManifest' is 1339821bae87e25faa08bb6b6b66e417
Task ':app:processDebugMainManifest' is not up-to-date because:
  No history is available.
Loading library manifest /home/runner/.gradle/caches/8.9/transforms/a90c6ec86b5ddf6edd61baf8e57409c7/transformed/viewbinding-8.5.2/AndroidManifest.xml
Loading library manifest /home/runner/.gradle/caches/8.9/transforms/b4d4520d3a7500151f758a57e313542a/transformed/material-1.12.0/AndroidManifest.xml
Loading library manifest /home/runner/.gradle/caches/8.9/transforms/7327455338dff4560c262aa7ae95e453/transformed/constraintlayout-2.1.4/AndroidManifest.xml
Loading library manifest /home/runner/.gradle/caches/8.9/transforms/74fc1268ff3f5642626e93f5ffaab0ee/transformed/appcompat-resources-1.7.0/AndroidManifest.xml
Loading library manifest /home/runner/.gradle/caches/8.9/transforms/1dde5f983d8d8b69105a239187db4900/transformed/appcompat-1.7.0/AndroidManifest.xml
Loading library manifest /home/runner/.gradle/caches/8.9/transforms/0f2a90c70adc0c4633cded043e77d653/transformed/viewpager2-1.1.0/AndroidManifest.xml
Loading library manifest /home/runner/.gradle/caches/8.9/transforms/8e206d037e096a8246bf741b4599d3e3/transformed/media3-exoplayer-1.4.1/AndroidManifest.xml
Loading library manifest /home/runner/.gradle/caches/8.9/transforms/787953bedcf891eaa3abe20dc151e7f8/transformed/media3-session-1.4.1/AndroidManifest.xml
Loading library manifest /home/runner/.gradle/caches/8.9/transforms/8f1c6be824d54d9036149e18b8487cd7/transformed/media3-datasource-okhttp-1.4.1/AndroidManifest.xml
Loading library manifest /home/runner/.gradle/caches/8.9/transforms/068d1c140dad434ad7566a26bcb09136/transformed/media3-extractor-1.4.1/AndroidManifest.xml
Loading library manifest /home/runner/.gradle/caches/8.9/transforms/f13a0c08f7cfa0a877589804af7c06e5/transformed/media3-container-1.4.1/AndroidManifest.xml
Loading library manifest /home/runner/.gradle/caches/8.9/transforms/86c00aab55672907703facd03d39bf3c/transformed/media3-datasource-1.4.1/AndroidManifest.xml
Loading library manifest /home/runner/.gradle/caches/8.9/transforms/25fb82ba0edec0f432fb835442dc7924/transformed/media3-decoder-1.4.1/AndroidManifest.xml
Loading library manifest /home/runner/.gradle/caches/8.9/transforms/47abc1295bc060486f1919c859794082/transformed/media3-database-1.4.1/AndroidManifest.xml
Loading library manifest /home/runner/.gradle/caches/8.9/transforms/71a3d4d7867ccf930919e7fe5351d607/transformed/media3-common-1.4.1/AndroidManifest.xml
Loading library manifest /home/runner/.gradle/caches/8.9/transforms/b9c68220fce63fb5e94ecc1589f37798/transformed/media3-ui-1.4.1/AndroidManifest.xml
Loading library manifest /home/runner/.gradle/caches/8.9/transforms/62454a3cca38d4b1256266a06e5b4e28/transformed/recyclerview-1.3.2/AndroidManifest.xml
Loading library manifest /home/runner/.gradle/caches/8.9/transforms/eba4b3f404cb9221119411cdcd7f8625/transformed/glide-4.16.0/AndroidManifest.xml
Loading library manifest /home/runner/.gradle/caches/8.9/transforms/38a168702c942661d7f4f8fd4756d72e/transformed/fragment-1.8.2/AndroidManifest.xml
Loading library manifest /home/runner/.gradle/caches/8.9/transforms/0b21b549e485c41d8939f4345317a927/transformed/swiperefreshlayout-1.1.0/AndroidManifest.xml
Loading library manifest /home/runner/.gradle/caches/8.9/transforms/10b18663614225c920b6298f756da05b/transformed/palette-1.0.0/AndroidManifest.xml
Loading library manifest /home/runner/.gradle/caches/8.9/transforms/9d1c947f318e9e7fc379378e64cb04ee/transformed/transition-1.5.0/AndroidManifest.xml
Loading library manifest /home/runner/.gradle/caches/8.9/transforms/f4be888dc301859ee5f0f579bb6b38e7/transformed/dynamicanimation-1.0.0/AndroidManifest.xml
Loading library manifest /home/runner/.gradle/caches/8.9/transforms/77afff4facff46d9e0ffea40c9ced703/transformed/legacy-support-core-utils-1.0.0/AndroidManifest.xml
Loading library manifest /home/runner/.gradle/caches/8.9/transforms/67ea28c3055e9d64bcc9ee19a46f8200/transformed/loader-1.0.0/AndroidManifest.xml
Loading library manifest /home/runner/.gradle/caches/8.9/transforms/f2c0c8c587af567fe0b24f144dc84797/transformed/lifecycle-runtime-release/AndroidManifest.xml
Loading library manifest /home/runner/.gradle/caches/8.9/transforms/9ac45b03335b27bdae47388c3ef681b3/transformed/activity-1.8.1/AndroidManifest.xml
Loading library manifest /home/runner/.gradle/caches/8.9/transforms/d082fb77384557313e4b1a3ce8e0a50e/transformed/emoji2-views-helper-1.3.0/AndroidManifest.xml
Loading library manifest /home/runner/.gradle/caches/8.9/transforms/27fbc6f33c0ec7c17234cf593774cb95/transformed/emoji2-1.3.0/AndroidManifest.xml
Loading library manifest /home/runner/.gradle/caches/8.9/transforms/58242d362fcb8c56fa7ec6def399333d/transformed/savedstate-1.2.1/AndroidManifest.xml
Loading library manifest /home/runner/.gradle/caches/8.9/transforms/5773aed0a93405f51ae7deaa3b4737d0/transformed/lifecycle-viewmodel-2.8.4/AndroidManifest.xml
Loading library manifest /home/runner/.gradle/caches/8.9/transforms/4536204e998e995808ae26cae95d9f11/transformed/lifecycle-viewmodel-release/AndroidManifest.xml
Loading library manifest /home/runner/.gradle/caches/8.9/transforms/cf94723d294267e6a8224b89f6f05948/transformed/lifecycle-process-2.8.4/AndroidManifest.xml
Loading library manifest /home/runner/.gradle/caches/8.9/transforms/c88b66ac669ebd352465d3b4158ebfa2/transformed/lifecycle-livedata-core-ktx-2.8.4/AndroidManifest.xml
Loading library manifest /home/runner/.gradle/caches/8.9/transforms/304301d79c98426692113d043e9a1632/transformed/lifecycle-viewmodel-savedstate-2.8.4/AndroidManifest.xml
Loading library manifest /home/runner/.gradle/caches/8.9/transforms/f6d9851cfc4344c98341530c09a2d146/transformed/lifecycle-livedata-core-2.8.4/AndroidManifest.xml
Loading library manifest /home/runner/.gradle/caches/8.9/transforms/a94955b321dcfee0badac9caa8c8b552/transformed/lifecycle-livedata-2.8.4/AndroidManifest.xml
Loading library manifest /home/runner/.gradle/caches/8.9/transforms/70a4404f78ff4408ba72cdeb9a417244/transformed/customview-poolingcontainer-1.0.0/AndroidManifest.xml
Loading library manifest /home/runner/.gradle/caches/8.9/transforms/f3c10adefffb4712327042b936c625b1/transformed/core-ktx-1.13.0/AndroidManifest.xml
Loading library manifest /home/runner/.gradle/caches/8.9/transforms/43625918a943aabeb509bfc3c0312b33/transformed/drawerlayout-1.1.1/AndroidManifest.xml
Loading library manifest /home/runner/.gradle/caches/8.9/transforms/70ee23c0e0e0c37dfe41d6c34d471261/transformed/coordinatorlayout-1.1.0/AndroidManifest.xml
Loading library manifest /home/runner/.gradle/caches/8.9/transforms/d4073ce150f09b8411f5a4751160ea57/transformed/vectordrawable-animated-1.1.0/AndroidManifest.xml
Loading library manifest /home/runner/.gradle/caches/8.9/transforms/b8f7ed74e747393379cf17addd3ed887/transformed/vectordrawable-1.1.0/AndroidManifest.xml
Loading library manifest /home/runner/.gradle/caches/8.9/transforms/99a4e4e56fab2ebb59654ca188732776/transformed/viewpager-1.0.0/AndroidManifest.xml
Loading library manifest /home/runner/.gradle/caches/8.9/transforms/47e61816cad352fbb2cb2109c88c93c4/transformed/media-1.7.0/AndroidManifest.xml
Loading library manifest /home/runner/.gradle/caches/8.9/transforms/ccb7155b84759ab93dd66aa5571c786b/transformed/customview-1.1.0/AndroidManifest.xml
Loading library manifest /home/runner/.gradle/caches/8.9/transforms/c71f5b93f765c81b68c6363ac2a86f13/transformed/core-1.13.0/AndroidManifest.xml
Loading library manifest /home/runner/.gradle/caches/8.9/transforms/125eb447ec418e197792928f7ac156f5/transformed/cursoradapter-1.0.0/AndroidManifest.xml
Loading library manifest /home/runner/.gradle/caches/8.9/transforms/d252cf611dfeee4f1fd88b3f1f95271f/transformed/profileinstaller-1.3.1/AndroidManifest.xml
Loading library manifest /home/runner/.gradle/caches/8.9/transforms/e57c5ec95d97095f7ddd08f083c26acd/transformed/cardview-1.0.0/AndroidManifest.xml
Loading library manifest /home/runner/.gradle/caches/8.9/transforms/4e8e304324599b458d61b8fae777970c/transformed/interpolator-1.0.0/AndroidManifest.xml
Loading library manifest /home/runner/.gradle/caches/8.9/transforms/d76f7faec08758676fd25dae129ae9e7/transformed/versionedparcelable-1.1.1/AndroidManifest.xml
Loading library manifest /home/runner/.gradle/caches/8.9/transforms/5ac024980d164243ba39af4fe37c887f/transformed/exifinterface-1.3.6/AndroidManifest.xml
Loading library manifest /home/runner/.gradle/caches/8.9/transforms/b681ba03f7bc5356d20eb93dbc4f69bc/transformed/gifdecoder-4.16.0/AndroidManifest.xml
Loading library manifest /home/runner/.gradle/caches/8.9/transforms/fb24fd81fb948482846358d35ccc42a2/transformed/startup-runtime-1.1.1/AndroidManifest.xml
Loading library manifest /home/runner/.gradle/caches/8.9/transforms/c713cbc1f0158f5129ff92fe7dbf94b9/transformed/tracing-1.0.0/AndroidManifest.xml
Loading library manifest /home/runner/.gradle/caches/8.9/transforms/c6f03c1e6772935c5ccd227794005cc7/transformed/core-runtime-2.2.0/AndroidManifest.xml
Loading library manifest /home/runner/.gradle/caches/8.9/transforms/9a0b92f9f6b3c890fc34cb4403a07da6/transformed/documentfile-1.0.0/AndroidManifest.xml
Loading library manifest /home/runner/.gradle/caches/8.9/transforms/955be4a975cbcd5ce3b32db831311006/transformed/localbroadcastmanager-1.0.0/AndroidManifest.xml
Loading library manifest /home/runner/.gradle/caches/8.9/transforms/17976e65923912d1f5a695e89a707860/transformed/print-1.0.0/AndroidManifest.xml
Loading library manifest /home/runner/.gradle/caches/8.9/transforms/5d63084fa3f6b3d2d1c088d876e5b51c/transformed/annotation-experimental-1.4.0/AndroidManifest.xml
Merging main manifest /home/runner/work/Kzmwpwnsmms/Kzmwpwnsmms/android/app/src/main/AndroidManifest.xml

Merging library manifest /home/runner/.gradle/caches/8.9/transforms/a90c6ec86b5ddf6edd61baf8e57409c7/transformed/viewbinding-8.5.2/AndroidManifest.xml
Merging manifest with lower [androidx.databinding:viewbinding:8.5.2] AndroidManifest.xml:2:1-7:12
uses-sdk defined in both files...
Merging uses-sdk with lower [androidx.databinding:viewbinding:8.5.2] AndroidManifest.xml:5:5-44
Merging library manifest /home/runner/.gradle/caches/8.9/transforms/b4d4520d3a7500151f758a57e313542a/transformed/material-1.12.0/AndroidManifest.xml
Merging manifest with lower [com.google.android.material:material:1.12.0] AndroidManifest.xml:17:1-24:12
uses-sdk defined in both files...
Merging uses-sdk with lower [com.google.android.material:material:1.12.0] AndroidManifest.xml:20:5-44
application defined in both files...
Merging application with lower [com.google.android.material:material:1.12.0] AndroidManifest.xml:22:5-20
Merging library manifest /home/runner/.gradle/caches/8.9/transforms/7327455338dff4560c262aa7ae95e453/transformed/constraintlayout-2.1.4/AndroidManifest.xml
Merging manifest with lower [androidx.constraintlayout:constraintlayout:2.1.4] AndroidManifest.xml:2:1-11:12
uses-sdk defined in both files...
Merging uses-sdk with lower [androidx.constraintlayout:constraintlayout:2.1.4] AndroidManifest.xml:5:5-7:41
application defined in both files...
Merging application with lower [androidx.constraintlayout:constraintlayout:2.1.4] AndroidManifest.xml:9:5-20
Merging library manifest /home/runner/.gradle/caches/8.9/transforms/74fc1268ff3f5642626e93f5ffaab0ee/transformed/appcompat-resources-1.7.0/AndroidManifest.xml
Merging manifest with lower [androidx.appcompat:appcompat-resources:1.7.0] AndroidManifest.xml:2:1-7:12
uses-sdk defined in both files...
Merging uses-sdk with lower [androidx.appcompat:appcompat-resources:1.7.0] AndroidManifest.xml:5:5-44
Merging library manifest /home/runner/.gradle/caches/8.9/transforms/1dde5f983d8d8b69105a239187db4900/transformed/appcompat-1.7.0/AndroidManifest.xml
Merging manifest with lower [androidx.appcompat:appcompat:1.7.0] AndroidManifest.xml:2:1-7:12
uses-sdk defined in both files...
Merging uses-sdk with lower [androidx.appcompat:appcompat:1.7.0] AndroidManifest.xml:5:5-44
Merging library manifest /home/runner/.gradle/caches/8.9/transforms/0f2a90c70adc0c4633cded043e77d653/transformed/viewpager2-1.1.0/AndroidManifest.xml
Merging manifest with lower [androidx.viewpager2:viewpager2:1.1.0] AndroidManifest.xml:2:1-7:12
uses-sdk defined in both files...
Merging uses-sdk with lower [androidx.viewpager2:viewpager2:1.1.0] AndroidManifest.xml:5:5-44
Merging library manifest /home/runner/.gradle/caches/8.9/transforms/8e206d037e096a8246bf741b4599d3e3/transformed/media3-exoplayer-1.4.1/AndroidManifest.xml
Merging manifest with lower [androidx.media3:media3-exoplayer:1.4.1] AndroidManifest.xml:17:1-24:12
uses-sdk defined in both files...
Merging uses-sdk with lower [androidx.media3:media3-exoplayer:1.4.1] AndroidManifest.xml:20:5-44
uses-permission#android.permission.ACCESS_NETWORK_STATE defined in both files...
Merging uses-permission#android.permission.ACCESS_NETWORK_STATE with lower [androidx.media3:media3-exoplayer:1.4.1] AndroidManifest.xml:22:5-79
Merging library manifest /home/runner/.gradle/caches/8.9/transforms/787953bedcf891eaa3abe20dc151e7f8/transformed/media3-session-1.4.1/AndroidManifest.xml
Merging manifest with lower [androidx.media3:media3-session:1.4.1] AndroidManifest.xml:17:1-22:12
uses-sdk defined in both files...
Merging uses-sdk with lower [androidx.media3:media3-session:1.4.1] AndroidManifest.xml:20:5-44
Merging library manifest /home/runner/.gradle/caches/8.9/transforms/8f1c6be824d54d9036149e18b8487cd7/transformed/media3-datasource-okhttp-1.4.1/AndroidManifest.xml
Merging manifest with lower [androidx.media3:media3-datasource-okhttp:1.4.1] AndroidManifest.xml:17:1-22:12
uses-sdk defined in both files...
Merging uses-sdk with lower [androidx.media3:media3-datasource-okhttp:1.4.1] AndroidManifest.xml:20:5-44
Merging library manifest /home/runner/.gradle/caches/8.9/transforms/068d1c140dad434ad7566a26bcb09136/transformed/media3-extractor-1.4.1/AndroidManifest.xml
Merging manifest with lower [androidx.media3:media3-extractor:1.4.1] AndroidManifest.xml:17:1-22:12
uses-sdk defined in both files...
Merging uses-sdk with lower [androidx.media3:media3-extractor:1.4.1] AndroidManifest.xml:20:5-44
Merging library manifest /home/runner/.gradle/caches/8.9/transforms/f13a0c08f7cfa0a877589804af7c06e5/transformed/media3-container-1.4.1/AndroidManifest.xml
Merging manifest with lower [androidx.media3:media3-container:1.4.1] AndroidManifest.xml:17:1-22:12
uses-sdk defined in both files...
Merging uses-sdk with lower [androidx.media3:media3-container:1.4.1] AndroidManifest.xml:20:5-44
Merging library manifest /home/runner/.gradle/caches/8.9/transforms/86c00aab55672907703facd03d39bf3c/transformed/media3-datasource-1.4.1/AndroidManifest.xml
Merging manifest with lower [androidx.media3:media3-datasource:1.4.1] AndroidManifest.xml:17:1-22:12
uses-sdk defined in both files...
Merging uses-sdk with lower [androidx.media3:media3-datasource:1.4.1] AndroidManifest.xml:20:5-44
Merging library manifest /home/runner/.gradle/caches/8.9/transforms/25fb82ba0edec0f432fb835442dc7924/transformed/media3-decoder-1.4.1/AndroidManifest.xml
Merging manifest with lower [androidx.media3:media3-decoder:1.4.1] AndroidManifest.xml:17:1-22:12
uses-sdk defined in both files...
Merging uses-sdk with lower [androidx.media3:media3-decoder:1.4.1] AndroidManifest.xml:20:5-44
Merging library manifest /home/runner/.gradle/caches/8.9/transforms/47abc1295bc060486f1919c859794082/transformed/media3-database-1.4.1/AndroidManifest.xml
Merging manifest with lower [androidx.media3:media3-database:1.4.1] AndroidManifest.xml:17:1-22:12
uses-sdk defined in both files...
Merging uses-sdk with lower [androidx.media3:media3-database:1.4.1] AndroidManifest.xml:20:5-44
Merging library manifest /home/runner/.gradle/caches/8.9/transforms/71a3d4d7867ccf930919e7fe5351d607/transformed/media3-common-1.4.1/AndroidManifest.xml
Merging manifest with lower [androidx.media3:media3-common:1.4.1] AndroidManifest.xml:17:1-24:12
uses-sdk defined in both files...
Merging uses-sdk with lower [androidx.media3:media3-common:1.4.1] AndroidManifest.xml:20:5-44
uses-permission#android.permission.ACCESS_NETWORK_STATE defined in both files...
Merging uses-permission#android.permission.ACCESS_NETWORK_STATE with lower [androidx.media3:media3-common:1.4.1] AndroidManifest.xml:22:5-79
Merging library manifest /home/runner/.gradle/caches/8.9/transforms/b9c68220fce63fb5e94ecc1589f37798/transformed/media3-ui-1.4.1/AndroidManifest.xml
Merging manifest with lower [androidx.media3:media3-ui:1.4.1] AndroidManifest.xml:17:1-22:12
uses-sdk defined in both files...
Merging uses-sdk with lower [androidx.media3:media3-ui:1.4.1] AndroidManifest.xml:20:5-44
Merging library manifest /home/runner/.gradle/caches/8.9/transforms/62454a3cca38d4b1256266a06e5b4e28/transformed/recyclerview-1.3.2/AndroidManifest.xml
Merging manifest with lower [androidx.recyclerview:recyclerview:1.3.2] AndroidManifest.xml:17:1-22:12
uses-sdk defined in both files...
Merging uses-sdk with lower [androidx.recyclerview:recyclerview:1.3.2] AndroidManifest.xml:20:5-44
Merging library manifest /home/runner/.gradle/caches/8.9/transforms/eba4b3f404cb9221119411cdcd7f8625/transformed/glide-4.16.0/AndroidManifest.xml
Merging manifest with lower [com.github.bumptech.glide:glide:4.16.0] AndroidManifest.xml:2:1-9:12
uses-sdk defined in both files...
Merging uses-sdk with lower [com.github.bumptech.glide:glide:4.16.0] AndroidManifest.xml:5:5-7:41
Merging library manifest /home/runner/.gradle/caches/8.9/transforms/38a168702c942661d7f4f8fd4756d72e/transformed/fragment-1.8.2/AndroidManifest.xml
Merging manifest with lower [androidx.fragment:fragment:1.8.2] AndroidManifest.xml:2:1-7:12
uses-sdk defined in both files...
Merging uses-sdk with lower [androidx.fragment:fragment:1.8.2] AndroidManifest.xml:5:5-44
Merging library manifest /home/runner/.gradle/caches/8.9/transforms/0b21b549e485c41d8939f4345317a927/transformed/swiperefreshlayout-1.1.0/AndroidManifest.xml
Merging manifest with lower [androidx.swiperefreshlayout:swiperefreshlayout:1.1.0] AndroidManifest.xml:17:1-24:12
uses-sdk defined in both files...
Merging uses-sdk with lower [androidx.swiperefreshlayout:swiperefreshlayout:1.1.0] AndroidManifest.xml:20:5-22:41
Merging library manifest /home/runner/.gradle/caches/8.9/transforms/10b18663614225c920b6298f756da05b/transformed/palette-1.0.0/AndroidManifest.xml
Merging manifest with lower [androidx.palette:palette:1.0.0] AndroidManifest.xml:17:1-22:12
uses-sdk defined in both files...
Merging uses-sdk with lower [androidx.palette:palette:1.0.0] AndroidManifest.xml:20:5-44
Merging library manifest /home/runner/.gradle/caches/8.9/transforms/9d1c947f318e9e7fc379378e64cb04ee/transformed/transition-1.5.0/AndroidManifest.xml
Merging manifest with lower [androidx.transition:transition:1.5.0] AndroidManifest.xml:2:1-7:12
uses-sdk defined in both files...
Merging uses-sdk with lower [androidx.transition:transition:1.5.0] AndroidManifest.xml:5:5-44
Merging library manifest /home/runner/.gradle/caches/8.9/transforms/f4be888dc301859ee5f0f579bb6b38e7/transformed/dynamicanimation-1.0.0/AndroidManifest.xml
Merging manifest with lower [androidx.dynamicanimation:dynamicanimation:1.0.0] AndroidManifest.xml:17:1-22:12
uses-sdk defined in both files...
Merging uses-sdk with lower [androidx.dynamicanimation:dynamicanimation:1.0.0] AndroidManifest.xml:20:5-44
Merging library manifest /home/runner/.gradle/caches/8.9/transforms/77afff4facff46d9e0ffea40c9ced703/transformed/legacy-support-core-utils-1.0.0/AndroidManifest.xml
Merging manifest with lower [androidx.legacy:legacy-support-core-utils:1.0.0] AndroidManifest.xml:17:1-22:12
uses-sdk defined in both files...
Merging uses-sdk with lower [androidx.legacy:legacy-support-core-utils:1.0.0] AndroidManifest.xml:20:5-44
Merging library manifest /home/runner/.gradle/caches/8.9/transforms/67ea28c3055e9d64bcc9ee19a46f8200/transformed/loader-1.0.0/AndroidManifest.xml
Merging manifest with lower [androidx.loader:loader:1.0.0] AndroidManifest.xml:17:1-22:12
uses-sdk defined in both files...
Merging uses-sdk with lower [androidx.loader:loader:1.0.0] AndroidManifest.xml:20:5-44
Merging library manifest /home/runner/.gradle/caches/8.9/transforms/f2c0c8c587af567fe0b24f144dc84797/transformed/lifecycle-runtime-release/AndroidManifest.xml
Merging manifest with lower [androidx.lifecycle:lifecycle-runtime-android:2.8.4] AndroidManifest.xml:17:1-22:12
uses-sdk defined in both files...
Merging uses-sdk with lower [androidx.lifecycle:lifecycle-runtime-android:2.8.4] AndroidManifest.xml:20:5-44
Merging library manifest /home/runner/.gradle/caches/8.9/transforms/9ac45b03335b27bdae47388c3ef681b3/transformed/activity-1.8.1/AndroidManifest.xml
Merging manifest with lower [androidx.activity:activity:1.8.1] AndroidManifest.xml:17:1-22:12
uses-sdk defined in both files...
Merging uses-sdk with lower [androidx.activity:activity:1.8.1] AndroidManifest.xml:20:5-44
Merging library manifest /home/runner/.gradle/caches/8.9/transforms/d082fb77384557313e4b1a3ce8e0a50e/transformed/emoji2-views-helper-1.3.0/AndroidManifest.xml
Merging manifest with lower [androidx.emoji2:emoji2-views-helper:1.3.0] AndroidManifest.xml:2:1-7:12
uses-sdk defined in both files...
Merging uses-sdk with lower [androidx.emoji2:emoji2-views-helper:1.3.0] AndroidManifest.xml:5:5-44
Merging library manifest /home/runner/.gradle/caches/8.9/transforms/27fbc6f33c0ec7c17234cf593774cb95/transformed/emoji2-1.3.0/AndroidManifest.xml
Merging manifest with lower [androidx.emoji2:emoji2:1.3.0] AndroidManifest.xml:17:1-35:12
uses-sdk defined in both files...
Merging uses-sdk with lower [androidx.emoji2:emoji2:1.3.0] AndroidManifest.xml:21:5-44
application defined in both files...
Merging application with lower [androidx.emoji2:emoji2:1.3.0] AndroidManifest.xml:23:5-33:19
Adopted [provider: null]
Merging library manifest /home/runner/.gradle/caches/8.9/transforms/58242d362fcb8c56fa7ec6def399333d/transformed/savedstate-1.2.1/AndroidManifest.xml
Merging manifest with lower [androidx.savedstate:savedstate:1.2.1] AndroidManifest.xml:17:1-22:12
uses-sdk defined in both files...
Merging uses-sdk with lower [androidx.savedstate:savedstate:1.2.1] AndroidManifest.xml:20:5-44
Merging library manifest /home/runner/.gradle/caches/8.9/transforms/5773aed0a93405f51ae7deaa3b4737d0/transformed/lifecycle-viewmodel-2.8.4/AndroidManifest.xml
Merging manifest with lower [androidx.lifecycle:lifecycle-viewmodel:2.8.4] AndroidManifest.xml:2:1-5:12
uses-sdk defined in both files...
Merging uses-sdk with lower [androidx.lifecycle:lifecycle-viewmodel:2.8.4] AndroidManifest.xml:4:5-43
Merging library manifest /home/runner/.gradle/caches/8.9/transforms/4536204e998e995808ae26cae95d9f11/transformed/lifecycle-viewmodel-release/AndroidManifest.xml
Merging manifest with lower [androidx.lifecycle:lifecycle-viewmodel-android:2.8.4] AndroidManifest.xml:17:1-22:12
uses-sdk defined in both files...
Merging uses-sdk with lower [androidx.lifecycle:lifecycle-viewmodel-android:2.8.4] AndroidManifest.xml:20:5-44
Merging library manifest /home/runner/.gradle/caches/8.9/transforms/cf94723d294267e6a8224b89f6f05948/transformed/lifecycle-process-2.8.4/AndroidManifest.xml
Merging manifest with lower [androidx.lifecycle:lifecycle-process:2.8.4] AndroidManifest.xml:17:1-35:12
uses-sdk defined in both files...
Merging uses-sdk with lower [androidx.lifecycle:lifecycle-process:2.8.4] AndroidManifest.xml:21:5-44
application defined in both files...
Merging application with lower [androidx.lifecycle:lifecycle-process:2.8.4] AndroidManifest.xml:23:5-33:19
provider#androidx.startup.InitializationProvider defined in both files...
Merging provider#androidx.startup.InitializationProvider with lower [androidx.lifecycle:lifecycle-process:2.8.4] AndroidManifest.xml:24:9-32:20
Adopted [meta-data: null]
Merging library manifest /home/runner/.gradle/caches/8.9/transforms/c88b66ac669ebd352465d3b4158ebfa2/transformed/lifecycle-livedata-core-ktx-2.8.4/AndroidManifest.xml
Merging manifest with lower [androidx.lifecycle:lifecycle-livedata-core-ktx:2.8.4] AndroidManifest.xml:2:1-7:12
uses-sdk defined in both files...
Merging uses-sdk with lower [androidx.lifecycle:lifecycle-livedata-core-ktx:2.8.4] AndroidManifest.xml:5:5-44
Merging library manifest /home/runner/.gradle/caches/8.9/transforms/304301d79c98426692113d043e9a1632/transformed/lifecycle-viewmodel-savedstate-2.8.4/AndroidManifest.xml
Merging manifest with lower [androidx.lifecycle:lifecycle-viewmodel-savedstate:2.8.4] AndroidManifest.xml:17:1-22:12
uses-sdk defined in both files...
Merging uses-sdk with lower [androidx.lifecycle:lifecycle-viewmodel-savedstate:2.8.4] AndroidManifest.xml:20:5-44
Merging library manifest /home/runner/.gradle/caches/8.9/transforms/f6d9851cfc4344c98341530c09a2d146/transformed/lifecycle-livedata-core-2.8.4/AndroidManifest.xml
Merging manifest with lower [androidx.lifecycle:lifecycle-livedata-core:2.8.4] AndroidManifest.xml:17:1-22:12
uses-sdk defined in both files...
Merging uses-sdk with lower [androidx.lifecycle:lifecycle-livedata-core:2.8.4] AndroidManifest.xml:20:5-44
Merging library manifest /home/runner/.gradle/caches/8.9/transforms/a94955b321dcfee0badac9caa8c8b552/transformed/lifecycle-livedata-2.8.4/AndroidManifest.xml
Merging manifest with lower [androidx.lifecycle:lifecycle-livedata:2.8.4] AndroidManifest.xml:17:1-22:12
uses-sdk defined in both files...
Merging uses-sdk with lower [androidx.lifecycle:lifecycle-livedata:2.8.4] AndroidManifest.xml:20:5-44
Merging library manifest /home/runner/.gradle/caches/8.9/transforms/70a4404f78ff4408ba72cdeb9a417244/transformed/customview-poolingcontainer-1.0.0/AndroidManifest.xml
Merging manifest with lower [androidx.customview:customview-poolingcontainer:1.0.0] AndroidManifest.xml:17:1-23:12
uses-sdk defined in both files...
Merging uses-sdk with lower [androidx.customview:customview-poolingcontainer:1.0.0] AndroidManifest.xml:20:5-21:38
Merging library manifest /home/runner/.gradle/caches/8.9/transforms/f3c10adefffb4712327042b936c625b1/transformed/core-ktx-1.13.0/AndroidManifest.xml
Merging manifest with lower [androidx.core:core-ktx:1.13.0] AndroidManifest.xml:2:1-7:12
uses-sdk defined in both files...
Merging uses-sdk with lower [androidx.core:core-ktx:1.13.0] AndroidManifest.xml:5:5-44
Merging library manifest /home/runner/.gradle/caches/8.9/transforms/43625918a943aabeb509bfc3c0312b33/transformed/drawerlayout-1.1.1/AndroidManifest.xml
Merging manifest with lower [androidx.drawerlayout:drawerlayout:1.1.1] AndroidManifest.xml:17:1-24:12
uses-sdk defined in both files...
Merging uses-sdk with lower [androidx.drawerlayout:drawerlayout:1.1.1] AndroidManifest.xml:20:5-22:41
Merging library manifest /home/runner/.gradle/caches/8.9/transforms/70ee23c0e0e0c37dfe41d6c34d471261/transformed/coordinatorlayout-1.1.0/AndroidManifest.xml
Merging manifest with lower [androidx.coordinatorlayout:coordinatorlayout:1.1.0] AndroidManifest.xml:17:1-24:12
uses-sdk defined in both files...
Merging uses-sdk with lower [androidx.coordinatorlayout:coordinatorlayout:1.1.0] AndroidManifest.xml:20:5-22:41
Merging library manifest /home/runner/.gradle/caches/8.9/transforms/d4073ce150f09b8411f5a4751160ea57/transformed/vectordrawable-animated-1.1.0/AndroidManifest.xml
Merging manifest with lower [androidx.vectordrawable:vectordrawable-animated:1.1.0] AndroidManifest.xml:17:1-24:12
uses-sdk defined in both files...
Merging uses-sdk with lower [androidx.vectordrawable:vectordrawable-animated:1.1.0] AndroidManifest.xml:20:5-22:41
Merging library manifest /home/runner/.gradle/caches/8.9/transforms/b8f7ed74e747393379cf17addd3ed887/transformed/vectordrawable-1.1.0/AndroidManifest.xml
Merging manifest with lower [androidx.vectordrawable:vectordrawable:1.1.0] AndroidManifest.xml:17:1-24:12
uses-sdk defined in both files...
Merging uses-sdk with lower [androidx.vectordrawable:vectordrawable:1.1.0] AndroidManifest.xml:20:5-22:41
Merging library manifest /home/runner/.gradle/caches/8.9/transforms/99a4e4e56fab2ebb59654ca188732776/transformed/viewpager-1.0.0/AndroidManifest.xml
Merging manifest with lower [androidx.viewpager:viewpager:1.0.0] AndroidManifest.xml:17:1-22:12
uses-sdk defined in both files...
Merging uses-sdk with lower [androidx.viewpager:viewpager:1.0.0] AndroidManifest.xml:20:5-44
Merging library manifest /home/runner/.gradle/caches/8.9/transforms/47e61816cad352fbb2cb2109c88c93c4/transformed/media-1.7.0/AndroidManifest.xml
Merging manifest with lower [androidx.media:media:1.7.0] AndroidManifest.xml:2:1-7:12
uses-sdk defined in both files...
Merging uses-sdk with lower [androidx.media:media:1.7.0] AndroidManifest.xml:5:5-44
Merging library manifest /home/runner/.gradle/caches/8.9/transforms/ccb7155b84759ab93dd66aa5571c786b/transformed/customview-1.1.0/AndroidManifest.xml
Merging manifest with lower [androidx.customview:customview:1.1.0] AndroidManifest.xml:17:1-24:12
uses-sdk defined in both files...
Merging uses-sdk with lower [androidx.customview:customview:1.1.0] AndroidManifest.xml:20:5-22:41
Merging library manifest /home/runner/.gradle/caches/8.9/transforms/c71f5b93f765c81b68c6363ac2a86f13/transformed/core-1.13.0/AndroidManifest.xml
Merging manifest with lower [androidx.core:core:1.13.0] AndroidManifest.xml:17:1-30:12
uses-sdk defined in both files...
Merging uses-sdk with lower [androidx.core:core:1.13.0] AndroidManifest.xml:20:5-44
Adopted [permission: null]
Adopted [uses-permission: null]
application defined in both files...
Merging application with lower [androidx.core:core:1.13.0] AndroidManifest.xml:28:5-89
Merging library manifest /home/runner/.gradle/caches/8.9/transforms/125eb447ec418e197792928f7ac156f5/transformed/cursoradapter-1.0.0/AndroidManifest.xml
Merging manifest with lower [androidx.cursoradapter:cursoradapter:1.0.0] AndroidManifest.xml:17:1-22:12
uses-sdk defined in both files...
Merging uses-sdk with lower [androidx.cursoradapter:cursoradapter:1.0.0] AndroidManifest.xml:20:5-44
Merging library manifest /home/runner/.gradle/caches/8.9/transforms/d252cf611dfeee4f1fd88b3f1f95271f/transformed/profileinstaller-1.3.1/AndroidManifest.xml
Merging manifest with lower [androidx.profileinstaller:profileinstaller:1.3.1] AndroidManifest.xml:17:1-55:12
uses-sdk defined in both files...
Merging uses-sdk with lower [androidx.profileinstaller:profileinstaller:1.3.1] AndroidManifest.xml:21:5-44
application defined in both files...
Merging application with lower [androidx.profileinstaller:profileinstaller:1.3.1] AndroidManifest.xml:23:5-53:19
provider#androidx.startup.InitializationProvider defined in both files...
Merging provider#androidx.startup.InitializationProvider with lower [androidx.profileinstaller:profileinstaller:1.3.1] AndroidManifest.xml:24:9-32:20
Adopted [meta-data: null]
Adopted [receiver: null]
Merging library manifest /home/runner/.gradle/caches/8.9/transforms/e57c5ec95d97095f7ddd08f083c26acd/transformed/cardview-1.0.0/AndroidManifest.xml
Merging manifest with lower [androidx.cardview:cardview:1.0.0] AndroidManifest.xml:17:1-22:12
uses-sdk defined in both files...
Merging uses-sdk with lower [androidx.cardview:cardview:1.0.0] AndroidManifest.xml:20:5-44
Merging library manifest /home/runner/.gradle/caches/8.9/transforms/4e8e304324599b458d61b8fae777970c/transformed/interpolator-1.0.0/AndroidManifest.xml
Merging manifest with lower [androidx.interpolator:interpolator:1.0.0] AndroidManifest.xml:17:1-22:12
uses-sdk defined in both files...
Merging uses-sdk with lower [androidx.interpolator:interpolator:1.0.0] AndroidManifest.xml:20:5-44
Merging library manifest /home/runner/.gradle/caches/8.9/transforms/d76f7faec08758676fd25dae129ae9e7/transformed/versionedparcelable-1.1.1/AndroidManifest.xml
Merging manifest with lower [androidx.versionedparcelable:versionedparcelable:1.1.1] AndroidManifest.xml:17:1-27:12
uses-sdk defined in both files...
Merging uses-sdk with lower [androidx.versionedparcelable:versionedparcelable:1.1.1] AndroidManifest.xml:20:5-22:41
application defined in both files...
Merging application with lower [androidx.versionedparcelable:versionedparcelable:1.1.1] AndroidManifest.xml:24:5-25:19
Merging library manifest /home/runner/.gradle/caches/8.9/transforms/5ac024980d164243ba39af4fe37c887f/transformed/exifinterface-1.3.6/AndroidManifest.xml
Merging manifest with lower [androidx.exifinterface:exifinterface:1.3.6] AndroidManifest.xml:17:1-24:12
uses-sdk defined in both files...
Merging uses-sdk with lower [androidx.exifinterface:exifinterface:1.3.6] AndroidManifest.xml:20:5-22:41
Merging library manifest /home/runner/.gradle/caches/8.9/transforms/b681ba03f7bc5356d20eb93dbc4f69bc/transformed/gifdecoder-4.16.0/AndroidManifest.xml
Merging manifest with lower [com.github.bumptech.glide:gifdecoder:4.16.0] AndroidManifest.xml:2:1-9:12
uses-sdk defined in both files...
Merging uses-sdk with lower [com.github.bumptech.glide:gifdecoder:4.16.0] AndroidManifest.xml:5:5-7:41
Merging library manifest /home/runner/.gradle/caches/8.9/transforms/fb24fd81fb948482846358d35ccc42a2/transformed/startup-runtime-1.1.1/AndroidManifest.xml
Merging manifest with lower [androidx.startup:startup-runtime:1.1.1] AndroidManifest.xml:17:1-33:12
uses-sdk defined in both files...
Merging uses-sdk with lower [androidx.startup:startup-runtime:1.1.1] AndroidManifest.xml:21:5-23:41
application defined in both files...
Merging application with lower [androidx.startup:startup-runtime:1.1.1] AndroidManifest.xml:25:5-31:19
provider#androidx.startup.InitializationProvider defined in both files...
Merging provider#androidx.startup.InitializationProvider with lower [androidx.startup:startup-runtime:1.1.1] AndroidManifest.xml:26:9-30:34
Merging library manifest /home/runner/.gradle/caches/8.9/transforms/c713cbc1f0158f5129ff92fe7dbf94b9/transformed/tracing-1.0.0/AndroidManifest.xml
Merging manifest with lower [androidx.tracing:tracing:1.0.0] AndroidManifest.xml:17:1-24:12
uses-sdk defined in both files...
Merging uses-sdk with lower [androidx.tracing:tracing:1.0.0] AndroidManifest.xml:20:5-22:41
Merging library manifest /home/runner/.gradle/caches/8.9/transforms/c6f03c1e6772935c5ccd227794005cc7/transformed/core-runtime-2.2.0/AndroidManifest.xml
Merging manifest with lower [androidx.arch.core:core-runtime:2.2.0] AndroidManifest.xml:17:1-22:12
uses-sdk defined in both files...
Merging uses-sdk with lower [androidx.arch.core:core-runtime:2.2.0] AndroidManifest.xml:20:5-44
Merging library manifest /home/runner/.gradle/caches/8.9/transforms/9a0b92f9f6b3c890fc34cb4403a07da6/transformed/documentfile-1.0.0/AndroidManifest.xml
Merging manifest with lower [androidx.documentfile:documentfile:1.0.0] AndroidManifest.xml:17:1-22:12
uses-sdk defined in both files...
Merging uses-sdk with lower [androidx.documentfile:documentfile:1.0.0] AndroidManifest.xml:20:5-44
Merging library manifest /home/runner/.gradle/caches/8.9/transforms/955be4a975cbcd5ce3b32db831311006/transformed/localbroadcastmanager-1.0.0/AndroidManifest.xml
Merging manifest with lower [androidx.localbroadcastmanager:localbroadcastmanager:1.0.0] AndroidManifest.xml:17:1-22:12
uses-sdk defined in both files...
Merging uses-sdk with lower [androidx.localbroadcastmanager:localbroadcastmanager:1.0.0] AndroidManifest.xml:20:5-44
Merging library manifest /home/runner/.gradle/caches/8.9/transforms/17976e65923912d1f5a695e89a707860/transformed/print-1.0.0/AndroidManifest.xml
Merging manifest with lower [androidx.print:print:1.0.0] AndroidManifest.xml:17:1-22:12
uses-sdk defined in both files...
Merging uses-sdk with lower [androidx.print:print:1.0.0] AndroidManifest.xml:20:5-44
Merging library manifest /home/runner/.gradle/caches/8.9/transforms/5d63084fa3f6b3d2d1c088d876e5b51c/transformed/annotation-experimental-1.4.0/AndroidManifest.xml
Merging manifest with lower [androidx.annotation:annotation-experimental:1.4.0] AndroidManifest.xml:2:1-7:12
uses-sdk defined in both files...
Merging uses-sdk with lower [androidx.annotation:annotation-experimental:1.4.0] AndroidManifest.xml:5:5-44
Merging result: SUCCESS
1<?xml version="1.0" encoding="utf-8"?>
2<manifest xmlns:android="http://schemas.android.com/apk/res/android"
3    package="com.anibeat.app.debug"
4    android:versionCode="1"
5    android:versionName="1.0.0" >
6
7    <uses-sdk
8        android:minSdkVersion="23"
9        android:targetSdkVersion="35" />
10
11    <uses-permission android:name="android.permission.INTERNET" />
11-->/home/runner/work/Kzmwpwnsmms/Kzmwpwnsmms/android/app/src/main/AndroidManifest.xml:4:5-67
11-->/home/runner/work/Kzmwpwnsmms/Kzmwpwnsmms/android/app/src/main/AndroidManifest.xml:4:22-64
12    <uses-permission android:name="android.permission.ACCESS_NETWORK_STATE" />
12-->/home/runner/work/Kzmwpwnsmms/Kzmwpwnsmms/android/app/src/main/AndroidManifest.xml:5:5-79
12-->/home/runner/work/Kzmwpwnsmms/Kzmwpwnsmms/android/app/src/main/AndroidManifest.xml:5:22-76
13    <uses-permission android:name="android.permission.FOREGROUND_SERVICE" />
13-->/home/runner/work/Kzmwpwnsmms/Kzmwpwnsmms/android/app/src/main/AndroidManifest.xml:6:5-77
13-->/home/runner/work/Kzmwpwnsmms/Kzmwpwnsmms/android/app/src/main/AndroidManifest.xml:6:22-74
14    <uses-permission android:name="android.permission.FOREGROUND_SERVICE_MEDIA_PLAYBACK" />
14-->/home/runner/work/Kzmwpwnsmms/Kzmwpwnsmms/android/app/src/main/AndroidManifest.xml:7:5-92
14-->/home/runner/work/Kzmwpwnsmms/Kzmwpwnsmms/android/app/src/main/AndroidManifest.xml:7:22-89
15    <uses-permission android:name="android.permission.POST_NOTIFICATIONS" />
15-->/home/runner/work/Kzmwpwnsmms/Kzmwpwnsmms/android/app/src/main/AndroidManifest.xml:8:5-77
15-->/home/runner/work/Kzmwpwnsmms/Kzmwpwnsmms/android/app/src/main/AndroidManifest.xml:8:22-74
16    <uses-permission android:name="android.permission.WAKE_LOCK" />
16-->/home/runner/work/Kzmwpwnsmms/Kzmwpwnsmms/android/app/src/main/AndroidManifest.xml:9:5-68
16-->/home/runner/work/Kzmwpwnsmms/Kzmwpwnsmms/android/app/src/main/AndroidManifest.xml:9:22-65
17
18    <permission
18-->[androidx.core:core:1.13.0] /home/runner/.gradle/caches/8.9/transforms/c71f5b93f765c81b68c6363ac2a86f13/transformed/core-1.13.0/AndroidManifest.xml:22:5-24:47
19        android:name="com.anibeat.app.debug.DYNAMIC_RECEIVER_NOT_EXPORTED_PERMISSION"
19-->[androidx.core:core:1.13.0] /home/runner/.gradle/caches/8.9/transforms/c71f5b93f765c81b68c6363ac2a86f13/transformed/core-1.13.0/AndroidManifest.xml:23:9-81
20        android:protectionLevel="signature" />
20-->[androidx.core:core:1.13.0] /home/runner/.gradle/caches/8.9/transforms/c71f5b93f765c81b68c6363ac2a86f13/transformed/core-1.13.0/AndroidManifest.xml:24:9-44
21
22    <uses-permission android:name="com.anibeat.app.debug.DYNAMIC_RECEIVER_NOT_EXPORTED_PERMISSION" />
22-->[androidx.core:core:1.13.0] /home/runner/.gradle/caches/8.9/transforms/c71f5b93f765c81b68c6363ac2a86f13/transformed/core-1.13.0/AndroidManifest.xml:26:5-97
22-->[androidx.core:core:1.13.0] /home/runner/.gradle/caches/8.9/transforms/c71f5b93f765c81b68c6363ac2a86f13/transformed/core-1.13.0/AndroidManifest.xml:26:22-94
23
24    <application
24-->/home/runner/work/Kzmwpwnsmms/Kzmwpwnsmms/android/app/src/main/AndroidManifest.xml:11:5-58:19
25        android:name="com.anibeat.app.App"
25-->/home/runner/work/Kzmwpwnsmms/Kzmwpwnsmms/android/app/src/main/AndroidManifest.xml:12:9-28
26        android:allowBackup="true"
26-->/home/runner/work/Kzmwpwnsmms/Kzmwpwnsmms/android/app/src/main/AndroidManifest.xml:13:9-35
27        android:appComponentFactory="androidx.core.app.CoreComponentFactory"
27-->[androidx.core:core:1.13.0] /home/runner/.gradle/caches/8.9/transforms/c71f5b93f765c81b68c6363ac2a86f13/transformed/core-1.13.0/AndroidManifest.xml:28:18-86
28        android:debuggable="true"
29        android:extractNativeLibs="false"
30        android:icon="@mipmap/ic_launcher"
30-->/home/runner/work/Kzmwpwnsmms/Kzmwpwnsmms/android/app/src/main/AndroidManifest.xml:14:9-43
31        android:label="@string/app_name"
31-->/home/runner/work/Kzmwpwnsmms/Kzmwpwnsmms/android/app/src/main/AndroidManifest.xml:16:9-41
32        android:networkSecurityConfig="@xml/network_security_config"
32-->/home/runner/work/Kzmwpwnsmms/Kzmwpwnsmms/android/app/src/main/AndroidManifest.xml:19:9-69
33        android:roundIcon="@mipmap/ic_launcher_round"
33-->/home/runner/work/Kzmwpwnsmms/Kzmwpwnsmms/android/app/src/main/AndroidManifest.xml:15:9-54
34        android:supportsRtl="true"
34-->/home/runner/work/Kzmwpwnsmms/Kzmwpwnsmms/android/app/src/main/AndroidManifest.xml:17:9-35
35        android:theme="@style/Theme.AniBeat"
35-->/home/runner/work/Kzmwpwnsmms/Kzmwpwnsmms/android/app/src/main/AndroidManifest.xml:20:9-45
36        android:usesCleartextTraffic="false" >
36-->/home/runner/work/Kzmwpwnsmms/Kzmwpwnsmms/android/app/src/main/AndroidManifest.xml:18:9-45
37        <activity
37-->/home/runner/work/Kzmwpwnsmms/Kzmwpwnsmms/android/app/src/main/AndroidManifest.xml:22:9-31:20
38            android:name="com.anibeat.app.ui.MainActivity"
38-->/home/runner/work/Kzmwpwnsmms/Kzmwpwnsmms/android/app/src/main/AndroidManifest.xml:23:13-44
39            android:exported="true"
39-->/home/runner/work/Kzmwpwnsmms/Kzmwpwnsmms/android/app/src/main/AndroidManifest.xml:24:13-36
40            android:launchMode="singleTask"
40-->/home/runner/work/Kzmwpwnsmms/Kzmwpwnsmms/android/app/src/main/AndroidManifest.xml:25:13-44
41            android:windowSoftInputMode="adjustResize" >
41-->/home/runner/work/Kzmwpwnsmms/Kzmwpwnsmms/android/app/src/main/AndroidManifest.xml:26:13-55
42            <intent-filter>
42-->/home/runner/work/Kzmwpwnsmms/Kzmwpwnsmms/android/app/src/main/AndroidManifest.xml:27:13-30:29
43                <action android:name="android.intent.action.MAIN" />
43-->/home/runner/work/Kzmwpwnsmms/Kzmwpwnsmms/android/app/src/main/AndroidManifest.xml:28:17-69
43-->/home/runner/work/Kzmwpwnsmms/Kzmwpwnsmms/android/app/src/main/AndroidManifest.xml:28:25-66
44
45                <category android:name="android.intent.category.LAUNCHER" />
45-->/home/runner/work/Kzmwpwnsmms/Kzmwpwnsmms/android/app/src/main/AndroidManifest.xml:29:17-77
45-->/home/runner/work/Kzmwpwnsmms/Kzmwpwnsmms/android/app/src/main/AndroidManifest.xml:29:27-74
46            </intent-filter>
47        </activity>
48        <activity
48-->/home/runner/work/Kzmwpwnsmms/Kzmwpwnsmms/android/app/src/main/AndroidManifest.xml:33:9-36:61
49            android:name="com.anibeat.app.ui.AnimeDetailActivity"
49-->/home/runner/work/Kzmwpwnsmms/Kzmwpwnsmms/android/app/src/main/AndroidManifest.xml:34:13-51
50            android:exported="false"
50-->/home/runner/work/Kzmwpwnsmms/Kzmwpwnsmms/android/app/src/main/AndroidManifest.xml:35:13-37
51            android:parentActivityName="com.anibeat.app.ui.MainActivity" />
51-->/home/runner/work/Kzmwpwnsmms/Kzmwpwnsmms/android/app/src/main/AndroidManifest.xml:36:13-58
52        <activity
52-->/home/runner/work/Kzmwpwnsmms/Kzmwpwnsmms/android/app/src/main/AndroidManifest.xml:38:9-42:59
53            android:name="com.anibeat.app.ui.PlayerActivity"
53-->/home/runner/work/Kzmwpwnsmms/Kzmwpwnsmms/android/app/src/main/AndroidManifest.xml:39:13-46
54            android:configChanges="orientation|screenSize|keyboardHidden|uiMode"
54-->/home/runner/work/Kzmwpwnsmms/Kzmwpwnsmms/android/app/src/main/AndroidManifest.xml:41:13-81
55            android:exported="false"
55-->/home/runner/work/Kzmwpwnsmms/Kzmwpwnsmms/android/app/src/main/AndroidManifest.xml:40:13-37
56            android:theme="@style/Theme.AniBeat.Player" />
56-->/home/runner/work/Kzmwpwnsmms/Kzmwpwnsmms/android/app/src/main/AndroidManifest.xml:42:13-56
57
58        <service
58-->/home/runner/work/Kzmwpwnsmms/Kzmwpwnsmms/android/app/src/main/AndroidManifest.xml:44:9-51:19
59            android:name="com.anibeat.app.player.PlaybackService"
59-->/home/runner/work/Kzmwpwnsmms/Kzmwpwnsmms/android/app/src/main/AndroidManifest.xml:45:13-51
60            android:exported="true"
60-->/home/runner/work/Kzmwpwnsmms/Kzmwpwnsmms/android/app/src/main/AndroidManifest.xml:46:13-36
61            android:foregroundServiceType="mediaPlayback" >
61-->/home/runner/work/Kzmwpwnsmms/Kzmwpwnsmms/android/app/src/main/AndroidManifest.xml:47:13-58
62            <intent-filter>
62-->/home/runner/work/Kzmwpwnsmms/Kzmwpwnsmms/android/app/src/main/AndroidManifest.xml:48:13-50:29
63                <action android:name="androidx.media3.session.MediaSessionService" />
63-->/home/runner/work/Kzmwpwnsmms/Kzmwpwnsmms/android/app/src/main/AndroidManifest.xml:49:17-86
63-->/home/runner/work/Kzmwpwnsmms/Kzmwpwnsmms/android/app/src/main/AndroidManifest.xml:49:25-83
64            </intent-filter>
65        </service>
66
67        <receiver
67-->/home/runner/work/Kzmwpwnsmms/Kzmwpwnsmms/android/app/src/main/AndroidManifest.xml:53:9-57:20
68            android:name="com.anibeat.app.player.MediaButtonReceiver"
68-->/home/runner/work/Kzmwpwnsmms/Kzmwpwnsmms/android/app/src/main/AndroidManifest.xml:53:19-61
69            android:exported="true" >
69-->/home/runner/work/Kzmwpwnsmms/Kzmwpwnsmms/android/app/src/main/AndroidManifest.xml:53:62-85
70            <intent-filter>
70-->/home/runner/work/Kzmwpwnsmms/Kzmwpwnsmms/android/app/src/main/AndroidManifest.xml:54:13-56:29
71                <action android:name="android.intent.action.MEDIA_BUTTON" />
71-->/home/runner/work/Kzmwpwnsmms/Kzmwpwnsmms/android/app/src/main/AndroidManifest.xml:55:17-77
71-->/home/runner/work/Kzmwpwnsmms/Kzmwpwnsmms/android/app/src/main/AndroidManifest.xml:55:25-74
72            </intent-filter>
73        </receiver>
74
75        <provider
75-->[androidx.emoji2:emoji2:1.3.0] /home/runner/.gradle/caches/8.9/transforms/27fbc6f33c0ec7c17234cf593774cb95/transformed/emoji2-1.3.0/AndroidManifest.xml:24:9-32:20
76            android:name="androidx.startup.InitializationProvider"
76-->[androidx.emoji2:emoji2:1.3.0] /home/runner/.gradle/caches/8.9/transforms/27fbc6f33c0ec7c17234cf593774cb95/transformed/emoji2-1.3.0/AndroidManifest.xml:25:13-67
77            android:authorities="com.anibeat.app.debug.androidx-startup"
77-->[androidx.emoji2:emoji2:1.3.0] /home/runner/.gradle/caches/8.9/transforms/27fbc6f33c0ec7c17234cf593774cb95/transformed/emoji2-1.3.0/AndroidManifest.xml:26:13-68
78            android:exported="false" >
78-->[androidx.emoji2:emoji2:1.3.0] /home/runner/.gradle/caches/8.9/transforms/27fbc6f33c0ec7c17234cf593774cb95/transformed/emoji2-1.3.0/AndroidManifest.xml:27:13-37
79            <meta-data
79-->[androidx.emoji2:emoji2:1.3.0] /home/runner/.gradle/caches/8.9/transforms/27fbc6f33c0ec7c17234cf593774cb95/transformed/emoji2-1.3.0/AndroidManifest.xml:29:13-31:52
80                android:name="androidx.emoji2.text.EmojiCompatInitializer"
80-->[androidx.emoji2:emoji2:1.3.0] /home/runner/.gradle/caches/8.9/transforms/27fbc6f33c0ec7c17234cf593774cb95/transformed/emoji2-1.3.0/AndroidManifest.xml:30:17-75
81                android:value="androidx.startup" />
81-->[androidx.emoji2:emoji2:1.3.0] /home/runner/.gradle/caches/8.9/transforms/27fbc6f33c0ec7c17234cf593774cb95/transformed/emoji2-1.3.0/AndroidManifest.xml:31:17-49
82            <meta-data
82-->[androidx.lifecycle:lifecycle-process:2.8.4] /home/runner/.gradle/caches/8.9/transforms/cf94723d294267e6a8224b89f6f05948/transformed/lifecycle-process-2.8.4/AndroidManifest.xml:29:13-31:52
83                android:name="androidx.lifecycle.ProcessLifecycleInitializer"
83-->[androidx.lifecycle:lifecycle-process:2.8.4] /home/runner/.gradle/caches/8.9/transforms/cf94723d294267e6a8224b89f6f05948/transformed/lifecycle-process-2.8.4/AndroidManifest.xml:30:17-78
84                android:value="androidx.startup" />
84-->[androidx.lifecycle:lifecycle-process:2.8.4] /home/runner/.gradle/caches/8.9/transforms/cf94723d294267e6a8224b89f6f05948/transformed/lifecycle-process-2.8.4/AndroidManifest.xml:31:17-49
85            <meta-data
85-->[androidx.profileinstaller:profileinstaller:1.3.1] /home/runner/.gradle/caches/8.9/transforms/d252cf611dfeee4f1fd88b3f1f95271f/transformed/profileinstaller-1.3.1/AndroidManifest.xml:29:13-31:52
86                android:name="androidx.profileinstaller.ProfileInstallerInitializer"
86-->[androidx.profileinstaller:profileinstaller:1.3.1] /home/runner/.gradle/caches/8.9/transforms/d252cf611dfeee4f1fd88b3f1f95271f/transformed/profileinstaller-1.3.1/AndroidManifest.xml:30:17-85
87                android:value="androidx.startup" />
87-->[androidx.profileinstaller:profileinstaller:1.3.1] /home/runner/.gradle/caches/8.9/transforms/d252cf611dfeee4f1fd88b3f1f95271f/transformed/profileinstaller-1.3.1/AndroidManifest.xml:31:17-49
88        </provider>
89
90        <receiver
90-->[androidx.profileinstaller:profileinstaller:1.3.1] /home/runner/.gradle/caches/8.9/transforms/d252cf611dfeee4f1fd88b3f1f95271f/transformed/profileinstaller-1.3.1/AndroidManifest.xml:34:9-52:20
91            android:name="androidx.profileinstaller.ProfileInstallReceiver"
91-->[androidx.profileinstaller:profileinstaller:1.3.1] /home/runner/.gradle/caches/8.9/transforms/d252cf611dfeee4f1fd88b3f1f95271f/transformed/profileinstaller-1.3.1/AndroidManifest.xml:35:13-76
92            android:directBootAware="false"
92-->[androidx.profileinstaller:profileinstaller:1.3.1] /home/runner/.gradle/caches/8.9/transforms/d252cf611dfeee4f1fd88b3f1f95271f/transformed/profileinstaller-1.3.1/AndroidManifest.xml:36:13-44
93            android:enabled="true"
93-->[androidx.profileinstaller:profileinstaller:1.3.1] /home/runner/.gradle/caches/8.9/transforms/d252cf611dfeee4f1fd88b3f1f95271f/transformed/profileinstaller-1.3.1/AndroidManifest.xml:37:13-35
94            android:exported="true"
94-->[androidx.profileinstaller:profileinstaller:1.3.1] /home/runner/.gradle/caches/8.9/transforms/d252cf611dfeee4f1fd88b3f1f95271f/transformed/profileinstaller-1.3.1/AndroidManifest.xml:38:13-36
95            android:permission="android.permission.DUMP" >
95-->[androidx.profileinstaller:profileinstaller:1.3.1] /home/runner/.gradle/caches/8.9/transforms/d252cf611dfeee4f1fd88b3f1f95271f/transformed/profileinstaller-1.3.1/AndroidManifest.xml:39:13-57
96            <intent-filter>
96-->[androidx.profileinstaller:profileinstaller:1.3.1] /home/runner/.gradle/caches/8.9/transforms/d252cf611dfeee4f1fd88b3f1f95271f/transformed/profileinstaller-1.3.1/AndroidManifest.xml:40:13-42:29
97                <action android:name="androidx.profileinstaller.action.INSTALL_PROFILE" />
97-->[androidx.profileinstaller:profileinstaller:1.3.1] /home/runner/.gradle/caches/8.9/transforms/d252cf611dfeee4f1fd88b3f1f95271f/transformed/profileinstaller-1.3.1/AndroidManifest.xml:41:17-91
97-->[androidx.profileinstaller:profileinstaller:1.3.1] /home/runner/.gradle/caches/8.9/transforms/d252cf611dfeee4f1fd88b3f1f95271f/transformed/profileinstaller-1.3.1/AndroidManifest.xml:41:25-88
98            </intent-filter>
99            <intent-filter>
99-->[androidx.profileinstaller:profileinstaller:1.3.1] /home/runner/.gradle/caches/8.9/transforms/d252cf611dfeee4f1fd88b3f1f95271f/transformed/profileinstaller-1.3.1/AndroidManifest.xml:43:13-45:29
100                <action android:name="androidx.profileinstaller.action.SKIP_FILE" />
100-->[androidx.profileinstaller:profileinstaller:1.3.1] /home/runner/.gradle/caches/8.9/transforms/d252cf611dfeee4f1fd88b3f1f95271f/transformed/profileinstaller-1.3.1/AndroidManifest.xml:44:17-85
100-->[androidx.profileinstaller:profileinstaller:1.3.1] /home/runner/.gradle/caches/8.9/transforms/d252cf611dfeee4f1fd88b3f1f95271f/transformed/profileinstaller-1.3.1/AndroidManifest.xml:44:25-82
101            </intent-filter>
102            <intent-filter>
102-->[androidx.profileinstaller:profileinstaller:1.3.1] /home/runner/.gradle/caches/8.9/transforms/d252cf611dfeee4f1fd88b3f1f95271f/transformed/profileinstaller-1.3.1/AndroidManifest.xml:46:13-48:29
103                <action android:name="androidx.profileinstaller.action.SAVE_PROFILE" />
103-->[androidx.profileinstaller:profileinstaller:1.3.1] /home/runner/.gradle/caches/8.9/transforms/d252cf611dfeee4f1fd88b3f1f95271f/transformed/profileinstaller-1.3.1/AndroidManifest.xml:47:17-88
103-->[androidx.profileinstaller:profileinstaller:1.3.1] /home/runner/.gradle/caches/8.9/transforms/d252cf611dfeee4f1fd88b3f1f95271f/transformed/profileinstaller-1.3.1/AndroidManifest.xml:47:25-85
104            </intent-filter>
105            <intent-filter>
105-->[androidx.profileinstaller:profileinstaller:1.3.1] /home/runner/.gradle/caches/8.9/transforms/d252cf611dfeee4f1fd88b3f1f95271f/transformed/profileinstaller-1.3.1/AndroidManifest.xml:49:13-51:29
106                <action android:name="androidx.profileinstaller.action.BENCHMARK_OPERATION" />
106-->[androidx.profileinstaller:profileinstaller:1.3.1] /home/runner/.gradle/caches/8.9/transforms/d252cf611dfeee4f1fd88b3f1f95271f/transformed/profileinstaller-1.3.1/AndroidManifest.xml:50:17-95
106-->[androidx.profileinstaller:profileinstaller:1.3.1] /home/runner/.gradle/caches/8.9/transforms/d252cf611dfeee4f1fd88b3f1f95271f/transformed/profileinstaller-1.3.1/AndroidManifest.xml:50:25-92
107            </intent-filter>
108        </receiver>
109    </application>
110
111</manifest>

Merged manifest saved to /home/runner/work/Kzmwpwnsmms/Kzmwpwnsmms/android/app/build/intermediates/merged_manifest/debug/processDebugMainManifest/AndroidManifest.xml
Stored cache entry for task ':app:processDebugMainManifest' with cache key 1339821bae87e25faa08bb6b6b66e417
Resolve mutations for :app:processDebugManifest (Thread[Execution worker Thread 2,5,main]) started.
:app:processDebugManifest (Thread[Execution worker Thread 2,5,main]) started.

> Task :app:processDebugManifest
Build cache key for task ':app:processDebugManifest' is 580208fc84522f708419bfbdf72e3977
Task ':app:processDebugManifest' is not up-to-date because:
  No history is available.
Stored cache entry for task ':app:processDebugManifest' with cache key 580208fc84522f708419bfbdf72e3977
Resolve mutations for :app:processDebugManifestForPackage (Thread[Execution worker Thread 2,5,main]) started.
:app:processDebugManifestForPackage (Thread[Execution worker Thread 2,5,main]) started.
Resolve mutations for :app:mergeDebugShaders (Thread[included builds,5,main]) started.
:app:mergeDebugShaders (Thread[Execution worker Thread 3,5,main]) started.

> Task :app:mergeDebugShaders
Caching disabled for task ':app:mergeDebugShaders' because:
  Simple merging task
Task ':app:mergeDebugShaders' is not up-to-date because:
  No history is available.
The input changes require a full rebuild for incremental task ':app:mergeDebugShaders'.
Resolve mutations for :app:compileDebugShaders (Thread[Execution worker Thread 3,5,main]) started.
:app:compileDebugShaders (Thread[Execution worker Thread 3,5,main]) started.

> Task :app:compileDebugShaders NO-SOURCE
Skipping task ':app:compileDebugShaders' as it has no source files and no previous output files.
Resolve mutations for :app:generateDebugAssets (Thread[Execution worker Thread 3,5,main]) started.
:app:generateDebugAssets (Thread[Execution worker Thread 3,5,main]) started.

> Task :app:generateDebugAssets UP-TO-DATE
Skipping task ':app:generateDebugAssets' as it has no actions.
Resolve mutations for :app:mergeDebugAssets (Thread[Execution worker Thread 3,5,main]) started.
:app:mergeDebugAssets (Thread[Execution worker Thread 3,5,main]) started.

> Task :app:mergeDebugAssets
Transforming viewbinding-8.5.2.aar (androidx.databinding:viewbinding:8.5.2) with ExtractAarTransform
Transforming viewbinding-8.5.2.aar (androidx.databinding:viewbinding:8.5.2) with AarTransform
Transforming material-1.12.0.aar (com.google.android.material:material:1.12.0) with ExtractAarTransform
Transforming material-1.12.0.aar (com.google.android.material:material:1.12.0) with AarTransform
Transforming constraintlayout-2.1.4.aar (androidx.constraintlayout:constraintlayout:2.1.4) with ExtractAarTransform
Transforming constraintlayout-2.1.4.aar (androidx.constraintlayout:constraintlayout:2.1.4) with AarTransform
Transforming appcompat-resources-1.7.0.aar (androidx.appcompat:appcompat-resources:1.7.0) with ExtractAarTransform
Transforming appcompat-resources-1.7.0.aar (androidx.appcompat:appcompat-resources:1.7.0) with AarTransform
Transforming appcompat-1.7.0.aar (androidx.appcompat:appcompat:1.7.0) with ExtractAarTransform
Transforming appcompat-1.7.0.aar (androidx.appcompat:appcompat:1.7.0) with AarTransform
Transforming viewpager2-1.1.0.aar (androidx.viewpager2:viewpager2:1.1.0) with ExtractAarTransform
Transforming viewpager2-1.1.0.aar (androidx.viewpager2:viewpager2:1.1.0) with AarTransform
Transforming media3-exoplayer-1.4.1.aar (androidx.media3:media3-exoplayer:1.4.1) with ExtractAarTransform
Transforming media3-exoplayer-1.4.1.aar (androidx.media3:media3-exoplayer:1.4.1) with AarTransform
Transforming media3-session-1.4.1.aar (androidx.media3:media3-session:1.4.1) with ExtractAarTransform
Transforming media3-session-1.4.1.aar (androidx.media3:media3-session:1.4.1) with AarTransform
Transforming media3-datasource-okhttp-1.4.1.aar (androidx.media3:media3-datasource-okhttp:1.4.1) with ExtractAarTransform
Transforming media3-datasource-okhttp-1.4.1.aar (androidx.media3:media3-datasource-okhttp:1.4.1) with AarTransform
Transforming media3-extractor-1.4.1.aar (androidx.media3:media3-extractor:1.4.1) with ExtractAarTransform
Transforming media3-extractor-1.4.1.aar (androidx.media3:media3-extractor:1.4.1) with AarTransform
Transforming media3-container-1.4.1.aar (androidx.media3:media3-container:1.4.1) with ExtractAarTransform
Transforming media3-container-1.4.1.aar (androidx.media3:media3-container:1.4.1) with AarTransform
Transforming media3-datasource-1.4.1.aar (androidx.media3:media3-datasource:1.4.1) with ExtractAarTransform
Transforming media3-datasource-1.4.1.aar (androidx.media3:media3-datasource:1.4.1) with AarTransform
Transforming media3-decoder-1.4.1.aar (androidx.media3:media3-decoder:1.4.1) with ExtractAarTransform
Transforming media3-decoder-1.4.1.aar (androidx.media3:media3-decoder:1.4.1) with AarTransform
Transforming media3-database-1.4.1.aar (androidx.media3:media3-database:1.4.1) with ExtractAarTransform
Transforming media3-database-1.4.1.aar (androidx.media3:media3-database:1.4.1) with AarTransform
Transforming media3-common-1.4.1.aar (androidx.media3:media3-common:1.4.1) with ExtractAarTransform
Caching disabled for AarTransform: /home/runner/.gradle/caches/8.9/transforms/a90c6ec86b5ddf6edd61baf8e57409c7/transformed/viewbinding-8.5.2 because:
  Caching not enabled.
Transforming media3-common-1.4.1.aar (androidx.media3:media3-common:1.4.1) with AarTransform
Transforming media3-ui-1.4.1.aar (androidx.media3:media3-ui:1.4.1) with ExtractAarTransform
Transforming media3-ui-1.4.1.aar (androidx.media3:media3-ui:1.4.1) with AarTransform
Transforming recyclerview-1.3.2.aar (androidx.recyclerview:recyclerview:1.3.2) with ExtractAarTransform
Transforming recyclerview-1.3.2.aar (androidx.recyclerview:recyclerview:1.3.2) with AarTransform
Transforming glide-4.16.0.aar (com.github.bumptech.glide:glide:4.16.0) with ExtractAarTransform
Transforming glide-4.16.0.aar (com.github.bumptech.glide:glide:4.16.0) with AarTransform
Transforming fragment-1.8.2.aar (androidx.fragment:fragment:1.8.2) with ExtractAarTransform
Transforming fragment-1.8.2.aar (androidx.fragment:fragment:1.8.2) with AarTransform
Transforming swiperefreshlayout-1.1.0.aar (androidx.swiperefreshlayout:swiperefreshlayout:1.1.0) with ExtractAarTransform
Transforming swiperefreshlayout-1.1.0.aar (androidx.swiperefreshlayout:swiperefreshlayout:1.1.0) with AarTransform
Transforming palette-1.0.0.aar (androidx.palette:palette:1.0.0) with ExtractAarTransform
Transforming palette-1.0.0.aar (androidx.palette:palette:1.0.0) with AarTransform
Transforming transition-1.5.0.aar (androidx.transition:transition:1.5.0) with ExtractAarTransform
Transforming transition-1.5.0.aar (androidx.transition:transition:1.5.0) with AarTransform
Transforming dynamicanimation-1.0.0.aar (androidx.dynamicanimation:dynamicanimation:1.0.0) with ExtractAarTransform
Transforming dynamicanimation-1.0.0.aar (androidx.dynamicanimation:dynamicanimation:1.0.0) with AarTransform
Transforming legacy-support-core-utils-1.0.0.aar (androidx.legacy:legacy-support-core-utils:1.0.0) with ExtractAarTransform
Transforming legacy-support-core-utils-1.0.0.aar (androidx.legacy:legacy-support-core-utils:1.0.0) with AarTransform
Transforming legacy-support-core-utils-1.0.0.aar (androidx.legacy:legacy-support-core-utils:1.0.0) with ExtractAarTransform
Transforming legacy-support-core-utils-1.0.0.aar (androidx.legacy:legacy-support-core-utils:1.0.0) with AarTransform
Transforming loader-1.0.0.aar (androidx.loader:loader:1.0.0) with ExtractAarTransform
Transforming loader-1.0.0.aar (androidx.loader:loader:1.0.0) with AarTransform
Transforming loader-1.0.0.aar (androidx.loader:loader:1.0.0) with ExtractAarTransform
Transforming loader-1.0.0.aar (androidx.loader:loader:1.0.0) with AarTransform
Transforming lifecycle-runtime-release.aar (androidx.lifecycle:lifecycle-runtime-android:2.8.4) with ExtractAarTransform
Transforming lifecycle-runtime-release.aar (androidx.lifecycle:lifecycle-runtime-android:2.8.4) with AarTransform
Transforming activity-1.8.1.aar (androidx.activity:activity:1.8.1) with ExtractAarTransform
Transforming activity-1.8.1.aar (androidx.activity:activity:1.8.1) with AarTransform
Transforming emoji2-views-helper-1.3.0.aar (androidx.emoji2:emoji2-views-helper:1.3.0) with ExtractAarTransform
Transforming emoji2-views-helper-1.3.0.aar (androidx.emoji2:emoji2-views-helper:1.3.0) with AarTransform
Transforming emoji2-1.3.0.aar (androidx.emoji2:emoji2:1.3.0) with ExtractAarTransform
Transforming emoji2-1.3.0.aar (androidx.emoji2:emoji2:1.3.0) with AarTransform
Transforming savedstate-1.2.1.aar (androidx.savedstate:savedstate:1.2.1) with ExtractAarTransform
Transforming savedstate-1.2.1.aar (androidx.savedstate:savedstate:1.2.1) with AarTransform
Transforming lifecycle-viewmodel-2.8.4.aar (androidx.lifecycle:lifecycle-viewmodel:2.8.4) with ExtractAarTransform
Transforming lifecycle-viewmodel-2.8.4.aar (androidx.lifecycle:lifecycle-viewmodel:2.8.4) with AarTransform
Transforming lifecycle-viewmodel-release.aar (androidx.lifecycle:lifecycle-viewmodel-android:2.8.4) with ExtractAarTransform
Transforming lifecycle-viewmodel-release.aar (androidx.lifecycle:lifecycle-viewmodel-android:2.8.4) with AarTransform
Transforming lifecycle-process-2.8.4.aar (androidx.lifecycle:lifecycle-process:2.8.4) with ExtractAarTransform
Transforming lifecycle-process-2.8.4.aar (androidx.lifecycle:lifecycle-process:2.8.4) with AarTransform
Transforming lifecycle-livedata-core-ktx-2.8.4.aar (androidx.lifecycle:lifecycle-livedata-core-ktx:2.8.4) with ExtractAarTransform
Transforming lifecycle-livedata-core-ktx-2.8.4.aar (androidx.lifecycle:lifecycle-livedata-core-ktx:2.8.4) with AarTransform
Transforming lifecycle-viewmodel-savedstate-2.8.4.aar (androidx.lifecycle:lifecycle-viewmodel-savedstate:2.8.4) with ExtractAarTransform
Transforming lifecycle-viewmodel-savedstate-2.8.4.aar (androidx.lifecycle:lifecycle-viewmodel-savedstate:2.8.4) with AarTransform
Transforming lifecycle-livedata-core-2.8.4.aar (androidx.lifecycle:lifecycle-livedata-core:2.8.4) with ExtractAarTransform
Transforming lifecycle-livedata-core-2.8.4.aar (androidx.lifecycle:lifecycle-livedata-core:2.8.4) with AarTransform
Transforming lifecycle-livedata-2.8.4.aar (androidx.lifecycle:lifecycle-livedata:2.8.4) with ExtractAarTransform
Caching disabled for AarTransform: /home/runner/.gradle/caches/8.9/transforms/7327455338dff4560c262aa7ae95e453/transformed/constraintlayout-2.1.4 because:
  Caching not enabled.
Transforming lifecycle-livedata-2.8.4.aar (androidx.lifecycle:lifecycle-livedata:2.8.4) with AarTransform
Transforming lifecycle-livedata-2.8.4.aar (androidx.lifecycle:lifecycle-livedata:2.8.4) with ExtractAarTransform
Transforming lifecycle-livedata-2.8.4.aar (androidx.lifecycle:lifecycle-livedata:2.8.4) with AarTransform
Transforming customview-poolingcontainer-1.0.0.aar (androidx.customview:customview-poolingcontainer:1.0.0) with ExtractAarTransform
Transforming customview-poolingcontainer-1.0.0.aar (androidx.customview:customview-poolingcontainer:1.0.0) with AarTransform
Transforming core-ktx-1.13.0.aar (androidx.core:core-ktx:1.13.0) with ExtractAarTransform
Transforming core-ktx-1.13.0.aar (androidx.core:core-ktx:1.13.0) with AarTransform
Transforming drawerlayout-1.1.1.aar (androidx.drawerlayout:drawerlayout:1.1.1) with ExtractAarTransform
Transforming drawerlayout-1.1.1.aar (androidx.drawerlayout:drawerlayout:1.1.1) with AarTransform
Transforming coordinatorlayout-1.1.0.aar (androidx.coordinatorlayout:coordinatorlayout:1.1.0) with ExtractAarTransform
Transforming coordinatorlayout-1.1.0.aar (androidx.coordinatorlayout:coordinatorlayout:1.1.0) with AarTransform
Transforming vectordrawable-animated-1.1.0.aar (androidx.vectordrawable:vectordrawable-animated:1.1.0) with ExtractAarTransform
Transforming vectordrawable-animated-1.1.0.aar (androidx.vectordrawable:vectordrawable-animated:1.1.0) with AarTransform
Transforming vectordrawable-1.1.0.aar (androidx.vectordrawable:vectordrawable:1.1.0) with ExtractAarTransform
Transforming vectordrawable-1.1.0.aar (androidx.vectordrawable:vectordrawable:1.1.0) with AarTransform
Transforming vectordrawable-1.1.0.aar (androidx.vectordrawable:vectordrawable:1.1.0) with ExtractAarTransform
Transforming vectordrawable-1.1.0.aar (androidx.vectordrawable:vectordrawable:1.1.0) with AarTransform
Transforming viewpager-1.0.0.aar (androidx.viewpager:viewpager:1.0.0) with ExtractAarTransform
Transforming viewpager-1.0.0.aar (androidx.viewpager:viewpager:1.0.0) with AarTransform
Transforming media-1.7.0.aar (androidx.media:media:1.7.0) with ExtractAarTransform
Transforming media-1.7.0.aar (androidx.media:media:1.7.0) with AarTransform
Transforming customview-1.1.0.aar (androidx.customview:customview:1.1.0) with ExtractAarTransform
Transforming customview-1.1.0.aar (androidx.customview:customview:1.1.0) with AarTransform
Transforming customview-1.1.0.aar (androidx.customview:customview:1.1.0) with ExtractAarTransform
Transforming customview-1.1.0.aar (androidx.customview:customview:1.1.0) with AarTransform
Transforming customview-1.1.0.aar (androidx.customview:customview:1.1.0) with ExtractAarTransform
Transforming customview-1.1.0.aar (androidx.customview:customview:1.1.0) with AarTransform
Transforming customview-1.1.0.aar (androidx.customview:customview:1.1.0) with ExtractAarTransform
Transforming customview-1.1.0.aar (androidx.customview:customview:1.1.0) with AarTransform
Transforming core-1.13.0.aar (androidx.core:core:1.13.0) with ExtractAarTransform
Transforming core-1.13.0.aar (androidx.core:core:1.13.0) with AarTransform
Transforming core-1.13.0.aar (androidx.core:core:1.13.0) with ExtractAarTransform
Transforming core-1.13.0.aar (androidx.core:core:1.13.0) with AarTransform
Transforming core-1.13.0.aar (androidx.core:core:1.13.0) with ExtractAarTransform
Transforming core-1.13.0.aar (androidx.core:core:1.13.0) with AarTransform
Transforming core-1.13.0.aar (androidx.core:core:1.13.0) with ExtractAarTransform
Transforming core-1.13.0.aar (androidx.core:core:1.13.0) with AarTransform
Transforming core-1.13.0.aar (androidx.core:core:1.13.0) with ExtractAarTransform
Transforming core-1.13.0.aar (androidx.core:core:1.13.0) with AarTransform
Transforming core-1.13.0.aar (androidx.core:core:1.13.0) with ExtractAarTransform
Transforming core-1.13.0.aar (androidx.core:core:1.13.0) with AarTransform
Transforming core-1.13.0.aar (androidx.core:core:1.13.0) with ExtractAarTransform
Transforming core-1.13.0.aar (androidx.core:core:1.13.0) with AarTransform
Transforming core-1.13.0.aar (androidx.core:core:1.13.0) with ExtractAarTransform
Transforming core-1.13.0.aar (androidx.core:core:1.13.0) with AarTransform
Transforming core-1.13.0.aar (androidx.core:core:1.13.0) with ExtractAarTransform
Transforming core-1.13.0.aar (androidx.core:core:1.13.0) with AarTransform
Transforming core-1.13.0.aar (androidx.core:core:1.13.0) with ExtractAarTransform
Transforming core-1.13.0.aar (androidx.core:core:1.13.0) with AarTransform
Transforming core-1.13.0.aar (androidx.core:core:1.13.0) with ExtractAarTransform
Transforming core-1.13.0.aar (androidx.core:core:1.13.0) with AarTransform
Transforming cursoradapter-1.0.0.aar (androidx.cursoradapter:cursoradapter:1.0.0) with ExtractAarTransform
Transforming cursoradapter-1.0.0.aar (androidx.cursoradapter:cursoradapter:1.0.0) with AarTransform
Transforming profileinstaller-1.3.1.aar (androidx.profileinstaller:profileinstaller:1.3.1) with ExtractAarTransform
Transforming profileinstaller-1.3.1.aar (androidx.profileinstaller:profileinstaller:1.3.1) with AarTransform
Transforming cardview-1.0.0.aar (androidx.cardview:cardview:1.0.0) with ExtractAarTransform
Transforming cardview-1.0.0.aar (androidx.cardview:cardview:1.0.0) with AarTransform
Transforming interpolator-1.0.0.aar (androidx.interpolator:interpolator:1.0.0) with ExtractAarTransform
Transforming interpolator-1.0.0.aar (androidx.interpolator:interpolator:1.0.0) with AarTransform
Transforming interpolator-1.0.0.aar (androidx.interpolator:interpolator:1.0.0) with ExtractAarTransform
Transforming interpolator-1.0.0.aar (androidx.interpolator:interpolator:1.0.0) with AarTransform
Transforming interpolator-1.0.0.aar (androidx.interpolator:interpolator:1.0.0) with ExtractAarTransform
Transforming interpolator-1.0.0.aar (androidx.interpolator:interpolator:1.0.0) with AarTransform
Transforming versionedparcelable-1.1.1.aar (androidx.versionedparcelable:versionedparcelable:1.1.1) with ExtractAarTransform
Transforming versionedparcelable-1.1.1.aar (androidx.versionedparcelable:versionedparcelable:1.1.1) with AarTransform
Transforming exifinterface-1.3.6.aar (androidx.exifinterface:exifinterface:1.3.6) with ExtractAarTransform
Transforming exifinterface-1.3.6.aar (androidx.exifinterface:exifinterface:1.3.6) with AarTransform
Transforming gifdecoder-4.16.0.aar (com.github.bumptech.glide:gifdecoder:4.16.0) with ExtractAarTransform
Transforming gifdecoder-4.16.0.aar (com.github.bumptech.glide:gifdecoder:4.16.0) with AarTransform
Transforming startup-runtime-1.1.1.aar (androidx.startup:startup-runtime:1.1.1) with ExtractAarTransform
Transforming startup-runtime-1.1.1.aar (androidx.startup:startup-runtime:1.1.1) with AarTransform
Transforming tracing-1.0.0.aar (androidx.tracing:tracing:1.0.0) with ExtractAarTransform
Transforming tracing-1.0.0.aar (androidx.tracing:tracing:1.0.0) with AarTransform
Transforming core-runtime-2.2.0.aar (androidx.arch.core:core-runtime:2.2.0) with ExtractAarTransform
Transforming core-runtime-2.2.0.aar (androidx.arch.core:core-runtime:2.2.0) with AarTransform
Transforming documentfile-1.0.0.aar (androidx.documentfile:documentfile:1.0.0) with ExtractAarTransform
Transforming documentfile-1.0.0.aar (androidx.documentfile:documentfile:1.0.0) with AarTransform
Transforming localbroadcastmanager-1.0.0.aar (androidx.localbroadcastmanager:localbroadcastmanager:1.0.0) with ExtractAarTransform
Transforming localbroadcastmanager-1.0.0.aar (androidx.localbroadcastmanager:localbroadcastmanager:1.0.0) with AarTransform
Transforming print-1.0.0.aar (androidx.print:print:1.0.0) with ExtractAarTransform
Transforming print-1.0.0.aar (androidx.print:print:1.0.0) with AarTransform
Transforming annotation-experimental-1.4.0.aar (androidx.annotation:annotation-experimental:1.4.0) with ExtractAarTransform
Transforming annotation-experimental-1.4.0.aar (androidx.annotation:annotation-experimental:1.4.0) with AarTransform
Caching disabled for AarTransform: /home/runner/.gradle/caches/8.9/transforms/b4d4520d3a7500151f758a57e313542a/transformed/material-1.12.0 because:
  Caching not enabled.
Caching disabled for AarTransform: /home/runner/.gradle/caches/8.9/transforms/74fc1268ff3f5642626e93f5ffaab0ee/transformed/appcompat-resources-1.7.0 because:
  Caching not enabled.
Caching disabled for AarTransform: /home/runner/.gradle/caches/8.9/transforms/0f2a90c70adc0c4633cded043e77d653/transformed/viewpager2-1.1.0 because:
  Caching not enabled.
Caching disabled for AarTransform: /home/runner/.gradle/caches/8.9/transforms/1dde5f983d8d8b69105a239187db4900/transformed/appcompat-1.7.0 because:
  Caching not enabled.
Caching disabled for AarTransform: /home/runner/.gradle/caches/8.9/transforms/8e206d037e096a8246bf741b4599d3e3/transformed/media3-exoplayer-1.4.1 because:
  Caching not enabled.
Caching disabled for AarTransform: /home/runner/.gradle/caches/8.9/transforms/787953bedcf891eaa3abe20dc151e7f8/transformed/media3-session-1.4.1 because:
  Caching not enabled.
Caching disabled for AarTransform: /home/runner/.gradle/caches/8.9/transforms/8f1c6be824d54d9036149e18b8487cd7/transformed/media3-datasource-okhttp-1.4.1 because:
  Caching not enabled.
Caching disabled for AarTransform: /home/runner/.gradle/caches/8.9/transforms/068d1c140dad434ad7566a26bcb09136/transformed/media3-extractor-1.4.1 because:
  Caching not enabled.
Caching disabled for AarTransform: /home/runner/.gradle/caches/8.9/transforms/f13a0c08f7cfa0a877589804af7c06e5/transformed/media3-container-1.4.1 because:
  Caching not enabled.
Caching disabled for AarTransform: /home/runner/.gradle/caches/8.9/transforms/86c00aab55672907703facd03d39bf3c/transformed/media3-datasource-1.4.1 because:
  Caching not enabled.
Caching disabled for AarTransform: /home/runner/.gradle/caches/8.9/transforms/47abc1295bc060486f1919c859794082/transformed/media3-database-1.4.1 because:
  Caching not enabled.
Caching disabled for AarTransform: /home/runner/.gradle/caches/8.9/transforms/25fb82ba0edec0f432fb835442dc7924/transformed/media3-decoder-1.4.1 because:
  Caching not enabled.
Caching disabled for AarTransform: /home/runner/.gradle/caches/8.9/transforms/71a3d4d7867ccf930919e7fe5351d607/transformed/media3-common-1.4.1 because:
  Caching not enabled.
Caching disabled for AarTransform: /home/runner/.gradle/caches/8.9/transforms/b9c68220fce63fb5e94ecc1589f37798/transformed/media3-ui-1.4.1 because:
  Caching not enabled.
Caching disabled for AarTransform: /home/runner/.gradle/caches/8.9/transforms/eba4b3f404cb9221119411cdcd7f8625/transformed/glide-4.16.0 because:
  Caching not enabled.
Caching disabled for AarTransform: /home/runner/.gradle/caches/8.9/transforms/38a168702c942661d7f4f8fd4756d72e/transformed/fragment-1.8.2 because:
  Caching not enabled.
Caching disabled for AarTransform: /home/runner/.gradle/caches/8.9/transforms/62454a3cca38d4b1256266a06e5b4e28/transformed/recyclerview-1.3.2 because:
  Caching not enabled.
Caching disabled for AarTransform: /home/runner/.gradle/caches/8.9/transforms/0b21b549e485c41d8939f4345317a927/transformed/swiperefreshlayout-1.1.0 because:
  Caching not enabled.
Caching disabled for AarTransform: /home/runner/.gradle/caches/8.9/transforms/10b18663614225c920b6298f756da05b/transformed/palette-1.0.0 because:
  Caching not enabled.
Caching disabled for AarTransform: /home/runner/.gradle/caches/8.9/transforms/9d1c947f318e9e7fc379378e64cb04ee/transformed/transition-1.5.0 because:
  Caching not enabled.
Caching disabled for AarTransform: /home/runner/.gradle/caches/8.9/transforms/f4be888dc301859ee5f0f579bb6b38e7/transformed/dynamicanimation-1.0.0 because:
  Caching not enabled.
Caching disabled for AarTransform: /home/runner/.gradle/caches/8.9/transforms/77afff4facff46d9e0ffea40c9ced703/transformed/legacy-support-core-utils-1.0.0 because:
  Caching not enabled.
Caching disabled for AarTransform: /home/runner/.gradle/caches/8.9/transforms/67ea28c3055e9d64bcc9ee19a46f8200/transformed/loader-1.0.0 because:
  Caching not enabled.
Caching disabled for AarTransform: /home/runner/.gradle/caches/8.9/transforms/f2c0c8c587af567fe0b24f144dc84797/transformed/lifecycle-runtime-release because:
  Caching not enabled.
Caching disabled for AarTransform: /home/runner/.gradle/caches/8.9/transforms/9ac45b03335b27bdae47388c3ef681b3/transformed/activity-1.8.1 because:
  Caching not enabled.
Caching disabled for AarTransform: /home/runner/.gradle/caches/8.9/transforms/d082fb77384557313e4b1a3ce8e0a50e/transformed/emoji2-views-helper-1.3.0 because:
  Caching not enabled.
Caching disabled for AarTransform: /home/runner/.gradle/caches/8.9/transforms/27fbc6f33c0ec7c17234cf593774cb95/transformed/emoji2-1.3.0 because:
  Caching not enabled.
Caching disabled for AarTransform: /home/runner/.gradle/caches/8.9/transforms/58242d362fcb8c56fa7ec6def399333d/transformed/savedstate-1.2.1 because:
  Caching not enabled.
Caching disabled for AarTransform: /home/runner/.gradle/caches/8.9/transforms/5773aed0a93405f51ae7deaa3b4737d0/transformed/lifecycle-viewmodel-2.8.4 because:
  Caching not enabled.
Caching disabled for AarTransform: /home/runner/.gradle/caches/8.9/transforms/4536204e998e995808ae26cae95d9f11/transformed/lifecycle-viewmodel-release because:
  Caching not enabled.
Caching disabled for AarTransform: /home/runner/.gradle/caches/8.9/transforms/cf94723d294267e6a8224b89f6f05948/transformed/lifecycle-process-2.8.4 because:
  Caching not enabled.
Caching disabled for AarTransform: /home/runner/.gradle/caches/8.9/transforms/c88b66ac669ebd352465d3b4158ebfa2/transformed/lifecycle-livedata-core-ktx-2.8.4 because:
  Caching not enabled.
Caching disabled for AarTransform: /home/runner/.gradle/caches/8.9/transforms/304301d79c98426692113d043e9a1632/transformed/lifecycle-viewmodel-savedstate-2.8.4 because:
  Caching not enabled.
Caching disabled for AarTransform: /home/runner/.gradle/caches/8.9/transforms/a94955b321dcfee0badac9caa8c8b552/transformed/lifecycle-livedata-2.8.4 because:
  Caching not enabled.
Caching disabled for AarTransform: /home/runner/.gradle/caches/8.9/transforms/f6d9851cfc4344c98341530c09a2d146/transformed/lifecycle-livedata-core-2.8.4 because:
  Caching not enabled.
Caching disabled for AarTransform: /home/runner/.gradle/caches/8.9/transforms/70a4404f78ff4408ba72cdeb9a417244/transformed/customview-poolingcontainer-1.0.0 because:
  Caching not enabled.
Caching disabled for AarTransform: /home/runner/.gradle/caches/8.9/transforms/f3c10adefffb4712327042b936c625b1/transformed/core-ktx-1.13.0 because:
  Caching not enabled.
Caching disabled for AarTransform: /home/runner/.gradle/caches/8.9/transforms/43625918a943aabeb509bfc3c0312b33/transformed/drawerlayout-1.1.1 because:
  Caching not enabled.
Caching disabled for AarTransform: /home/runner/.gradle/caches/8.9/transforms/70ee23c0e0e0c37dfe41d6c34d471261/transformed/coordinatorlayout-1.1.0 because:
  Caching not enabled.
Caching disabled for AarTransform: /home/runner/.gradle/caches/8.9/transforms/d4073ce150f09b8411f5a4751160ea57/transformed/vectordrawable-animated-1.1.0 because:
  Caching not enabled.
Caching disabled for AarTransform: /home/runner/.gradle/caches/8.9/transforms/b8f7ed74e747393379cf17addd3ed887/transformed/vectordrawable-1.1.0 because:
  Caching not enabled.
Caching disabled for AarTransform: /home/runner/.gradle/caches/8.9/transforms/99a4e4e56fab2ebb59654ca188732776/transformed/viewpager-1.0.0 because:
  Caching not enabled.
Caching disabled for AarTransform: /home/runner/.gradle/caches/8.9/transforms/47e61816cad352fbb2cb2109c88c93c4/transformed/media-1.7.0 because:
  Caching not enabled.
Caching disabled for AarTransform: /home/runner/.gradle/caches/8.9/transforms/ccb7155b84759ab93dd66aa5571c786b/transformed/customview-1.1.0 because:
  Caching not enabled.
Caching disabled for AarTransform: /home/runner/.gradle/caches/8.9/transforms/c71f5b93f765c81b68c6363ac2a86f13/transformed/core-1.13.0 because:
  Caching not enabled.
Caching disabled for AarTransform: /home/runner/.gradle/caches/8.9/transforms/d252cf611dfeee4f1fd88b3f1f95271f/transformed/profileinstaller-1.3.1 because:
  Caching not enabled.
Caching disabled for AarTransform: /home/runner/.gradle/caches/8.9/transforms/125eb447ec418e197792928f7ac156f5/transformed/cursoradapter-1.0.0 because:
  Caching not enabled.
Caching disabled for AarTransform: /home/runner/.gradle/caches/8.9/transforms/e57c5ec95d97095f7ddd08f083c26acd/transformed/cardview-1.0.0 because:
  Caching not enabled.
Caching disabled for AarTransform: /home/runner/.gradle/caches/8.9/transforms/4e8e304324599b458d61b8fae777970c/transformed/interpolator-1.0.0 because:
  Caching not enabled.
Caching disabled for AarTransform: /home/runner/.gradle/caches/8.9/transforms/d76f7faec08758676fd25dae129ae9e7/transformed/versionedparcelable-1.1.1 because:
  Caching not enabled.
Caching disabled for AarTransform: /home/runner/.gradle/caches/8.9/transforms/5ac024980d164243ba39af4fe37c887f/transformed/exifinterface-1.3.6 because:
  Caching not enabled.
Caching disabled for AarTransform: /home/runner/.gradle/caches/8.9/transforms/fb24fd81fb948482846358d35ccc42a2/transformed/startup-runtime-1.1.1 because:
  Caching not enabled.
Caching disabled for AarTransform: /home/runner/.gradle/caches/8.9/transforms/b681ba03f7bc5356d20eb93dbc4f69bc/transformed/gifdecoder-4.16.0 because:
  Caching not enabled.
Caching disabled for AarTransform: /home/runner/.gradle/caches/8.9/transforms/c713cbc1f0158f5129ff92fe7dbf94b9/transformed/tracing-1.0.0 because:
  Caching not enabled.
Caching disabled for AarTransform: /home/runner/.gradle/caches/8.9/transforms/9a0b92f9f6b3c890fc34cb4403a07da6/transformed/documentfile-1.0.0 because:
  Caching not enabled.
Caching disabled for AarTransform: /home/runner/.gradle/caches/8.9/transforms/955be4a975cbcd5ce3b32db831311006/transformed/localbroadcastmanager-1.0.0 because:
  Caching not enabled.
Caching disabled for AarTransform: /home/runner/.gradle/caches/8.9/transforms/c6f03c1e6772935c5ccd227794005cc7/transformed/core-runtime-2.2.0 because:
  Caching not enabled.
Caching disabled for AarTransform: /home/runner/.gradle/caches/8.9/transforms/17976e65923912d1f5a695e89a707860/transformed/print-1.0.0 because:
  Caching not enabled.
Caching disabled for AarTransform: /home/runner/.gradle/caches/8.9/transforms/5d63084fa3f6b3d2d1c088d876e5b51c/transformed/annotation-experimental-1.4.0 because:
  Caching not enabled.
Caching disabled for task ':app:mergeDebugAssets' because:
  Simple merging task
Task ':app:mergeDebugAssets' is not up-to-date because:
  No history is available.
The input changes require a full rebuild for incremental task ':app:mergeDebugAssets'.
Resolve mutations for :app:compressDebugAssets (Thread[Execution worker Thread 3,5,main]) started.
:app:compressDebugAssets (Thread[Execution worker Thread 3,5,main]) started.

> Task :app:compressDebugAssets
Build cache key for task ':app:compressDebugAssets' is 3f31d9fa9e0c88c87138944a3a07c405
Task ':app:compressDebugAssets' is not up-to-date because:
  No history is available.
The input changes require a full rebuild for incremental task ':app:compressDebugAssets'.
Stored cache entry for task ':app:compressDebugAssets' with cache key 3f31d9fa9e0c88c87138944a3a07c405
Resolve mutations for :app:desugarDebugFileDependencies (Thread[Execution worker Thread 3,5,main]) started.
:app:desugarDebugFileDependencies (Thread[Execution worker Thread 3,5,main]) started.

> Task :app:desugarDebugFileDependencies
Transforming viewbinding-8.5.2.aar (androidx.databinding:viewbinding:8.5.2) with ExtractAarTransform
Transforming viewbinding-8.5.2.aar (androidx.databinding:viewbinding:8.5.2) with AarTransform
Transforming material-1.12.0.aar (com.google.android.material:material:1.12.0) with ExtractAarTransform
Transforming material-1.12.0.aar (com.google.android.material:material:1.12.0) with AarTransform
Transforming constraintlayout-2.1.4.aar (androidx.constraintlayout:constraintlayout:2.1.4) with ExtractAarTransform
Transforming constraintlayout-2.1.4.aar (androidx.constraintlayout:constraintlayout:2.1.4) with AarTransform
Transforming appcompat-resources-1.7.0.aar (androidx.appcompat:appcompat-resources:1.7.0) with ExtractAarTransform
Transforming appcompat-resources-1.7.0.aar (androidx.appcompat:appcompat-resources:1.7.0) with AarTransform
Transforming appcompat-1.7.0.aar (androidx.appcompat:appcompat:1.7.0) with ExtractAarTransform
Transforming appcompat-1.7.0.aar (androidx.appcompat:appcompat:1.7.0) with AarTransform
Transforming viewpager2-1.1.0.aar (androidx.viewpager2:viewpager2:1.1.0) with ExtractAarTransform
Transforming viewpager2-1.1.0.aar (androidx.viewpager2:viewpager2:1.1.0) with AarTransform
Transforming media3-exoplayer-1.4.1.aar (androidx.media3:media3-exoplayer:1.4.1) with ExtractAarTransform
Transforming media3-exoplayer-1.4.1.aar (androidx.media3:media3-exoplayer:1.4.1) with AarTransform
Transforming media3-session-1.4.1.aar (androidx.media3:media3-session:1.4.1) with ExtractAarTransform
Transforming media3-session-1.4.1.aar (androidx.media3:media3-session:1.4.1) with AarTransform
Transforming media3-datasource-okhttp-1.4.1.aar (androidx.media3:media3-datasource-okhttp:1.4.1) with ExtractAarTransform
Transforming media3-datasource-okhttp-1.4.1.aar (androidx.media3:media3-datasource-okhttp:1.4.1) with AarTransform
Transforming media3-extractor-1.4.1.aar (androidx.media3:media3-extractor:1.4.1) with ExtractAarTransform
Transforming media3-extractor-1.4.1.aar (androidx.media3:media3-extractor:1.4.1) with AarTransform
Transforming media3-container-1.4.1.aar (androidx.media3:media3-container:1.4.1) with ExtractAarTransform
Transforming media3-container-1.4.1.aar (androidx.media3:media3-container:1.4.1) with AarTransform
Transforming media3-datasource-1.4.1.aar (androidx.media3:media3-datasource:1.4.1) with ExtractAarTransform
Transforming media3-datasource-1.4.1.aar (androidx.media3:media3-datasource:1.4.1) with AarTransform
Transforming media3-decoder-1.4.1.aar (androidx.media3:media3-decoder:1.4.1) with ExtractAarTransform
Transforming media3-decoder-1.4.1.aar (androidx.media3:media3-decoder:1.4.1) with AarTransform
Transforming media3-database-1.4.1.aar (androidx.media3:media3-database:1.4.1) with ExtractAarTransform
Transforming media3-database-1.4.1.aar (androidx.media3:media3-database:1.4.1) with AarTransform
Transforming media3-common-1.4.1.aar (androidx.media3:media3-common:1.4.1) with ExtractAarTransform
Caching disabled for AarTransform: /home/runner/.gradle/caches/8.9/transforms/a90c6ec86b5ddf6edd61baf8e57409c7/transformed/viewbinding-8.5.2 because:
  Caching not enabled.
Caching disabled for AarTransform: /home/runner/.gradle/caches/8.9/transforms/7327455338dff4560c262aa7ae95e453/transformed/constraintlayout-2.1.4 because:
  Caching not enabled.
Caching disabled for AarTransform: /home/runner/.gradle/caches/8.9/transforms/b4d4520d3a7500151f758a57e313542a/transformed/material-1.12.0 because:
  Caching not enabled.
Transforming media3-common-1.4.1.aar (androidx.media3:media3-common:1.4.1) with AarTransform
Transforming media3-ui-1.4.1.aar (androidx.media3:media3-ui:1.4.1) with ExtractAarTransform
Transforming media3-ui-1.4.1.aar (androidx.media3:media3-ui:1.4.1) with AarTransform
Transforming recyclerview-1.3.2.aar (androidx.recyclerview:recyclerview:1.3.2) with ExtractAarTransform
Transforming recyclerview-1.3.2.aar (androidx.recyclerview:recyclerview:1.3.2) with AarTransform
Transforming glide-4.16.0.aar (com.github.bumptech.glide:glide:4.16.0) with ExtractAarTransform
Transforming glide-4.16.0.aar (com.github.bumptech.glide:glide:4.16.0) with AarTransform
Transforming fragment-1.8.2.aar (androidx.fragment:fragment:1.8.2) with ExtractAarTransform
Transforming fragment-1.8.2.aar (androidx.fragment:fragment:1.8.2) with AarTransform
Transforming swiperefreshlayout-1.1.0.aar (androidx.swiperefreshlayout:swiperefreshlayout:1.1.0) with ExtractAarTransform
Transforming swiperefreshlayout-1.1.0.aar (androidx.swiperefreshlayout:swiperefreshlayout:1.1.0) with AarTransform
Transforming palette-1.0.0.aar (androidx.palette:palette:1.0.0) with ExtractAarTransform
Transforming palette-1.0.0.aar (androidx.palette:palette:1.0.0) with AarTransform
Transforming transition-1.5.0.aar (androidx.transition:transition:1.5.0) with ExtractAarTransform
Transforming transition-1.5.0.aar (androidx.transition:transition:1.5.0) with AarTransform
Transforming dynamicanimation-1.0.0.aar (androidx.dynamicanimation:dynamicanimation:1.0.0) with ExtractAarTransform
Transforming dynamicanimation-1.0.0.aar (androidx.dynamicanimation:dynamicanimation:1.0.0) with AarTransform
Transforming legacy-support-core-utils-1.0.0.aar (androidx.legacy:legacy-support-core-utils:1.0.0) with ExtractAarTransform
Transforming legacy-support-core-utils-1.0.0.aar (androidx.legacy:legacy-support-core-utils:1.0.0) with AarTransform
Transforming legacy-support-core-utils-1.0.0.aar (androidx.legacy:legacy-support-core-utils:1.0.0) with ExtractAarTransform
Transforming legacy-support-core-utils-1.0.0.aar (androidx.legacy:legacy-support-core-utils:1.0.0) with AarTransform
Transforming loader-1.0.0.aar (androidx.loader:loader:1.0.0) with ExtractAarTransform
Transforming loader-1.0.0.aar (androidx.loader:loader:1.0.0) with AarTransform
Transforming loader-1.0.0.aar (androidx.loader:loader:1.0.0) with ExtractAarTransform
Transforming loader-1.0.0.aar (androidx.loader:loader:1.0.0) with AarTransform
Transforming lifecycle-runtime-release.aar (androidx.lifecycle:lifecycle-runtime-android:2.8.4) with ExtractAarTransform
Transforming lifecycle-runtime-release.aar (androidx.lifecycle:lifecycle-runtime-android:2.8.4) with AarTransform
Transforming activity-1.8.1.aar (androidx.activity:activity:1.8.1) with ExtractAarTransform
Transforming activity-1.8.1.aar (androidx.activity:activity:1.8.1) with AarTransform
Transforming emoji2-views-helper-1.3.0.aar (androidx.emoji2:emoji2-views-helper:1.3.0) with ExtractAarTransform
Transforming emoji2-views-helper-1.3.0.aar (androidx.emoji2:emoji2-views-helper:1.3.0) with AarTransform
Transforming emoji2-1.3.0.aar (androidx.emoji2:emoji2:1.3.0) with ExtractAarTransform
Transforming emoji2-1.3.0.aar (androidx.emoji2:emoji2:1.3.0) with AarTransform
Transforming savedstate-1.2.1.aar (androidx.savedstate:savedstate:1.2.1) with ExtractAarTransform
Transforming savedstate-1.2.1.aar (androidx.savedstate:savedstate:1.2.1) with AarTransform
Transforming lifecycle-viewmodel-2.8.4.aar (androidx.lifecycle:lifecycle-viewmodel:2.8.4) with ExtractAarTransform
Transforming lifecycle-viewmodel-2.8.4.aar (androidx.lifecycle:lifecycle-viewmodel:2.8.4) with AarTransform
Transforming lifecycle-viewmodel-release.aar (androidx.lifecycle:lifecycle-viewmodel-android:2.8.4) with ExtractAarTransform
Transforming lifecycle-viewmodel-release.aar (androidx.lifecycle:lifecycle-viewmodel-android:2.8.4) with AarTransform
Transforming lifecycle-process-2.8.4.aar (androidx.lifecycle:lifecycle-process:2.8.4) with ExtractAarTransform
Transforming lifecycle-process-2.8.4.aar (androidx.lifecycle:lifecycle-process:2.8.4) with AarTransform
Transforming lifecycle-livedata-core-ktx-2.8.4.aar (androidx.lifecycle:lifecycle-livedata-core-ktx:2.8.4) with ExtractAarTransform
Transforming lifecycle-livedata-core-ktx-2.8.4.aar (androidx.lifecycle:lifecycle-livedata-core-ktx:2.8.4) with AarTransform
Transforming lifecycle-viewmodel-savedstate-2.8.4.aar (androidx.lifecycle:lifecycle-viewmodel-savedstate:2.8.4) with ExtractAarTransform
Transforming lifecycle-viewmodel-savedstate-2.8.4.aar (androidx.lifecycle:lifecycle-viewmodel-savedstate:2.8.4) with AarTransform
Transforming lifecycle-livedata-core-2.8.4.aar (androidx.lifecycle:lifecycle-livedata-core:2.8.4) with ExtractAarTransform
Transforming lifecycle-livedata-core-2.8.4.aar (androidx.lifecycle:lifecycle-livedata-core:2.8.4) with AarTransform
Transforming lifecycle-livedata-2.8.4.aar (androidx.lifecycle:lifecycle-livedata:2.8.4) with ExtractAarTransform
Transforming lifecycle-livedata-2.8.4.aar (androidx.lifecycle:lifecycle-livedata:2.8.4) with AarTransform
Transforming lifecycle-livedata-2.8.4.aar (androidx.lifecycle:lifecycle-livedata:2.8.4) with ExtractAarTransform
Transforming lifecycle-livedata-2.8.4.aar (androidx.lifecycle:lifecycle-livedata:2.8.4) with AarTransform
Transforming customview-poolingcontainer-1.0.0.aar (androidx.customview:customview-poolingcontainer:1.0.0) with ExtractAarTransform
Transforming customview-poolingcontainer-1.0.0.aar (androidx.customview:customview-poolingcontainer:1.0.0) with AarTransform
Transforming core-ktx-1.13.0.aar (androidx.core:core-ktx:1.13.0) with ExtractAarTransform
Transforming core-ktx-1.13.0.aar (androidx.core:core-ktx:1.13.0) with AarTransform
Transforming drawerlayout-1.1.1.aar (androidx.drawerlayout:drawerlayout:1.1.1) with ExtractAarTransform
Transforming drawerlayout-1.1.1.aar (androidx.drawerlayout:drawerlayout:1.1.1) with AarTransform
Transforming coordinatorlayout-1.1.0.aar (androidx.coordinatorlayout:coordinatorlayout:1.1.0) with ExtractAarTransform
Transforming coordinatorlayout-1.1.0.aar (androidx.coordinatorlayout:coordinatorlayout:1.1.0) with AarTransform
Transforming vectordrawable-animated-1.1.0.aar (androidx.vectordrawable:vectordrawable-animated:1.1.0) with ExtractAarTransform
Transforming vectordrawable-animated-1.1.0.aar (androidx.vectordrawable:vectordrawable-animated:1.1.0) with AarTransform
Transforming vectordrawable-1.1.0.aar (androidx.vectordrawable:vectordrawable:1.1.0) with ExtractAarTransform
Transforming vectordrawable-1.1.0.aar (androidx.vectordrawable:vectordrawable:1.1.0) with AarTransform
Transforming vectordrawable-1.1.0.aar (androidx.vectordrawable:vectordrawable:1.1.0) with ExtractAarTransform
Transforming vectordrawable-1.1.0.aar (androidx.vectordrawable:vectordrawable:1.1.0) with AarTransform
Transforming viewpager-1.0.0.aar (androidx.viewpager:viewpager:1.0.0) with ExtractAarTransform
Transforming viewpager-1.0.0.aar (androidx.viewpager:viewpager:1.0.0) with AarTransform
Transforming media-1.7.0.aar (androidx.media:media:1.7.0) with ExtractAarTransform
Transforming media-1.7.0.aar (androidx.media:media:1.7.0) with AarTransform
Transforming customview-1.1.0.aar (androidx.customview:customview:1.1.0) with ExtractAarTransform
Transforming customview-1.1.0.aar (androidx.customview:customview:1.1.0) with AarTransform
Transforming customview-1.1.0.aar (androidx.customview:customview:1.1.0) with ExtractAarTransform
Transforming customview-1.1.0.aar (androidx.customview:customview:1.1.0) with AarTransform
Transforming customview-1.1.0.aar (androidx.customview:customview:1.1.0) with ExtractAarTransform
Transforming customview-1.1.0.aar (androidx.customview:customview:1.1.0) with AarTransform
Transforming customview-1.1.0.aar (androidx.customview:customview:1.1.0) with ExtractAarTransform
Transforming customview-1.1.0.aar (androidx.customview:customview:1.1.0) with AarTransform
Transforming core-1.13.0.aar (androidx.core:core:1.13.0) with ExtractAarTransform
Transforming core-1.13.0.aar (androidx.core:core:1.13.0) with AarTransform
Transforming core-1.13.0.aar (androidx.core:core:1.13.0) with ExtractAarTransform
Transforming core-1.13.0.aar (androidx.core:core:1.13.0) with AarTransform
Transforming core-1.13.0.aar (androidx.core:core:1.13.0) with ExtractAarTransform
Transforming core-1.13.0.aar (androidx.core:core:1.13.0) with AarTransform
Transforming core-1.13.0.aar (androidx.core:core:1.13.0) with ExtractAarTransform
Transforming core-1.13.0.aar (androidx.core:core:1.13.0) with AarTransform
Transforming core-1.13.0.aar (androidx.core:core:1.13.0) with ExtractAarTransform
Transforming core-1.13.0.aar (androidx.core:core:1.13.0) with AarTransform
Transforming core-1.13.0.aar (androidx.core:core:1.13.0) with ExtractAarTransform
Transforming core-1.13.0.aar (androidx.core:core:1.13.0) with AarTransform
Transforming core-1.13.0.aar (androidx.core:core:1.13.0) with ExtractAarTransform
Transforming core-1.13.0.aar (androidx.core:core:1.13.0) with AarTransform
Transforming core-1.13.0.aar (androidx.core:core:1.13.0) with ExtractAarTransform
Transforming core-1.13.0.aar (androidx.core:core:1.13.0) with AarTransform
Transforming core-1.13.0.aar (androidx.core:core:1.13.0) with ExtractAarTransform
Transforming core-1.13.0.aar (androidx.core:core:1.13.0) with AarTransform
Transforming core-1.13.0.aar (androidx.core:core:1.13.0) with ExtractAarTransform
Transforming core-1.13.0.aar (androidx.core:core:1.13.0) with AarTransform
Transforming core-1.13.0.aar (androidx.core:core:1.13.0) with ExtractAarTransform
Transforming core-1.13.0.aar (androidx.core:core:1.13.0) with AarTransform
Transforming cursoradapter-1.0.0.aar (androidx.cursoradapter:cursoradapter:1.0.0) with ExtractAarTransform
Transforming cursoradapter-1.0.0.aar (androidx.cursoradapter:cursoradapter:1.0.0) with AarTransform
Transforming profileinstaller-1.3.1.aar (androidx.profileinstaller:profileinstaller:1.3.1) with ExtractAarTransform
Transforming profileinstaller-1.3.1.aar (androidx.profileinstaller:profileinstaller:1.3.1) with AarTransform
Transforming cardview-1.0.0.aar (androidx.cardview:cardview:1.0.0) with ExtractAarTransform
Transforming cardview-1.0.0.aar (androidx.cardview:cardview:1.0.0) with AarTransform
Transforming interpolator-1.0.0.aar (androidx.interpolator:interpolator:1.0.0) with ExtractAarTransform
Transforming interpolator-1.0.0.aar (androidx.interpolator:interpolator:1.0.0) with AarTransform
Transforming interpolator-1.0.0.aar (androidx.interpolator:interpolator:1.0.0) with ExtractAarTransform
Transforming interpolator-1.0.0.aar (androidx.interpolator:interpolator:1.0.0) with AarTransform
Transforming interpolator-1.0.0.aar (androidx.interpolator:interpolator:1.0.0) with ExtractAarTransform
Transforming interpolator-1.0.0.aar (androidx.interpolator:interpolator:1.0.0) with AarTransform
Transforming versionedparcelable-1.1.1.aar (androidx.versionedparcelable:versionedparcelable:1.1.1) with ExtractAarTransform
Transforming versionedparcelable-1.1.1.aar (androidx.versionedparcelable:versionedparcelable:1.1.1) with AarTransform
Transforming exifinterface-1.3.6.aar (androidx.exifinterface:exifinterface:1.3.6) with ExtractAarTransform
Transforming exifinterface-1.3.6.aar (androidx.exifinterface:exifinterface:1.3.6) with AarTransform
Transforming gifdecoder-4.16.0.aar (com.github.bumptech.glide:gifdecoder:4.16.0) with ExtractAarTransform
Transforming gifdecoder-4.16.0.aar (com.github.bumptech.glide:gifdecoder:4.16.0) with AarTransform
Transforming startup-runtime-1.1.1.aar (androidx.startup:startup-runtime:1.1.1) with ExtractAarTransform
Transforming startup-runtime-1.1.1.aar (androidx.startup:startup-runtime:1.1.1) with AarTransform
Transforming tracing-1.0.0.aar (androidx.tracing:tracing:1.0.0) with ExtractAarTransform
Transforming tracing-1.0.0.aar (androidx.tracing:tracing:1.0.0) with AarTransform
Transforming core-runtime-2.2.0.aar (androidx.arch.core:core-runtime:2.2.0) with ExtractAarTransform
Transforming core-runtime-2.2.0.aar (androidx.arch.core:core-runtime:2.2.0) with AarTransform
Transforming documentfile-1.0.0.aar (androidx.documentfile:documentfile:1.0.0) with ExtractAarTransform
Transforming documentfile-1.0.0.aar (androidx.documentfile:documentfile:1.0.0) with AarTransform
Transforming localbroadcastmanager-1.0.0.aar (androidx.localbroadcastmanager:localbroadcastmanager:1.0.0) with ExtractAarTransform
Transforming localbroadcastmanager-1.0.0.aar (androidx.localbroadcastmanager:localbroadcastmanager:1.0.0) with AarTransform
Transforming print-1.0.0.aar (androidx.print:print:1.0.0) with ExtractAarTransform
Transforming print-1.0.0.aar (androidx.print:print:1.0.0) with AarTransform
Transforming annotation-experimental-1.4.0.aar (androidx.annotation:annotation-experimental:1.4.0) with ExtractAarTransform
Transforming annotation-experimental-1.4.0.aar (androidx.annotation:annotation-experimental:1.4.0) with AarTransform
Caching disabled for AarTransform: /home/runner/.gradle/caches/8.9/transforms/74fc1268ff3f5642626e93f5ffaab0ee/transformed/appcompat-resources-1.7.0 because:
  Caching not enabled.
Caching disabled for AarTransform: /home/runner/.gradle/caches/8.9/transforms/0f2a90c70adc0c4633cded043e77d653/transformed/viewpager2-1.1.0 because:
  Caching not enabled.
Caching disabled for AarTransform: /home/runner/.gradle/caches/8.9/transforms/8e206d037e096a8246bf741b4599d3e3/transformed/media3-exoplayer-1.4.1 because:
  Caching not enabled.
Caching disabled for AarTransform: /home/runner/.gradle/caches/8.9/transforms/1dde5f983d8d8b69105a239187db4900/transformed/appcompat-1.7.0 because:
  Caching not enabled.
Caching disabled for AarTransform: /home/runner/.gradle/caches/8.9/transforms/787953bedcf891eaa3abe20dc151e7f8/transformed/media3-session-1.4.1 because:
  Caching not enabled.
Caching disabled for AarTransform: /home/runner/.gradle/caches/8.9/transforms/068d1c140dad434ad7566a26bcb09136/transformed/media3-extractor-1.4.1 because:
  Caching not enabled.
Caching disabled for AarTransform: /home/runner/.gradle/caches/8.9/transforms/f13a0c08f7cfa0a877589804af7c06e5/transformed/media3-container-1.4.1 because:
  Caching not enabled.
Caching disabled for AarTransform: /home/runner/.gradle/caches/8.9/transforms/8f1c6be824d54d9036149e18b8487cd7/transformed/media3-datasource-okhttp-1.4.1 because:
  Caching not enabled.
Caching disabled for AarTransform: /home/runner/.gradle/caches/8.9/transforms/86c00aab55672907703facd03d39bf3c/transformed/media3-datasource-1.4.1 because:
  Caching not enabled.
Caching disabled for AarTransform: /home/runner/.gradle/caches/8.9/transforms/25fb82ba0edec0f432fb835442dc7924/transformed/media3-decoder-1.4.1 because:
  Caching not enabled.
Caching disabled for AarTransform: /home/runner/.gradle/caches/8.9/transforms/47abc1295bc060486f1919c859794082/transformed/media3-database-1.4.1 because:
  Caching not enabled.
Caching disabled for AarTransform: /home/runner/.gradle/caches/8.9/transforms/71a3d4d7867ccf930919e7fe5351d607/transformed/media3-common-1.4.1 because:
  Caching not enabled.
Caching disabled for AarTransform: /home/runner/.gradle/caches/8.9/transforms/b9c68220fce63fb5e94ecc1589f37798/transformed/media3-ui-1.4.1 because:
  Caching not enabled.
Caching disabled for AarTransform: /home/runner/.gradle/caches/8.9/transforms/eba4b3f404cb9221119411cdcd7f8625/transformed/glide-4.16.0 because:
  Caching not enabled.
Caching disabled for AarTransform: /home/runner/.gradle/caches/8.9/transforms/62454a3cca38d4b1256266a06e5b4e28/transformed/recyclerview-1.3.2 because:
  Caching not enabled.
Caching disabled for AarTransform: /home/runner/.gradle/caches/8.9/transforms/38a168702c942661d7f4f8fd4756d72e/transformed/fragment-1.8.2 because:
  Caching not enabled.
Caching disabled for AarTransform: /home/runner/.gradle/caches/8.9/transforms/0b21b549e485c41d8939f4345317a927/transformed/swiperefreshlayout-1.1.0 because:
  Caching not enabled.
Caching disabled for AarTransform: /home/runner/.gradle/caches/8.9/transforms/10b18663614225c920b6298f756da05b/transformed/palette-1.0.0 because:
  Caching not enabled.
Downloading https://repo.maven.apache.org/maven2/com/squareup/okhttp3/okhttp/4.12.0/okhttp-4.12.0.jar to /home/runner/.gradle/.tmp/gradle_download14011636548753708631bin
Downloading https://repo.maven.apache.org/maven2/com/google/code/gson/gson/2.11.0/gson-2.11.0.jar to /home/runner/.gradle/.tmp/gradle_download7251981301214478396bin
Downloading https://repo.maven.apache.org/maven2/com/squareup/okhttp3/okhttp-urlconnection/4.12.0/okhttp-urlconnection-4.12.0.jar to /home/runner/.gradle/.tmp/gradle_download8330214358652540920bin
Caching disabled for AarTransform: /home/runner/.gradle/caches/8.9/transforms/9d1c947f318e9e7fc379378e64cb04ee/transformed/transition-1.5.0 because:
  Caching not enabled.
Caching disabled for AarTransform: /home/runner/.gradle/caches/8.9/transforms/f4be888dc301859ee5f0f579bb6b38e7/transformed/dynamicanimation-1.0.0 because:
  Caching not enabled.
Caching disabled for AarTransform: /home/runner/.gradle/caches/8.9/transforms/77afff4facff46d9e0ffea40c9ced703/transformed/legacy-support-core-utils-1.0.0 because:
  Caching not enabled.
Caching disabled for AarTransform: /home/runner/.gradle/caches/8.9/transforms/67ea28c3055e9d64bcc9ee19a46f8200/transformed/loader-1.0.0 because:
  Caching not enabled.
Caching disabled for AarTransform: /home/runner/.gradle/caches/8.9/transforms/f2c0c8c587af567fe0b24f144dc84797/transformed/lifecycle-runtime-release because:
  Caching not enabled.
Caching disabled for AarTransform: /home/runner/.gradle/caches/8.9/transforms/9ac45b03335b27bdae47388c3ef681b3/transformed/activity-1.8.1 because:
  Caching not enabled.
Caching disabled for AarTransform: /home/runner/.gradle/caches/8.9/transforms/d082fb77384557313e4b1a3ce8e0a50e/transformed/emoji2-views-helper-1.3.0 because:
  Caching not enabled.
Caching disabled for AarTransform: /home/runner/.gradle/caches/8.9/transforms/58242d362fcb8c56fa7ec6def399333d/transformed/savedstate-1.2.1 because:
  Caching not enabled.
Caching disabled for AarTransform: /home/runner/.gradle/caches/8.9/transforms/27fbc6f33c0ec7c17234cf593774cb95/transformed/emoji2-1.3.0 because:
  Caching not enabled.
Downloading https://repo.maven.apache.org/maven2/com/google/guava/guava/33.0.0-android/guava-33.0.0-android.jar to /home/runner/.gradle/.tmp/gradle_download1784687954504211849bin
Caching disabled for AarTransform: /home/runner/.gradle/caches/8.9/transforms/5773aed0a93405f51ae7deaa3b4737d0/transformed/lifecycle-viewmodel-2.8.4 because:
  Caching not enabled.
Caching disabled for AarTransform: /home/runner/.gradle/caches/8.9/transforms/4536204e998e995808ae26cae95d9f11/transformed/lifecycle-viewmodel-release because:
  Caching not enabled.
Caching disabled for AarTransform: /home/runner/.gradle/caches/8.9/transforms/cf94723d294267e6a8224b89f6f05948/transformed/lifecycle-process-2.8.4 because:
  Caching not enabled.
Caching disabled for AarTransform: /home/runner/.gradle/caches/8.9/transforms/c88b66ac669ebd352465d3b4158ebfa2/transformed/lifecycle-livedata-core-ktx-2.8.4 because:
  Caching not enabled.
Caching disabled for AarTransform: /home/runner/.gradle/caches/8.9/transforms/304301d79c98426692113d043e9a1632/transformed/lifecycle-viewmodel-savedstate-2.8.4 because:
  Caching not enabled.
Caching disabled for AarTransform: /home/runner/.gradle/caches/8.9/transforms/f6d9851cfc4344c98341530c09a2d146/transformed/lifecycle-livedata-core-2.8.4 because:
  Caching not enabled.
Caching disabled for AarTransform: /home/runner/.gradle/caches/8.9/transforms/a94955b321dcfee0badac9caa8c8b552/transformed/lifecycle-livedata-2.8.4 because:
  Caching not enabled.
Caching disabled for AarTransform: /home/runner/.gradle/caches/8.9/transforms/70a4404f78ff4408ba72cdeb9a417244/transformed/customview-poolingcontainer-1.0.0 because:
  Caching not enabled.
Caching disabled for AarTransform: /home/runner/.gradle/caches/8.9/transforms/f3c10adefffb4712327042b936c625b1/transformed/core-ktx-1.13.0 because:
  Caching not enabled.
Caching disabled for AarTransform: /home/runner/.gradle/caches/8.9/transforms/43625918a943aabeb509bfc3c0312b33/transformed/drawerlayout-1.1.1 because:
  Caching not enabled.
Caching disabled for AarTransform: /home/runner/.gradle/caches/8.9/transforms/70ee23c0e0e0c37dfe41d6c34d471261/transformed/coordinatorlayout-1.1.0 because:
  Caching not enabled.
Caching disabled for AarTransform: /home/runner/.gradle/caches/8.9/transforms/d4073ce150f09b8411f5a4751160ea57/transformed/vectordrawable-animated-1.1.0 because:
  Caching not enabled.
Caching disabled for AarTransform: /home/runner/.gradle/caches/8.9/transforms/b8f7ed74e747393379cf17addd3ed887/transformed/vectordrawable-1.1.0 because:
  Caching not enabled.
Caching disabled for AarTransform: /home/runner/.gradle/caches/8.9/transforms/99a4e4e56fab2ebb59654ca188732776/transformed/viewpager-1.0.0 because:
  Caching not enabled.
Caching disabled for AarTransform: /home/runner/.gradle/caches/8.9/transforms/47e61816cad352fbb2cb2109c88c93c4/transformed/media-1.7.0 because:
  Caching not enabled.
Caching disabled for AarTransform: /home/runner/.gradle/caches/8.9/transforms/ccb7155b84759ab93dd66aa5571c786b/transformed/customview-1.1.0 because:
  Caching not enabled.
Caching disabled for AarTransform: /home/runner/.gradle/caches/8.9/transforms/c71f5b93f765c81b68c6363ac2a86f13/transformed/core-1.13.0 because:
  Caching not enabled.
Caching disabled for AarTransform: /home/runner/.gradle/caches/8.9/transforms/125eb447ec418e197792928f7ac156f5/transformed/cursoradapter-1.0.0 because:
  Caching not enabled.
Caching disabled for AarTransform: /home/runner/.gradle/caches/8.9/transforms/d252cf611dfeee4f1fd88b3f1f95271f/transformed/profileinstaller-1.3.1 because:
  Caching not enabled.
Caching disabled for AarTransform: /home/runner/.gradle/caches/8.9/transforms/e57c5ec95d97095f7ddd08f083c26acd/transformed/cardview-1.0.0 because:
  Caching not enabled.
Caching disabled for AarTransform: /home/runner/.gradle/caches/8.9/transforms/4e8e304324599b458d61b8fae777970c/transformed/interpolator-1.0.0 because:
  Caching not enabled.
Caching disabled for AarTransform: /home/runner/.gradle/caches/8.9/transforms/d76f7faec08758676fd25dae129ae9e7/transformed/versionedparcelable-1.1.1 because:
  Caching not enabled.
Downloading https://dl.google.com/dl/android/maven2/androidx/lifecycle/lifecycle-common-jvm/2.8.4/lifecycle-common-jvm-2.8.4.jar to /home/runner/.gradle/.tmp/gradle_download7607428075168966307bin
Caching disabled for AarTransform: /home/runner/.gradle/caches/8.9/transforms/5ac024980d164243ba39af4fe37c887f/transformed/exifinterface-1.3.6 because:
  Caching not enabled.
Caching disabled for AarTransform: /home/runner/.gradle/caches/8.9/transforms/b681ba03f7bc5356d20eb93dbc4f69bc/transformed/gifdecoder-4.16.0 because:
  Caching not enabled.
Caching disabled for AarTransform: /home/runner/.gradle/caches/8.9/transforms/fb24fd81fb948482846358d35ccc42a2/transformed/startup-runtime-1.1.1 because:
  Caching not enabled.
Caching disabled for AarTransform: /home/runner/.gradle/caches/8.9/transforms/c713cbc1f0158f5129ff92fe7dbf94b9/transformed/tracing-1.0.0 because:
  Caching not enabled.
Caching disabled for AarTransform: /home/runner/.gradle/caches/8.9/transforms/c6f03c1e6772935c5ccd227794005cc7/transformed/core-runtime-2.2.0 because:
  Caching not enabled.
Downloading https://dl.google.com/dl/android/maven2/androidx/collection/collection/1.2.0/collection-1.2.0.jar to /home/runner/.gradle/.tmp/gradle_download16789955686134632601bin
Downloading https://dl.google.com/dl/android/maven2/androidx/resourceinspection/resourceinspection-annotation/1.0.1/resourceinspection-annotation-1.0.1.jar to /home/runner/.gradle/.tmp/gradle_download836137523866620108bin
Caching disabled for AarTransform: /home/runner/.gradle/caches/8.9/transforms/9a0b92f9f6b3c890fc34cb4403a07da6/transformed/documentfile-1.0.0 because:
  Caching not enabled.
Caching disabled for AarTransform: /home/runner/.gradle/caches/8.9/transforms/955be4a975cbcd5ce3b32db831311006/transformed/localbroadcastmanager-1.0.0 because:
  Caching not enabled.
Caching disabled for AarTransform: /home/runner/.gradle/caches/8.9/transforms/17976e65923912d1f5a695e89a707860/transformed/print-1.0.0 because:
  Caching not enabled.
Caching disabled for AarTransform: /home/runner/.gradle/caches/8.9/transforms/5d63084fa3f6b3d2d1c088d876e5b51c/transformed/annotation-experimental-1.4.0 because:
  Caching not enabled.
Downloading https://dl.google.com/dl/android/maven2/androidx/arch/core/core-common/2.2.0/core-common-2.2.0.jar to /home/runner/.gradle/.tmp/gradle_download13500741309570870501bin
Downloading https://dl.google.com/dl/android/maven2/androidx/concurrent/concurrent-futures/1.1.0/concurrent-futures-1.1.0.jar to /home/runner/.gradle/.tmp/gradle_download11709689597001428806bin
Downloading https://repo.maven.apache.org/maven2/com/squareup/okio/okio-jvm/3.6.0/okio-jvm-3.6.0.jar to /home/runner/.gradle/.tmp/gradle_download14023023456680594698bin
Downloading https://repo.maven.apache.org/maven2/org/jetbrains/kotlinx/kotlinx-coroutines-core-jvm/1.7.3/kotlinx-coroutines-core-jvm-1.7.3.jar to /home/runner/.gradle/.tmp/gradle_download8193128826807142304bin
Downloading https://dl.google.com/dl/android/maven2/androidx/annotation/annotation-jvm/1.8.2/annotation-jvm-1.8.2.jar to /home/runner/.gradle/.tmp/gradle_download6420460678238280767bin
Downloading https://repo.maven.apache.org/maven2/org/jetbrains/kotlinx/kotlinx-coroutines-android/1.7.3/kotlinx-coroutines-android-1.7.3.jar to /home/runner/.gradle/.tmp/gradle_download3610852459804919667bin
Downloading https://repo.maven.apache.org/maven2/org/jetbrains/kotlin/kotlin-stdlib-jdk8/1.9.10/kotlin-stdlib-jdk8-1.9.10.jar to /home/runner/.gradle/.tmp/gradle_download9036353278393955579bin
Downloading https://repo.maven.apache.org/maven2/org/jetbrains/kotlin/kotlin-stdlib/1.9.10/kotlin-stdlib-1.9.10.jar to /home/runner/.gradle/.tmp/gradle_download10669708387124613824bin
Downloading https://repo.maven.apache.org/maven2/org/jetbrains/kotlin/kotlin-stdlib-jdk7/1.9.10/kotlin-stdlib-jdk7-1.9.10.jar to /home/runner/.gradle/.tmp/gradle_download5617022246191044151bin
Downloading https://repo.maven.apache.org/maven2/com/google/errorprone/error_prone_annotations/2.27.0/error_prone_annotations-2.27.0.jar to /home/runner/.gradle/.tmp/gradle_download17657835106928037696bin
Downloading https://repo.maven.apache.org/maven2/com/github/bumptech/glide/disklrucache/4.16.0/disklrucache-4.16.0.jar to /home/runner/.gradle/.tmp/gradle_download5112284527803870991bin
Downloading https://repo.maven.apache.org/maven2/org/checkerframework/checker-qual/3.41.0/checker-qual-3.41.0.jar to /home/runner/.gradle/.tmp/gradle_download5862196225493388368bin
Downloading https://repo.maven.apache.org/maven2/com/google/guava/failureaccess/1.0.2/failureaccess-1.0.2.jar to /home/runner/.gradle/.tmp/gradle_download6938732178778462333bin
Downloading https://dl.google.com/dl/android/maven2/androidx/constraintlayout/constraintlayout-core/1.0.4/constraintlayout-core-1.0.4.jar to /home/runner/.gradle/.tmp/gradle_download7857432976596783383bin
Downloading https://repo.maven.apache.org/maven2/org/jetbrains/kotlin/kotlin-stdlib-common/1.9.10/kotlin-stdlib-common-1.9.10.jar to /home/runner/.gradle/.tmp/gradle_download1339521372988956268bin
Build cache key for task ':app:desugarDebugFileDependencies' is 3756ecbbab36fc4fc1012ac6e4f243cb
Task ':app:desugarDebugFileDependencies' is not up-to-date because:
  No history is available.
Stored cache entry for task ':app:desugarDebugFileDependencies' with cache key 3756ecbbab36fc4fc1012ac6e4f243cb
Resolve mutations for :app:checkDebugDuplicateClasses (Thread[Execution worker Thread 3,5,main]) started.

> Task :app:processDebugManifestForPackage
Custom actions are attached to task ':app:processDebugManifestForPackage'.
Build cache key for task ':app:processDebugManifestForPackage' is e5c8bab4f39fc51c1a02f40e30030867
Task ':app:processDebugManifestForPackage' is not up-to-date because:
  No history is available.
Stored cache entry for task ':app:processDebugManifestForPackage' with cache key e5c8bab4f39fc51c1a02f40e30030867
Resolve mutations for :app:processDebugResources (Thread[Execution worker Thread 3,5,main]) started.
:app:processDebugResources (Thread[Execution worker Thread 3,5,main]) started.
:app:checkDebugDuplicateClasses (Thread[Execution worker Thread 2,5,main]) started.

> Task :app:processDebugResources FAILED
Downloading https://dl.google.com/dl/android/maven2/com/android/tools/build/aapt2/8.5.2-11315950/aapt2-8.5.2-11315950.pom to /home/runner/.gradle/.tmp/gradle_download11797284136272480610bin
Downloading https://dl.google.com/dl/android/maven2/com/android/tools/build/aapt2/8.5.2-11315950/aapt2-8.5.2-11315950-linux.jar to /home/runner/.gradle/.tmp/gradle_download16242667318806699929bin
Transforming aapt2-8.5.2-11315950-linux.jar (com.android.tools.build:aapt2:8.5.2-11315950) with Aapt2Extractor
Caching disabled for Aapt2Extractor: /home/runner/.gradle/caches/modules-2/files-2.1/com.android.tools.build/aapt2/8.5.2-11315950/63a446ef0920977c0150c2c28344faf0e535590e/aapt2-8.5.2-11315950-linux.jar because:
  Caching not enabled.
Transforming viewbinding-8.5.2.aar (androidx.databinding:viewbinding:8.5.2) with ExtractAarTransform
Transforming viewbinding-8.5.2.aar (androidx.databinding:viewbinding:8.5.2) with AarResourcesCompilerTransform
Transforming material-1.12.0.aar (com.google.android.material:material:1.12.0) with ExtractAarTransform
Transforming material-1.12.0.aar (com.google.android.material:material:1.12.0) with AarResourcesCompilerTransform
Transforming constraintlayout-2.1.4.aar (androidx.constraintlayout:constraintlayout:2.1.4) with ExtractAarTransform
Transforming constraintlayout-2.1.4.aar (androidx.constraintlayout:constraintlayout:2.1.4) with AarResourcesCompilerTransform
Transforming appcompat-resources-1.7.0.aar (androidx.appcompat:appcompat-resources:1.7.0) with ExtractAarTransform
Transforming appcompat-resources-1.7.0.aar (androidx.appcompat:appcompat-resources:1.7.0) with AarResourcesCompilerTransform
Transforming appcompat-1.7.0.aar (androidx.appcompat:appcompat:1.7.0) with ExtractAarTransform
Transforming appcompat-1.7.0.aar (androidx.appcompat:appcompat:1.7.0) with AarResourcesCompilerTransform
Transforming viewpager2-1.1.0.aar (androidx.viewpager2:viewpager2:1.1.0) with ExtractAarTransform
Transforming viewpager2-1.1.0.aar (androidx.viewpager2:viewpager2:1.1.0) with AarResourcesCompilerTransform
Transforming media3-exoplayer-1.4.1.aar (androidx.media3:media3-exoplayer:1.4.1) with ExtractAarTransform
Transforming media3-exoplayer-1.4.1.aar (androidx.media3:media3-exoplayer:1.4.1) with AarResourcesCompilerTransform
Transforming media3-session-1.4.1.aar (androidx.media3:media3-session:1.4.1) with ExtractAarTransform
Transforming media3-session-1.4.1.aar (androidx.media3:media3-session:1.4.1) with AarResourcesCompilerTransform
Build cache key for AarResourcesCompilerTransform: /home/runner/.gradle/caches/8.9/transforms/a90c6ec86b5ddf6edd61baf8e57409c7/transformed/viewbinding-8.5.2 is 3c3d37c9ed51c450a8ce853aa8e50bce
Transforming media3-datasource-okhttp-1.4.1.aar (androidx.media3:media3-datasource-okhttp:1.4.1) with ExtractAarTransform
Transforming media3-datasource-okhttp-1.4.1.aar (androidx.media3:media3-datasource-okhttp:1.4.1) with AarResourcesCompilerTransform
Transforming media3-extractor-1.4.1.aar (androidx.media3:media3-extractor:1.4.1) with ExtractAarTransform
Transforming media3-extractor-1.4.1.aar (androidx.media3:media3-extractor:1.4.1) with AarResourcesCompilerTransform
Transforming media3-container-1.4.1.aar (androidx.media3:media3-container:1.4.1) with ExtractAarTransform
Transforming media3-container-1.4.1.aar (androidx.media3:media3-container:1.4.1) with AarResourcesCompilerTransform
Transforming media3-datasource-1.4.1.aar (androidx.media3:media3-datasource:1.4.1) with ExtractAarTransform
Transforming media3-datasource-1.4.1.aar (androidx.media3:media3-datasource:1.4.1) with AarResourcesCompilerTransform
Transforming media3-decoder-1.4.1.aar (androidx.media3:media3-decoder:1.4.1) with ExtractAarTransform
Transforming media3-decoder-1.4.1.aar (androidx.media3:media3-decoder:1.4.1) with AarResourcesCompilerTransform
Transforming media3-database-1.4.1.aar (androidx.media3:media3-database:1.4.1) with ExtractAarTransform
Transforming media3-database-1.4.1.aar (androidx.media3:media3-database:1.4.1) with AarResourcesCompilerTransform
Transforming media3-common-1.4.1.aar (androidx.media3:media3-common:1.4.1) with ExtractAarTransform
Transforming media3-common-1.4.1.aar (androidx.media3:media3-common:1.4.1) with AarResourcesCompilerTransform
Transforming media3-ui-1.4.1.aar (androidx.media3:media3-ui:1.4.1) with ExtractAarTransform
Transforming media3-ui-1.4.1.aar (androidx.media3:media3-ui:1.4.1) with AarResourcesCompilerTransform
Transforming recyclerview-1.3.2.aar (androidx.recyclerview:recyclerview:1.3.2) with ExtractAarTransform
Build cache key for AarResourcesCompilerTransform: /home/runner/.gradle/caches/8.9/transforms/7327455338dff4560c262aa7ae95e453/transformed/constraintlayout-2.1.4 is 9712ef4dcd90d38607cca4669a3c601a
Build cache key for AarResourcesCompilerTransform: /home/runner/.gradle/caches/8.9/transforms/b4d4520d3a7500151f758a57e313542a/transformed/material-1.12.0 is 469fafccba81490454762e0eb842a629
Transforming recyclerview-1.3.2.aar (androidx.recyclerview:recyclerview:1.3.2) with AarResourcesCompilerTransform
Transforming glide-4.16.0.aar (com.github.bumptech.glide:glide:4.16.0) with ExtractAarTransform
Transforming glide-4.16.0.aar (com.github.bumptech.glide:glide:4.16.0) with AarResourcesCompilerTransform
Transforming fragment-1.8.2.aar (androidx.fragment:fragment:1.8.2) with ExtractAarTransform
Transforming fragment-1.8.2.aar (androidx.fragment:fragment:1.8.2) with AarResourcesCompilerTransform
Transforming swiperefreshlayout-1.1.0.aar (androidx.swiperefreshlayout:swiperefreshlayout:1.1.0) with ExtractAarTransform
Transforming swiperefreshlayout-1.1.0.aar (androidx.swiperefreshlayout:swiperefreshlayout:1.1.0) with AarResourcesCompilerTransform
Transforming palette-1.0.0.aar (androidx.palette:palette:1.0.0) with ExtractAarTransform
Transforming palette-1.0.0.aar (androidx.palette:palette:1.0.0) with AarResourcesCompilerTransform
Transforming transition-1.5.0.aar (androidx.transition:transition:1.5.0) with ExtractAarTransform
Transforming transition-1.5.0.aar (androidx.transition:transition:1.5.0) with AarResourcesCompilerTransform
Transforming dynamicanimation-1.0.0.aar (androidx.dynamicanimation:dynamicanimation:1.0.0) with ExtractAarTransform
Transforming dynamicanimation-1.0.0.aar (androidx.dynamicanimation:dynamicanimation:1.0.0) with AarResourcesCompilerTransform
Transforming legacy-support-core-utils-1.0.0.aar (androidx.legacy:legacy-support-core-utils:1.0.0) with ExtractAarTransform
Transforming legacy-support-core-utils-1.0.0.aar (androidx.legacy:legacy-support-core-utils:1.0.0) with AarResourcesCompilerTransform
Transforming legacy-support-core-utils-1.0.0.aar (androidx.legacy:legacy-support-core-utils:1.0.0) with ExtractAarTransform
Transforming legacy-support-core-utils-1.0.0.aar (androidx.legacy:legacy-support-core-utils:1.0.0) with AarResourcesCompilerTransform
Transforming loader-1.0.0.aar (androidx.loader:loader:1.0.0) with ExtractAarTransform
Transforming loader-1.0.0.aar (androidx.loader:loader:1.0.0) with AarResourcesCompilerTransform
Transforming loader-1.0.0.aar (androidx.loader:loader:1.0.0) with ExtractAarTransform
Transforming loader-1.0.0.aar (androidx.loader:loader:1.0.0) with AarResourcesCompilerTransform
Transforming lifecycle-runtime-release.aar (androidx.lifecycle:lifecycle-runtime-android:2.8.4) with ExtractAarTransform
Transforming lifecycle-runtime-release.aar (androidx.lifecycle:lifecycle-runtime-android:2.8.4) with AarResourcesCompilerTransform
Transforming activity-1.8.1.aar (androidx.activity:activity:1.8.1) with ExtractAarTransform
Transforming activity-1.8.1.aar (androidx.activity:activity:1.8.1) with AarResourcesCompilerTransform
Transforming emoji2-views-helper-1.3.0.aar (androidx.emoji2:emoji2-views-helper:1.3.0) with ExtractAarTransform
Transforming emoji2-views-helper-1.3.0.aar (androidx.emoji2:emoji2-views-helper:1.3.0) with AarResourcesCompilerTransform
Transforming emoji2-1.3.0.aar (androidx.emoji2:emoji2:1.3.0) with ExtractAarTransform
Transforming emoji2-1.3.0.aar (androidx.emoji2:emoji2:1.3.0) with AarResourcesCompilerTransform
Transforming savedstate-1.2.1.aar (androidx.savedstate:savedstate:1.2.1) with ExtractAarTransform
Transforming savedstate-1.2.1.aar (androidx.savedstate:savedstate:1.2.1) with AarResourcesCompilerTransform
Transforming lifecycle-viewmodel-2.8.4.aar (androidx.lifecycle:lifecycle-viewmodel:2.8.4) with ExtractAarTransform
Transforming lifecycle-viewmodel-2.8.4.aar (androidx.lifecycle:lifecycle-viewmodel:2.8.4) with AarResourcesCompilerTransform
Transforming lifecycle-viewmodel-release.aar (androidx.lifecycle:lifecycle-viewmodel-android:2.8.4) with ExtractAarTransform
Transforming lifecycle-viewmodel-release.aar (androidx.lifecycle:lifecycle-viewmodel-android:2.8.4) with AarResourcesCompilerTransform
Transforming lifecycle-process-2.8.4.aar (androidx.lifecycle:lifecycle-process:2.8.4) with ExtractAarTransform
Transforming lifecycle-process-2.8.4.aar (androidx.lifecycle:lifecycle-process:2.8.4) with AarResourcesCompilerTransform
Transforming lifecycle-livedata-core-ktx-2.8.4.aar (androidx.lifecycle:lifecycle-livedata-core-ktx:2.8.4) with ExtractAarTransform
Transforming lifecycle-livedata-core-ktx-2.8.4.aar (androidx.lifecycle:lifecycle-livedata-core-ktx:2.8.4) with AarResourcesCompilerTransform
Transforming lifecycle-viewmodel-savedstate-2.8.4.aar (androidx.lifecycle:lifecycle-viewmodel-savedstate:2.8.4) with ExtractAarTransform
Transforming lifecycle-viewmodel-savedstate-2.8.4.aar (androidx.lifecycle:lifecycle-viewmodel-savedstate:2.8.4) with AarResourcesCompilerTransform
Transforming lifecycle-livedata-core-2.8.4.aar (androidx.lifecycle:lifecycle-livedata-core:2.8.4) with ExtractAarTransform
Transforming lifecycle-livedata-core-2.8.4.aar (androidx.lifecycle:lifecycle-livedata-core:2.8.4) with AarResourcesCompilerTransform
Transforming lifecycle-livedata-2.8.4.aar (androidx.lifecycle:lifecycle-livedata:2.8.4) with ExtractAarTransform
Transforming lifecycle-livedata-2.8.4.aar (androidx.lifecycle:lifecycle-livedata:2.8.4) with AarResourcesCompilerTransform
Transforming lifecycle-livedata-2.8.4.aar (androidx.lifecycle:lifecycle-livedata:2.8.4) with ExtractAarTransform
Transforming lifecycle-livedata-2.8.4.aar (androidx.lifecycle:lifecycle-livedata:2.8.4) with AarResourcesCompilerTransform
Transforming customview-poolingcontainer-1.0.0.aar (androidx.customview:customview-poolingcontainer:1.0.0) with ExtractAarTransform
Transforming customview-poolingcontainer-1.0.0.aar (androidx.customview:customview-poolingcontainer:1.0.0) with AarResourcesCompilerTransform
Transforming core-ktx-1.13.0.aar (androidx.core:core-ktx:1.13.0) with ExtractAarTransform
Transforming core-ktx-1.13.0.aar (androidx.core:core-ktx:1.13.0) with AarResourcesCompilerTransform
Transforming drawerlayout-1.1.1.aar (androidx.drawerlayout:drawerlayout:1.1.1) with ExtractAarTransform
Transforming drawerlayout-1.1.1.aar (androidx.drawerlayout:drawerlayout:1.1.1) with AarResourcesCompilerTransform
Transforming coordinatorlayout-1.1.0.aar (androidx.coordinatorlayout:coordinatorlayout:1.1.0) with ExtractAarTransform
Transforming coordinatorlayout-1.1.0.aar (androidx.coordinatorlayout:coordinatorlayout:1.1.0) with AarResourcesCompilerTransform
Transforming vectordrawable-animated-1.1.0.aar (androidx.vectordrawable:vectordrawable-animated:1.1.0) with ExtractAarTransform
Transforming vectordrawable-animated-1.1.0.aar (androidx.vectordrawable:vectordrawable-animated:1.1.0) with AarResourcesCompilerTransform
Transforming vectordrawable-1.1.0.aar (androidx.vectordrawable:vectordrawable:1.1.0) with ExtractAarTransform
Transforming vectordrawable-1.1.0.aar (androidx.vectordrawable:vectordrawable:1.1.0) with AarResourcesCompilerTransform
Transforming vectordrawable-1.1.0.aar (androidx.vectordrawable:vectordrawable:1.1.0) with ExtractAarTransform
Transforming vectordrawable-1.1.0.aar (androidx.vectordrawable:vectordrawable:1.1.0) with AarResourcesCompilerTransform
Transforming viewpager-1.0.0.aar (androidx.viewpager:viewpager:1.0.0) with ExtractAarTransform
Transforming viewpager-1.0.0.aar (androidx.viewpager:viewpager:1.0.0) with AarResourcesCompilerTransform
Transforming media-1.7.0.aar (androidx.media:media:1.7.0) with ExtractAarTransform
Transforming media-1.7.0.aar (androidx.media:media:1.7.0) with AarResourcesCompilerTransform
Transforming customview-1.1.0.aar (androidx.customview:customview:1.1.0) with ExtractAarTransform
Transforming customview-1.1.0.aar (androidx.customview:customview:1.1.0) with AarResourcesCompilerTransform
Transforming customview-1.1.0.aar (androidx.customview:customview:1.1.0) with ExtractAarTransform
Transforming customview-1.1.0.aar (androidx.customview:customview:1.1.0) with AarResourcesCompilerTransform
Transforming customview-1.1.0.aar (androidx.customview:customview:1.1.0) with ExtractAarTransform
Transforming customview-1.1.0.aar (androidx.customview:customview:1.1.0) with AarResourcesCompilerTransform
Transforming customview-1.1.0.aar (androidx.customview:customview:1.1.0) with ExtractAarTransform
Transforming customview-1.1.0.aar (androidx.customview:customview:1.1.0) with AarResourcesCompilerTransform
Transforming core-1.13.0.aar (androidx.core:core:1.13.0) with ExtractAarTransform
Transforming core-1.13.0.aar (androidx.core:core:1.13.0) with AarResourcesCompilerTransform
Transforming core-1.13.0.aar (androidx.core:core:1.13.0) with ExtractAarTransform
Transforming core-1.13.0.aar (androidx.core:core:1.13.0) with AarResourcesCompilerTransform
Transforming core-1.13.0.aar (androidx.core:core:1.13.0) with ExtractAarTransform
Transforming core-1.13.0.aar (androidx.core:core:1.13.0) with AarResourcesCompilerTransform
Transforming core-1.13.0.aar (androidx.core:core:1.13.0) with ExtractAarTransform
Transforming core-1.13.0.aar (androidx.core:core:1.13.0) with AarResourcesCompilerTransform
Transforming core-1.13.0.aar (androidx.core:core:1.13.0) with ExtractAarTransform
Transforming core-1.13.0.aar (androidx.core:core:1.13.0) with AarResourcesCompilerTransform
Transforming core-1.13.0.aar (androidx.core:core:1.13.0) with ExtractAarTransform
Transforming core-1.13.0.aar (androidx.core:core:1.13.0) with AarResourcesCompilerTransform
Transforming core-1.13.0.aar (androidx.core:core:1.13.0) with ExtractAarTransform
Transforming core-1.13.0.aar (androidx.core:core:1.13.0) with AarResourcesCompilerTransform
Transforming core-1.13.0.aar (androidx.core:core:1.13.0) with ExtractAarTransform
Transforming core-1.13.0.aar (androidx.core:core:1.13.0) with AarResourcesCompilerTransform
Transforming core-1.13.0.aar (androidx.core:core:1.13.0) with ExtractAarTransform
Transforming core-1.13.0.aar (androidx.core:core:1.13.0) with AarResourcesCompilerTransform
Transforming core-1.13.0.aar (androidx.core:core:1.13.0) with ExtractAarTransform
Transforming core-1.13.0.aar (androidx.core:core:1.13.0) with AarResourcesCompilerTransform
Transforming core-1.13.0.aar (androidx.core:core:1.13.0) with ExtractAarTransform
Transforming core-1.13.0.aar (androidx.core:core:1.13.0) with AarResourcesCompilerTransform
Transforming cursoradapter-1.0.0.aar (androidx.cursoradapter:cursoradapter:1.0.0) with ExtractAarTransform
Transforming cursoradapter-1.0.0.aar (androidx.cursoradapter:cursoradapter:1.0.0) with AarResourcesCompilerTransform
Transforming profileinstaller-1.3.1.aar (androidx.profileinstaller:profileinstaller:1.3.1) with ExtractAarTransform
Transforming profileinstaller-1.3.1.aar (androidx.profileinstaller:profileinstaller:1.3.1) with AarResourcesCompilerTransform
Transforming cardview-1.0.0.aar (androidx.cardview:cardview:1.0.0) with ExtractAarTransform
Transforming cardview-1.0.0.aar (androidx.cardview:cardview:1.0.0) with AarResourcesCompilerTransform
Transforming interpolator-1.0.0.aar (androidx.interpolator:interpolator:1.0.0) with ExtractAarTransform
Transforming interpolator-1.0.0.aar (androidx.interpolator:interpolator:1.0.0) with AarResourcesCompilerTransform
Transforming interpolator-1.0.0.aar (androidx.interpolator:interpolator:1.0.0) with ExtractAarTransform
Transforming interpolator-1.0.0.aar (androidx.interpolator:interpolator:1.0.0) with AarResourcesCompilerTransform
Transforming interpolator-1.0.0.aar (androidx.interpolator:interpolator:1.0.0) with ExtractAarTransform
Transforming interpolator-1.0.0.aar (androidx.interpolator:interpolator:1.0.0) with AarResourcesCompilerTransform
Transforming versionedparcelable-1.1.1.aar (androidx.versionedparcelable:versionedparcelable:1.1.1) with ExtractAarTransform
Transforming versionedparcelable-1.1.1.aar (androidx.versionedparcelable:versionedparcelable:1.1.1) with AarResourcesCompilerTransform
Transforming exifinterface-1.3.6.aar (androidx.exifinterface:exifinterface:1.3.6) with ExtractAarTransform
Transforming exifinterface-1.3.6.aar (androidx.exifinterface:exifinterface:1.3.6) with AarResourcesCompilerTransform
Transforming gifdecoder-4.16.0.aar (com.github.bumptech.glide:gifdecoder:4.16.0) with ExtractAarTransform
Transforming gifdecoder-4.16.0.aar (com.github.bumptech.glide:gifdecoder:4.16.0) with AarResourcesCompilerTransform
Transforming startup-runtime-1.1.1.aar (androidx.startup:startup-runtime:1.1.1) with ExtractAarTransform
Transforming startup-runtime-1.1.1.aar (androidx.startup:startup-runtime:1.1.1) with AarResourcesCompilerTransform
Transforming tracing-1.0.0.aar (androidx.tracing:tracing:1.0.0) with ExtractAarTransform
Transforming tracing-1.0.0.aar (androidx.tracing:tracing:1.0.0) with AarResourcesCompilerTransform
Transforming core-runtime-2.2.0.aar (androidx.arch.core:core-runtime:2.2.0) with ExtractAarTransform
Transforming core-runtime-2.2.0.aar (androidx.arch.core:core-runtime:2.2.0) with AarResourcesCompilerTransform
Transforming documentfile-1.0.0.aar (androidx.documentfile:documentfile:1.0.0) with ExtractAarTransform
Transforming documentfile-1.0.0.aar (androidx.documentfile:documentfile:1.0.0) with AarResourcesCompilerTransform
Transforming localbroadcastmanager-1.0.0.aar (androidx.localbroadcastmanager:localbroadcastmanager:1.0.0) with ExtractAarTransform
Transforming localbroadcastmanager-1.0.0.aar (androidx.localbroadcastmanager:localbroadcastmanager:1.0.0) with AarResourcesCompilerTransform
Transforming print-1.0.0.aar (androidx.print:print:1.0.0) with ExtractAarTransform
Transforming print-1.0.0.aar (androidx.print:print:1.0.0) with AarResourcesCompilerTransform
Transforming annotation-experimental-1.4.0.aar (androidx.annotation:annotation-experimental:1.4.0) with ExtractAarTransform
Transforming annotation-experimental-1.4.0.aar (androidx.annotation:annotation-experimental:1.4.0) with AarResourcesCompilerTransform
Build cache key for AarResourcesCompilerTransform: /home/runner/.gradle/caches/8.9/transforms/74fc1268ff3f5642626e93f5ffaab0ee/transformed/appcompat-resources-1.7.0 is 407b28191889b969d006e6ebb3729b95
Compiling xml file /home/runner/.gradle/caches/8.9/transforms/74fc1268ff3f5642626e93f5ffaab0ee/transformed/appcompat-resources-1.7.0/res/drawable/abc_vector_test.xml to /home/runner/.gradle/caches/8.9/transforms/f53e4ef5de7cb3fe845f9fa315bc21e3-4d4e898e-565c-45d9-993e-9b441e08543c/transformed/androidx.appcompat.resources/drawable_abc_vector_test.xml.flat
Compiling xml file /home/runner/.gradle/caches/8.9/transforms/b4d4520d3a7500151f758a57e313542a/transformed/material-1.12.0/res/layout-v26/mtrl_calendar_month.xml to /home/runner/.gradle/caches/8.9/transforms/c85c7a369295bb218c7dd51f8249c26d-d6a37501-5a8e-43be-9053-e2cb18a28371/transformed/com.google.android.material/layout-v26_mtrl_calendar_month.xml.flat
Compiling xml file /home/runner/.gradle/caches/8.9/transforms/b4d4520d3a7500151f758a57e313542a/transformed/material-1.12.0/res/layout-land/material_clock_period_toggle_land.xml to /home/runner/.gradle/caches/8.9/transforms/c85c7a369295bb218c7dd51f8249c26d-d6a37501-5a8e-43be-9053-e2cb18a28371/transformed/com.google.android.material/layout-land_material_clock_period_toggle_land.xml.flat
Compiling xml file /home/runner/.gradle/caches/8.9/transforms/b4d4520d3a7500151f758a57e313542a/transformed/material-1.12.0/res/layout-land/material_timepicker.xml to /home/runner/.gradle/caches/8.9/transforms/c85c7a369295bb218c7dd51f8249c26d-d6a37501-5a8e-43be-9053-e2cb18a28371/transformed/com.google.android.material/layout-land_material_timepicker.xml.flat
Stored cache entry for AarResourcesCompilerTransform: /home/runner/.gradle/caches/8.9/transforms/a90c6ec86b5ddf6edd61baf8e57409c7/transformed/viewbinding-8.5.2 with cache key 3c3d37c9ed51c450a8ce853aa8e50bce
Compiling xml file /home/runner/.gradle/caches/8.9/transforms/b4d4520d3a7500151f758a57e313542a/transformed/material-1.12.0/res/layout-land/mtrl_picker_header_dialog.xml to /home/runner/.gradle/caches/8.9/transforms/c85c7a369295bb218c7dd51f8249c26d-d6a37501-5a8e-43be-9053-e2cb18a28371/transformed/com.google.android.material/layout-land_mtrl_picker_header_dialog.xml.flat
Compiling xml file /home/runner/.gradle/caches/8.9/transforms/b4d4520d3a7500151f758a57e313542a/transformed/material-1.12.0/res/animator-v21/m3_appbar_state_list_animator.xml to /home/runner/.gradle/caches/8.9/transforms/c85c7a369295bb218c7dd51f8249c26d-d6a37501-5a8e-43be-9053-e2cb18a28371/transformed/com.google.android.material/animator-v21_m3_appbar_state_list_animator.xml.flat
Stored cache entry for AarResourcesCompilerTransform: /home/runner/.gradle/caches/8.9/transforms/7327455338dff4560c262aa7ae95e453/transformed/constraintlayout-2.1.4 with cache key 9712ef4dcd90d38607cca4669a3c601a
Compiling xml file /home/runner/.gradle/caches/8.9/transforms/b4d4520d3a7500151f758a57e313542a/transformed/material-1.12.0/res/animator-v21/design_appbar_state_list_animator.xml to /home/runner/.gradle/caches/8.9/transforms/c85c7a369295bb218c7dd51f8249c26d-d6a37501-5a8e-43be-9053-e2cb18a28371/transformed/com.google.android.material/animator-v21_design_appbar_state_list_animator.xml.flat
Compiling xml file /home/runner/.gradle/caches/8.9/transforms/b4d4520d3a7500151f758a57e313542a/transformed/material-1.12.0/res/drawable/m3_bottom_sheet_drag_handle.xml to /home/runner/.gradle/caches/8.9/transforms/c85c7a369295bb218c7dd51f8249c26d-d6a37501-5a8e-43be-9053-e2cb18a28371/transformed/com.google.android.material/drawable_m3_bottom_sheet_drag_handle.xml.flat
Stored cache entry for AarResourcesCompilerTransform: /home/runner/.gradle/caches/8.9/transforms/74fc1268ff3f5642626e93f5ffaab0ee/transformed/appcompat-resources-1.7.0 with cache key 407b28191889b969d006e6ebb3729b95
Compiling xml file /home/runner/.gradle/caches/8.9/transforms/b4d4520d3a7500151f758a57e313542a/transformed/material-1.12.0/res/drawable/ic_m3_chip_check.xml to /home/runner/.gradle/caches/8.9/transforms/c85c7a369295bb218c7dd51f8249c26d-d6a37501-5a8e-43be-9053-e2cb18a28371/transformed/com.google.android.material/drawable_ic_m3_chip_check.xml.flat
Compiling xml file /home/runner/.gradle/caches/8.9/transforms/b4d4520d3a7500151f758a57e313542a/transformed/material-1.12.0/res/drawable/ic_m3_chip_checked_circle.xml to /home/runner/.gradle/caches/8.9/transforms/c85c7a369295bb218c7dd51f8249c26d-d6a37501-5a8e-43be-9053-e2cb18a28371/transformed/com.google.android.material/drawable_ic_m3_chip_checked_circle.xml.flat
Build cache key for AarResourcesCompilerTransform: /home/runner/.gradle/caches/8.9/transforms/1dde5f983d8d8b69105a239187db4900/transformed/appcompat-1.7.0 is 41180591f087264ab91ace05b0891edf
Compiling xml file /home/runner/.gradle/caches/8.9/transforms/b4d4520d3a7500151f758a57e313542a/transformed/material-1.12.0/res/drawable/mtrl_ic_cancel.xml to /home/runner/.gradle/caches/8.9/transforms/c85c7a369295bb218c7dd51f8249c26d-d6a37501-5a8e-43be-9053-e2cb18a28371/transformed/com.google.android.material/drawable_mtrl_ic_cancel.xml.flat
Compiling xml file /home/runner/.gradle/caches/8.9/transforms/b4d4520d3a7500151f758a57e313542a/transformed/material-1.12.0/res/drawable/mtrl_switch_thumb_unchecked_pressed.xml to /home/runner/.gradle/caches/8.9/transforms/c85c7a369295bb218c7dd51f8249c26d-d6a37501-5a8e-43be-9053-e2cb18a28371/transformed/com.google.android.material/drawable_mtrl_switch_thumb_unchecked_pressed.xml.flat
Compiling xml file /home/runner/.gradle/caches/8.9/transforms/b4d4520d3a7500151f758a57e313542a/transformed/material-1.12.0/res/drawable/material_ic_calendar_black_24dp.xml to /home/runner/.gradle/caches/8.9/transforms/c85c7a369295bb218c7dd51f8249c26d-d6a37501-5a8e-43be-9053-e2cb18a28371/transformed/com.google.android.material/drawable_material_ic_calendar_black_24dp.xml.flat
Compiling xml file /home/runner/.gradle/caches/8.9/transforms/b4d4520d3a7500151f758a57e313542a/transformed/material-1.12.0/res/drawable/mtrl_switch_track.xml to /home/runner/.gradle/caches/8.9/transforms/c85c7a369295bb218c7dd51f8249c26d-d6a37501-5a8e-43be-9053-e2cb18a28371/transformed/com.google.android.material/drawable_mtrl_switch_track.xml.flat
Build cache key for AarResourcesCompilerTransform: /home/runner/.gradle/caches/8.9/transforms/0f2a90c70adc0c4633cded043e77d653/transformed/viewpager2-1.1.0 is 8b735e1c13b513e00dc29d0b98c9d635
Build cache key for AarResourcesCompilerTransform: /home/runner/.gradle/caches/8.9/transforms/8e206d037e096a8246bf741b4599d3e3/transformed/media3-exoplayer-1.4.1 is a4bf14b9ae971564d1543c78177ec0e1
Compiling xml file /home/runner/.gradle/caches/8.9/transforms/b4d4520d3a7500151f758a57e313542a/transformed/material-1.12.0/res/drawable/design_fab_background.xml to /home/runner/.gradle/caches/8.9/transforms/c85c7a369295bb218c7dd51f8249c26d-d6a37501-5a8e-43be-9053-e2cb18a28371/transformed/com.google.android.material/drawable_design_fab_background.xml.flat
Compiling xml file /home/runner/.gradle/caches/8.9/transforms/b4d4520d3a7500151f758a57e313542a/transformed/material-1.12.0/res/drawable/mtrl_switch_thumb_unchecked.xml to /home/runner/.gradle/caches/8.9/transforms/c85c7a369295bb218c7dd51f8249c26d-d6a37501-5a8e-43be-9053-e2cb18a28371/transformed/com.google.android.material/drawable_mtrl_switch_thumb_unchecked.xml.flat
Compiling xml file /home/runner/.gradle/caches/8.9/transforms/b4d4520d3a7500151f758a57e313542a/transformed/material-1.12.0/res/drawable/mtrl_checkbox_button.xml to /home/runner/.gradle/caches/8.9/transforms/c85c7a369295bb218c7dd51f8249c26d-d6a37501-5a8e-43be-9053-e2cb18a28371/transformed/com.google.android.material/drawable_mtrl_checkbox_button.xml.flat
Compiling xml file /home/runner/.gradle/caches/8.9/transforms/b4d4520d3a7500151f758a57e313542a/transformed/material-1.12.0/res/drawable/mtrl_ic_checkbox_unchecked.xml to /home/runner/.gradle/caches/8.9/transforms/c85c7a369295bb218c7dd51f8249c26d-d6a37501-5a8e-43be-9053-e2cb18a28371/transformed/com.google.android.material/drawable_mtrl_ic_checkbox_unchecked.xml.flat
Compiling xml file /home/runner/.gradle/caches/8.9/transforms/b4d4520d3a7500151f758a57e313542a/transformed/material-1.12.0/res/drawable/m3_tabs_rounded_line_indicator.xml to /home/runner/.gradle/caches/8.9/transforms/c85c7a369295bb218c7dd51f8249c26d-d6a37501-5a8e-43be-9053-e2cb18a28371/transformed/com.google.android.material/drawable_m3_tabs_rounded_line_indicator.xml.flat
Compiling xml file /home/runner/.gradle/caches/8.9/transforms/b4d4520d3a7500151f758a57e313542a/transformed/material-1.12.0/res/drawable/mtrl_checkbox_button_icon_unchecked_indeterminate.xml to /home/runner/.gradle/caches/8.9/transforms/c85c7a369295bb218c7dd51f8249c26d-d6a37501-5a8e-43be-9053-e2cb18a28371/transformed/com.google.android.material/drawable_mtrl_checkbox_button_icon_unchecked_indeterminate.xml.flat
AAPT2 aapt2-8.5.2-11315950-linux Daemon #0: starting
Compiling xml file /home/runner/.gradle/caches/8.9/transforms/b4d4520d3a7500151f758a57e313542a/transformed/material-1.12.0/res/drawable/material_ic_edit_black_24dp.xml to /home/runner/.gradle/caches/8.9/transforms/c85c7a369295bb218c7dd51f8249c26d-d6a37501-5a8e-43be-9053-e2cb18a28371/transformed/com.google.android.material/drawable_material_ic_edit_black_24dp.xml.flat
Stored cache entry for AarResourcesCompilerTransform: /home/runner/.gradle/caches/8.9/transforms/8e206d037e096a8246bf741b4599d3e3/transformed/media3-exoplayer-1.4.1 with cache key a4bf14b9ae971564d1543c78177ec0e1
Compiling xml file /home/runner/.gradle/caches/8.9/transforms/b4d4520d3a7500151f758a57e313542a/transformed/material-1.12.0/res/drawable/ic_clock_black_24dp.xml to /home/runner/.gradle/caches/8.9/transforms/c85c7a369295bb218c7dd51f8249c26d-d6a37501-5a8e-43be-9053-e2cb18a28371/transformed/com.google.android.material/drawable_ic_clock_black_24dp.xml.flat
Compiling xml file /home/runner/.gradle/caches/8.9/transforms/b4d4520d3a7500151f758a57e313542a/transformed/material-1.12.0/res/drawable/ic_search_black_24.xml to /home/runner/.gradle/caches/8.9/transforms/c85c7a369295bb218c7dd51f8249c26d-d6a37501-5a8e-43be-9053-e2cb18a28371/transformed/com.google.android.material/drawable_ic_search_black_24.xml.flat
Compiling xml file /home/runner/.gradle/caches/8.9/transforms/b4d4520d3a7500151f758a57e313542a/transformed/material-1.12.0/res/drawable/mtrl_checkbox_button_icon.xml to /home/runner/.gradle/caches/8.9/transforms/c85c7a369295bb218c7dd51f8249c26d-d6a37501-5a8e-43be-9053-e2cb18a28371/transformed/com.google.android.material/drawable_mtrl_checkbox_button_icon.xml.flat
Compiling xml file /home/runner/.gradle/caches/8.9/transforms/b4d4520d3a7500151f758a57e313542a/transformed/material-1.12.0/res/drawable/ic_clear_black_24.xml to /home/runner/.gradle/caches/8.9/transforms/c85c7a369295bb218c7dd51f8249c26d-d6a37501-5a8e-43be-9053-e2cb18a28371/transformed/com.google.android.material/drawable_ic_clear_black_24.xml.flat
Compiling xml file /home/runner/.gradle/caches/8.9/transforms/b4d4520d3a7500151f758a57e313542a/transformed/material-1.12.0/res/drawable/ic_m3_chip_close.xml to /home/runner/.gradle/caches/8.9/transforms/c85c7a369295bb218c7dd51f8249c26d-d6a37501-5a8e-43be-9053-e2cb18a28371/transformed/com.google.android.material/drawable_ic_m3_chip_close.xml.flat
Build cache key for AarResourcesCompilerTransform: /home/runner/.gradle/caches/8.9/transforms/787953bedcf891eaa3abe20dc151e7f8/transformed/media3-session-1.4.1 is 72537c25fe8340b533c6738c8bd54d7c
Compiling xml file /home/runner/.gradle/caches/8.9/transforms/b4d4520d3a7500151f758a57e313542a/transformed/material-1.12.0/res/drawable/mtrl_navigation_bar_item_background.xml to /home/runner/.gradle/caches/8.9/transforms/c85c7a369295bb218c7dd51f8249c26d-d6a37501-5a8e-43be-9053-e2cb18a28371/transformed/com.google.android.material/drawable_mtrl_navigation_bar_item_background.xml.flat
Compiling xml file /home/runner/.gradle/caches/8.9/transforms/b4d4520d3a7500151f758a57e313542a/transformed/material-1.12.0/res/drawable/m3_avd_hide_password.xml to /home/runner/.gradle/caches/8.9/transforms/c85c7a369295bb218c7dd51f8249c26d-d6a37501-5a8e-43be-9053-e2cb18a28371/transformed/com.google.android.material/drawable_m3_avd_hide_password.xml.flat
Stored cache entry for AarResourcesCompilerTransform: /home/runner/.gradle/caches/8.9/transforms/0f2a90c70adc0c4633cded043e77d653/transformed/viewpager2-1.1.0 with cache key 8b735e1c13b513e00dc29d0b98c9d635
Compiling xml file /home/runner/.gradle/caches/8.9/transforms/b4d4520d3a7500151f758a57e313542a/transformed/material-1.12.0/res/drawable/mtrl_checkbox_button_checked_unchecked.xml to /home/runner/.gradle/caches/8.9/transforms/c85c7a369295bb218c7dd51f8249c26d-d6a37501-5a8e-43be-9053-e2cb18a28371/transformed/com.google.android.material/drawable_mtrl_checkbox_button_checked_unchecked.xml.flat
Build cache key for AarResourcesCompilerTransform: /home/runner/.gradle/caches/8.9/transforms/8f1c6be824d54d9036149e18b8487cd7/transformed/media3-datasource-okhttp-1.4.1 is 1e66f4da40da0d0facbc8414023b7d37
Compiling xml file /home/runner/.gradle/caches/8.9/transforms/b4d4520d3a7500151f758a57e313542a/transformed/material-1.12.0/res/drawable/mtrl_ic_checkbox_checked.xml to /home/runner/.gradle/caches/8.9/transforms/c85c7a369295bb218c7dd51f8249c26d-d6a37501-5a8e-43be-9053-e2cb18a28371/transformed/com.google.android.material/drawable_mtrl_ic_checkbox_checked.xml.flat
Compiling xml file /home/runner/.gradle/caches/8.9/transforms/b4d4520d3a7500151f758a57e313542a/transformed/material-1.12.0/res/drawable/ic_mtrl_chip_checked_circle.xml to /home/runner/.gradle/caches/8.9/transforms/c85c7a369295bb218c7dd51f8249c26d-d6a37501-5a8e-43be-9053-e2cb18a28371/transformed/com.google.android.material/drawable_ic_mtrl_chip_checked_circle.xml.flat
Compiling xml file /home/runner/.gradle/caches/8.9/transforms/b4d4520d3a7500151f758a57e313542a/transformed/material-1.12.0/res/drawable/mtrl_checkbox_button_icon_unchecked_checked.xml to /home/runner/.gradle/caches/8.9/transforms/c85c7a369295bb218c7dd51f8249c26d-d6a37501-5a8e-43be-9053-e2cb18a28371/transformed/com.google.android.material/drawable_mtrl_checkbox_button_icon_unchecked_checked.xml.flat
Compiling xml file /home/runner/.gradle/caches/8.9/transforms/b4d4520d3a7500151f758a57e313542a/transformed/material-1.12.0/res/drawable/ic_mtrl_chip_close_circle.xml to /home/runner/.gradle/caches/8.9/transforms/c85c7a369295bb218c7dd51f8249c26d-d6a37501-5a8e-43be-9053-e2cb18a28371/transformed/com.google.android.material/drawable_ic_mtrl_chip_close_circle.xml.flat
Stored cache entry for AarResourcesCompilerTransform: /home/runner/.gradle/caches/8.9/transforms/8f1c6be824d54d9036149e18b8487cd7/transformed/media3-datasource-okhttp-1.4.1 with cache key 1e66f4da40da0d0facbc8414023b7d37
Compiling xml file /home/runner/.gradle/caches/8.9/transforms/b4d4520d3a7500151f758a57e313542a/transformed/material-1.12.0/res/drawable/m3_password_eye.xml to /home/runner/.gradle/caches/8.9/transforms/c85c7a369295bb218c7dd51f8249c26d-d6a37501-5a8e-43be-9053-e2cb18a28371/transformed/com.google.android.material/drawable_m3_password_eye.xml.flat
AAPT2 aapt2-8.5.2-11315950-linux Daemon #1: starting
Compiling xml file /home/runner/.gradle/caches/8.9/transforms/b4d4520d3a7500151f758a57e313542a/transformed/material-1.12.0/res/drawable/mtrl_tabs_default_indicator.xml to /home/runner/.gradle/caches/8.9/transforms/c85c7a369295bb218c7dd51f8249c26d-d6a37501-5a8e-43be-9053-e2cb18a28371/transformed/com.google.android.material/drawable_mtrl_tabs_default_indicator.xml.flat
Compiling xml file /home/runner/.gradle/caches/8.9/transforms/b4d4520d3a7500151f758a57e313542a/transformed/material-1.12.0/res/drawable/design_snackbar_background.xml to /home/runner/.gradle/caches/8.9/transforms/c85c7a369295bb218c7dd51f8249c26d-d6a37501-5a8e-43be-9053-e2cb18a28371/transformed/com.google.android.material/drawable_design_snackbar_background.xml.flat
Compiling xml file /home/runner/.gradle/caches/8.9/transforms/b4d4520d3a7500151f758a57e313542a/transformed/material-1.12.0/res/drawable/ic_arrow_back_black_24.xml to /home/runner/.gradle/caches/8.9/transforms/c85c7a369295bb218c7dd51f8249c26d-d6a37501-5a8e-43be-9053-e2cb18a28371/transformed/com.google.android.material/drawable_ic_arrow_back_black_24.xml.flat
Compiling xml file /home/runner/.gradle/caches/8.9/transforms/b4d4520d3a7500151f758a57e313542a/transformed/material-1.12.0/res/drawable/mtrl_ic_arrow_drop_down.xml to /home/runner/.gradle/caches/8.9/transforms/c85c7a369295bb218c7dd51f8249c26d-d6a37501-5a8e-43be-9053-e2cb18a28371/transformed/com.google.android.material/drawable_mtrl_ic_arrow_drop_down.xml.flat
Compiling xml file /home/runner/.gradle/caches/8.9/transforms/b4d4520d3a7500151f758a57e313542a/transformed/material-1.12.0/res/drawable/material_ic_clear_black_24dp.xml to /home/runner/.gradle/caches/8.9/transforms/c85c7a369295bb218c7dd51f8249c26d-d6a37501-5a8e-43be-9053-e2cb18a28371/transformed/com.google.android.material/drawable_material_ic_clear_black_24dp.xml.flat
Compiling xml file /home/runner/.gradle/caches/8.9/transforms/b4d4520d3a7500151f758a57e313542a/transformed/material-1.12.0/res/drawable/mtrl_switch_thumb_pressed_checked.xml to /home/runner/.gradle/caches/8.9/transforms/c85c7a369295bb218c7dd51f8249c26d-d6a37501-5a8e-43be-9053-e2cb18a28371/transformed/com.google.android.material/drawable_mtrl_switch_thumb_pressed_checked.xml.flat
Compiling xml file /home/runner/.gradle/caches/8.9/transforms/b4d4520d3a7500151f758a57e313542a/transformed/material-1.12.0/res/drawable/avd_hide_password.xml to /home/runner/.gradle/caches/8.9/transforms/c85c7a369295bb218c7dd51f8249c26d-d6a37501-5a8e-43be-9053-e2cb18a28371/transformed/com.google.android.material/drawable_avd_hide_password.xml.flat
Compiling xml file /home/runner/.gradle/caches/8.9/transforms/b4d4520d3a7500151f758a57e313542a/transformed/material-1.12.0/res/drawable/mtrl_checkbox_button_unchecked_checked.xml to /home/runner/.gradle/caches/8.9/transforms/c85c7a369295bb218c7dd51f8249c26d-d6a37501-5a8e-43be-9053-e2cb18a28371/transformed/com.google.android.material/drawable_mtrl_checkbox_button_unchecked_checked.xml.flat
Build cache key for AarResourcesCompilerTransform: /home/runner/.gradle/caches/8.9/transforms/068d1c140dad434ad7566a26bcb09136/transformed/media3-extractor-1.4.1 is cb542e4ebd47da0dd2de57946a55e653
Compiling xml file /home/runner/.gradle/caches/8.9/transforms/b4d4520d3a7500151f758a57e313542a/transformed/material-1.12.0/res/drawable/mtrl_ic_indeterminate.xml to /home/runner/.gradle/caches/8.9/transforms/c85c7a369295bb218c7dd51f8249c26d-d6a37501-5a8e-43be-9053-e2cb18a28371/transformed/com.google.android.material/drawable_mtrl_ic_indeterminate.xml.flat
Compiling xml file /home/runner/.gradle/caches/8.9/transforms/b4d4520d3a7500151f758a57e313542a/transformed/material-1.12.0/res/drawable/mtrl_checkbox_button_icon_checked_indeterminate.xml to /home/runner/.gradle/caches/8.9/transforms/c85c7a369295bb218c7dd51f8249c26d-d6a37501-5a8e-43be-9053-e2cb18a28371/transformed/com.google.android.material/drawable_mtrl_checkbox_button_icon_checked_indeterminate.xml.flat
Compiling xml file /home/runner/.gradle/caches/8.9/transforms/b4d4520d3a7500151f758a57e313542a/transformed/material-1.12.0/res/drawable/mtrl_ic_check_mark.xml to /home/runner/.gradle/caches/8.9/transforms/c85c7a369295bb218c7dd51f8249c26d-d6a37501-5a8e-43be-9053-e2cb18a28371/transformed/com.google.android.material/drawable_mtrl_ic_check_mark.xml.flat
Stored cache entry for AarResourcesCompilerTransform: /home/runner/.gradle/caches/8.9/transforms/068d1c140dad434ad7566a26bcb09136/transformed/media3-extractor-1.4.1 with cache key cb542e4ebd47da0dd2de57946a55e653
Compiling xml file /home/runner/.gradle/caches/8.9/transforms/b4d4520d3a7500151f758a57e313542a/transformed/material-1.12.0/res/drawable/mtrl_dropdown_arrow.xml to /home/runner/.gradle/caches/8.9/transforms/c85c7a369295bb218c7dd51f8249c26d-d6a37501-5a8e-43be-9053-e2cb18a28371/transformed/com.google.android.material/drawable_mtrl_dropdown_arrow.xml.flat
Compiling xml file /home/runner/.gradle/caches/8.9/transforms/b4d4520d3a7500151f758a57e313542a/transformed/material-1.12.0/res/drawable/mtrl_popupmenu_background_overlay.xml to /home/runner/.gradle/caches/8.9/transforms/c85c7a369295bb218c7dd51f8249c26d-d6a37501-5a8e-43be-9053-e2cb18a28371/transformed/com.google.android.material/drawable_mtrl_popupmenu_background_overlay.xml.flat
Build cache key for AarResourcesCompilerTransform: /home/runner/.gradle/caches/8.9/transforms/f13a0c08f7cfa0a877589804af7c06e5/transformed/media3-container-1.4.1 is 7244d7500d48689bd4369478780a0c79
Compiling xml file /home/runner/.gradle/caches/8.9/transforms/b4d4520d3a7500151f758a57e313542a/transformed/material-1.12.0/res/drawable/mtrl_switch_thumb_pressed_unchecked.xml to /home/runner/.gradle/caches/8.9/transforms/c85c7a369295bb218c7dd51f8249c26d-d6a37501-5a8e-43be-9053-e2cb18a28371/transformed/com.google.android.material/drawable_mtrl_switch_thumb_pressed_unchecked.xml.flat
Compiling xml file /home/runner/.gradle/caches/8.9/transforms/b4d4520d3a7500151f758a57e313542a/transformed/material-1.12.0/res/drawable/mtrl_checkbox_button_icon_indeterminate_unchecked.xml to /home/runner/.gradle/caches/8.9/transforms/c85c7a369295bb218c7dd51f8249c26d-d6a37501-5a8e-43be-9053-e2cb18a28371/transformed/com.google.android.material/drawable_mtrl_checkbox_button_icon_indeterminate_unchecked.xml.flat
Compiling xml file /home/runner/.gradle/caches/8.9/transforms/b4d4520d3a7500151f758a57e313542a/transformed/material-1.12.0/res/drawable/mtrl_bottomsheet_drag_handle.xml to /home/runner/.gradle/caches/8.9/transforms/c85c7a369295bb218c7dd51f8249c26d-d6a37501-5a8e-43be-9053-e2cb18a28371/transformed/com.google.android.material/drawable_mtrl_bottomsheet_drag_handle.xml.flat
Compiling xml file /home/runner/.gradle/caches/8.9/transforms/b4d4520d3a7500151f758a57e313542a/transformed/material-1.12.0/res/drawable/m3_tabs_line_indicator.xml to /home/runner/.gradle/caches/8.9/transforms/c85c7a369295bb218c7dd51f8249c26d-d6a37501-5a8e-43be-9053-e2cb18a28371/transformed/com.google.android.material/drawable_m3_tabs_line_indicator.xml.flat
Compiling xml file /home/runner/.gradle/caches/8.9/transforms/b4d4520d3a7500151f758a57e313542a/transformed/material-1.12.0/res/drawable/mtrl_popupmenu_background.xml to /home/runner/.gradle/caches/8.9/transforms/c85c7a369295bb218c7dd51f8249c26d-d6a37501-5a8e-43be-9053-e2cb18a28371/transformed/com.google.android.material/drawable_mtrl_popupmenu_background.xml.flat
Compiling xml file /home/runner/.gradle/caches/8.9/transforms/b4d4520d3a7500151f758a57e313542a/transformed/material-1.12.0/res/drawable/material_ic_keyboard_arrow_right_black_24dp.xml to /home/runner/.gradle/caches/8.9/transforms/c85c7a369295bb218c7dd51f8249c26d-d6a37501-5a8e-43be-9053-e2cb18a28371/transformed/com.google.android.material/drawable_material_ic_keyboard_arrow_right_black_24dp.xml.flat
Compiling xml file /home/runner/.gradle/caches/8.9/transforms/b4d4520d3a7500151f758a57e313542a/transformed/material-1.12.0/res/drawable/design_password_eye.xml to /home/runner/.gradle/caches/8.9/transforms/c85c7a369295bb218c7dd51f8249c26d-d6a37501-5a8e-43be-9053-e2cb18a28371/transformed/com.google.android.material/drawable_design_password_eye.xml.flat
Compiling xml file /home/runner/.gradle/caches/8.9/transforms/b4d4520d3a7500151f758a57e313542a/transformed/material-1.12.0/res/drawable/mtrl_switch_thumb_unchecked_checked.xml to /home/runner/.gradle/caches/8.9/transforms/c85c7a369295bb218c7dd51f8249c26d-d6a37501-5a8e-43be-9053-e2cb18a28371/transformed/com.google.android.material/drawable_mtrl_switch_thumb_unchecked_checked.xml.flat
Compiling xml file /home/runner/.gradle/caches/8.9/transforms/1dde5f983d8d8b69105a239187db4900/transformed/appcompat-1.7.0/res/layout-v26/abc_screen_toolbar.xml to /home/runner/.gradle/caches/8.9/transforms/c6907b42fb7c86b6206a331dae96a92b-e08984fc-0a39-48ee-8b60-2ef14ae1c2b0/transformed/androidx.appcompat/layout-v26_abc_screen_toolbar.xml.flat
Stored cache entry for AarResourcesCompilerTransform: /home/runner/.gradle/caches/8.9/transforms/f13a0c08f7cfa0a877589804af7c06e5/transformed/media3-container-1.4.1 with cache key 7244d7500d48689bd4369478780a0c79
Compiling xml file /home/runner/.gradle/caches/8.9/transforms/1dde5f983d8d8b69105a239187db4900/transformed/appcompat-1.7.0/res/drawable-watch-v20/abc_dialog_material_background.xml to /home/runner/.gradle/caches/8.9/transforms/c6907b42fb7c86b6206a331dae96a92b-e08984fc-0a39-48ee-8b60-2ef14ae1c2b0/transformed/androidx.appcompat/drawable-watch-v20_abc_dialog_material_background.xml.flat
Build cache key for AarResourcesCompilerTransform: /home/runner/.gradle/caches/8.9/transforms/86c00aab55672907703facd03d39bf3c/transformed/media3-datasource-1.4.1 is 1f7739c1f673557ef3a56bd950ebb457
Stored cache entry for AarResourcesCompilerTransform: /home/runner/.gradle/caches/8.9/transforms/86c00aab55672907703facd03d39bf3c/transformed/media3-datasource-1.4.1 with cache key 1f7739c1f673557ef3a56bd950ebb457
Compiling xml file /home/runner/.gradle/caches/8.9/transforms/b4d4520d3a7500151f758a57e313542a/transformed/material-1.12.0/res/drawable/mtrl_ic_error.xml to /home/runner/.gradle/caches/8.9/transforms/c85c7a369295bb218c7dd51f8249c26d-d6a37501-5a8e-43be-9053-e2cb18a28371/transformed/com.google.android.material/drawable_mtrl_ic_error.xml.flat
Compiling xml file /home/runner/.gradle/caches/8.9/transforms/b4d4520d3a7500151f758a57e313542a/transformed/material-1.12.0/res/drawable/design_ic_visibility_off.xml to /home/runner/.gradle/caches/8.9/transforms/c85c7a369295bb218c7dd51f8249c26d-d6a37501-5a8e-43be-9053-e2cb18a28371/transformed/com.google.android.material/drawable_design_ic_visibility_off.xml.flat
Compiling xml file /home/runner/.gradle/caches/8.9/transforms/b4d4520d3a7500151f758a57e313542a/transformed/material-1.12.0/res/drawable/m3_avd_show_password.xml to /home/runner/.gradle/caches/8.9/transforms/c85c7a369295bb218c7dd51f8249c26d-d6a37501-5a8e-43be-9053-e2cb18a28371/transformed/com.google.android.material/drawable_m3_avd_show_password.xml.flat
Compiling xml file /home/runner/.gradle/caches/8.9/transforms/b4d4520d3a7500151f758a57e313542a/transformed/material-1.12.0/res/drawable/mtrl_switch_thumb_pressed.xml to /home/runner/.gradle/caches/8.9/transforms/c85c7a369295bb218c7dd51f8249c26d-d6a37501-5a8e-43be-9053-e2cb18a28371/transformed/com.google.android.material/drawable_mtrl_switch_thumb_pressed.xml.flat
Compiling xml file /home/runner/.gradle/caches/8.9/transforms/b4d4520d3a7500151f758a57e313542a/transformed/material-1.12.0/res/drawable/mtrl_switch_thumb_checked_unchecked.xml to /home/runner/.gradle/caches/8.9/transforms/c85c7a369295bb218c7dd51f8249c26d-d6a37501-5a8e-43be-9053-e2cb18a28371/transformed/com.google.android.material/drawable_mtrl_switch_thumb_checked_unchecked.xml.flat
Build cache key for AarResourcesCompilerTransform: /home/runner/.gradle/caches/8.9/transforms/25fb82ba0edec0f432fb835442dc7924/transformed/media3-decoder-1.4.1 is a669e9188048da4465baf2e347ca3457
Stored cache entry for AarResourcesCompilerTransform: /home/runner/.gradle/caches/8.9/transforms/25fb82ba0edec0f432fb835442dc7924/transformed/media3-decoder-1.4.1 with cache key a669e9188048da4465baf2e347ca3457
Compiling xml file /home/runner/.gradle/caches/8.9/transforms/b4d4520d3a7500151f758a57e313542a/transformed/material-1.12.0/res/drawable/material_ic_menu_arrow_down_black_24dp.xml to /home/runner/.gradle/caches/8.9/transforms/c85c7a369295bb218c7dd51f8249c26d-d6a37501-5a8e-43be-9053-e2cb18a28371/transformed/com.google.android.material/drawable_material_ic_menu_arrow_down_black_24dp.xml.flat
Build cache key for AarResourcesCompilerTransform: /home/runner/.gradle/caches/8.9/transforms/47abc1295bc060486f1919c859794082/transformed/media3-database-1.4.1 is 00e495f9c174e864b1fcb46042207d35
Compiling xml file /home/runner/.gradle/caches/8.9/transforms/b4d4520d3a7500151f758a57e313542a/transformed/material-1.12.0/res/drawable/mtrl_dialog_background.xml to /home/runner/.gradle/caches/8.9/transforms/c85c7a369295bb218c7dd51f8249c26d-d6a37501-5a8e-43be-9053-e2cb18a28371/transformed/com.google.android.material/drawable_mtrl_dialog_background.xml.flat
Compiling xml file /home/runner/.gradle/caches/8.9/transforms/1dde5f983d8d8b69105a239187db4900/transformed/appcompat-1.7.0/res/drawable/btn_radio_off_to_on_mtrl_animation.xml to /home/runner/.gradle/caches/8.9/transforms/c6907b42fb7c86b6206a331dae96a92b-e08984fc-0a39-48ee-8b60-2ef14ae1c2b0/transformed/androidx.appcompat/drawable_btn_radio_off_to_on_mtrl_animation.xml.flat
Compiling xml file /home/runner/.gradle/caches/8.9/transforms/b4d4520d3a7500151f758a57e313542a/transformed/material-1.12.0/res/drawable/design_ic_visibility.xml to /home/runner/.gradle/caches/8.9/transforms/c85c7a369295bb218c7dd51f8249c26d-d6a37501-5a8e-43be-9053-e2cb18a28371/transformed/com.google.android.material/drawable_design_ic_visibility.xml.flat
Compiling xml file /home/runner/.gradle/caches/8.9/transforms/b4d4520d3a7500151f758a57e313542a/transformed/material-1.12.0/res/drawable/mtrl_switch_thumb.xml to /home/runner/.gradle/caches/8.9/transforms/c85c7a369295bb218c7dd51f8249c26d-d6a37501-5a8e-43be-9053-e2cb18a28371/transformed/com.google.android.material/drawable_mtrl_switch_thumb.xml.flat
Compiling xml file /home/runner/.gradle/caches/8.9/transforms/1dde5f983d8d8b69105a239187db4900/transformed/appcompat-1.7.0/res/drawable/abc_btn_check_material.xml to /home/runner/.gradle/caches/8.9/transforms/c6907b42fb7c86b6206a331dae96a92b-e08984fc-0a39-48ee-8b60-2ef14ae1c2b0/transformed/androidx.appcompat/drawable_abc_btn_check_material.xml.flat
Compiling xml file /home/runner/.gradle/caches/8.9/transforms/1dde5f983d8d8b69105a239187db4900/transformed/appcompat-1.7.0/res/drawable/abc_ic_menu_copy_mtrl_am_alpha.xml to /home/runner/.gradle/caches/8.9/transforms/c6907b42fb7c86b6206a331dae96a92b-e08984fc-0a39-48ee-8b60-2ef14ae1c2b0/transformed/androidx.appcompat/drawable_abc_ic_menu_copy_mtrl_am_alpha.xml.flat
Compiling xml file /home/runner/.gradle/caches/8.9/transforms/b4d4520d3a7500151f758a57e313542a/transformed/material-1.12.0/res/drawable/mtrl_switch_thumb_checked_pressed.xml to /home/runner/.gradle/caches/8.9/transforms/c85c7a369295bb218c7dd51f8249c26d-d6a37501-5a8e-43be-9053-e2cb18a28371/transformed/com.google.android.material/drawable_mtrl_switch_thumb_checked_pressed.xml.flat
Compiling xml file /home/runner/.gradle/caches/8.9/transforms/1dde5f983d8d8b69105a239187db4900/transformed/appcompat-1.7.0/res/drawable/abc_switch_thumb_material.xml to /home/runner/.gradle/caches/8.9/transforms/c6907b42fb7c86b6206a331dae96a92b-e08984fc-0a39-48ee-8b60-2ef14ae1c2b0/transformed/androidx.appcompat/drawable_abc_switch_thumb_material.xml.flat
Compiling xml file /home/runner/.gradle/caches/8.9/transforms/1dde5f983d8d8b69105a239187db4900/transformed/appcompat-1.7.0/res/drawable/btn_radio_off_mtrl.xml to /home/runner/.gradle/caches/8.9/transforms/c6907b42fb7c86b6206a331dae96a92b-e08984fc-0a39-48ee-8b60-2ef14ae1c2b0/transformed/androidx.appcompat/drawable_btn_radio_off_mtrl.xml.flat
Compiling xml file /home/runner/.gradle/caches/8.9/transforms/b4d4520d3a7500151f758a57e313542a/transformed/material-1.12.0/res/drawable/mtrl_switch_track_decoration.xml to /home/runner/.gradle/caches/8.9/transforms/c85c7a369295bb218c7dd51f8249c26d-d6a37501-5a8e-43be-9053-e2cb18a28371/transformed/com.google.android.material/drawable_mtrl_switch_track_decoration.xml.flat
Compiling xml file /home/runner/.gradle/caches/8.9/transforms/1dde5f983d8d8b69105a239187db4900/transformed/appcompat-1.7.0/res/drawable/btn_checkbox_unchecked_to_checked_mtrl_animation.xml to /home/runner/.gradle/caches/8.9/transforms/c6907b42fb7c86b6206a331dae96a92b-e08984fc-0a39-48ee-8b60-2ef14ae1c2b0/transformed/androidx.appcompat/drawable_btn_checkbox_unchecked_to_checked_mtrl_animation.xml.flat
Stored cache entry for AarResourcesCompilerTransform: /home/runner/.gradle/caches/8.9/transforms/47abc1295bc060486f1919c859794082/transformed/media3-database-1.4.1 with cache key 00e495f9c174e864b1fcb46042207d35
Compiling xml file /home/runner/.gradle/caches/8.9/transforms/1dde5f983d8d8b69105a239187db4900/transformed/appcompat-1.7.0/res/drawable/abc_ic_menu_paste_mtrl_am_alpha.xml to /home/runner/.gradle/caches/8.9/transforms/c6907b42fb7c86b6206a331dae96a92b-e08984fc-0a39-48ee-8b60-2ef14ae1c2b0/transformed/androidx.appcompat/drawable_abc_ic_menu_paste_mtrl_am_alpha.xml.flat
Compiling xml file /home/runner/.gradle/caches/8.9/transforms/b4d4520d3a7500151f758a57e313542a/transformed/material-1.12.0/res/drawable/navigation_empty_icon.xml to /home/runner/.gradle/caches/8.9/transforms/c85c7a369295bb218c7dd51f8249c26d-d6a37501-5a8e-43be-9053-e2cb18a28371/transformed/com.google.android.material/drawable_navigation_empty_icon.xml.flat
Compiling xml file /home/runner/.gradle/caches/8.9/transforms/1dde5f983d8d8b69105a239187db4900/transformed/appcompat-1.7.0/res/drawable/btn_radio_on_to_off_mtrl_animation.xml to /home/runner/.gradle/caches/8.9/transforms/c6907b42fb7c86b6206a331dae96a92b-e08984fc-0a39-48ee-8b60-2ef14ae1c2b0/transformed/androidx.appcompat/drawable_btn_radio_on_to_off_mtrl_animation.xml.flat
Compiling xml file /home/runner/.gradle/caches/8.9/transforms/b4d4520d3a7500151f758a57e313542a/transformed/material-1.12.0/res/drawable/avd_show_password.xml to /home/runner/.gradle/caches/8.9/transforms/c85c7a369295bb218c7dd51f8249c26d-d6a37501-5a8e-43be-9053-e2cb18a28371/transformed/com.google.android.material/drawable_avd_show_password.xml.flat
Compiling xml file /home/runner/.gradle/caches/8.9/transforms/1dde5f983d8d8b69105a239187db4900/transformed/appcompat-1.7.0/res/drawable/btn_radio_on_mtrl.xml to /home/runner/.gradle/caches/8.9/transforms/c6907b42fb7c86b6206a331dae96a92b-e08984fc-0a39-48ee-8b60-2ef14ae1c2b0/transformed/androidx.appcompat/drawable_btn_radio_on_mtrl.xml.flat
Build cache key for AarResourcesCompilerTransform: /home/runner/.gradle/caches/8.9/transforms/71a3d4d7867ccf930919e7fe5351d607/transformed/media3-common-1.4.1 is 5ae58a4371ed90012e5567df33834618
Compiling xml file /home/runner/.gradle/caches/8.9/transforms/b4d4520d3a7500151f758a57e313542a/transformed/material-1.12.0/res/drawable/mtrl_switch_thumb_checked.xml to /home/runner/.gradle/caches/8.9/transforms/c85c7a369295bb218c7dd51f8249c26d-d6a37501-5a8e-43be-9053-e2cb18a28371/transformed/com.google.android.material/drawable_mtrl_switch_thumb_checked.xml.flat
Compiling xml file /home/runner/.gradle/caches/8.9/transforms/1dde5f983d8d8b69105a239187db4900/transformed/appcompat-1.7.0/res/drawable/abc_ic_go_search_api_material.xml to /home/runner/.gradle/caches/8.9/transforms/c6907b42fb7c86b6206a331dae96a92b-e08984fc-0a39-48ee-8b60-2ef14ae1c2b0/transformed/androidx.appcompat/drawable_abc_ic_go_search_api_material.xml.flat
Compiling xml file /home/runner/.gradle/caches/8.9/transforms/b4d4520d3a7500151f758a57e313542a/transformed/material-1.12.0/res/drawable/mtrl_ic_arrow_drop_up.xml to /home/runner/.gradle/caches/8.9/transforms/c85c7a369295bb218c7dd51f8249c26d-d6a37501-5a8e-43be-9053-e2cb18a28371/transformed/com.google.android.material/drawable_mtrl_ic_arrow_drop_up.xml.flat
Compiling xml file /home/runner/.gradle/caches/8.9/transforms/b4d4520d3a7500151f758a57e313542a/transformed/material-1.12.0/res/drawable/mtrl_checkbox_button_icon_indeterminate_checked.xml to /home/runner/.gradle/caches/8.9/transforms/c85c7a369295bb218c7dd51f8249c26d-d6a37501-5a8e-43be-9053-e2cb18a28371/transformed/com.google.android.material/drawable_mtrl_checkbox_button_icon_indeterminate_checked.xml.flat
Compiling xml file /home/runner/.gradle/caches/8.9/transforms/b4d4520d3a7500151f758a57e313542a/transformed/material-1.12.0/res/drawable/material_ic_menu_arrow_up_black_24dp.xml to /home/runner/.gradle/caches/8.9/transforms/c85c7a369295bb218c7dd51f8249c26d-d6a37501-5a8e-43be-9053-e2cb18a28371/transformed/com.google.android.material/drawable_material_ic_menu_arrow_up_black_24dp.xml.flat
Compiling xml file /home/runner/.gradle/caches/8.9/transforms/1dde5f983d8d8b69105a239187db4900/transformed/appcompat-1.7.0/res/drawable/abc_btn_check_material_anim.xml to /home/runner/.gradle/caches/8.9/transforms/c6907b42fb7c86b6206a331dae96a92b-e08984fc-0a39-48ee-8b60-2ef14ae1c2b0/transformed/androidx.appcompat/drawable_abc_btn_check_material_anim.xml.flat
Compiling xml file /home/runner/.gradle/caches/8.9/transforms/1dde5f983d8d8b69105a239187db4900/transformed/appcompat-1.7.0/res/drawable/abc_seekbar_tick_mark_material.xml to /home/runner/.gradle/caches/8.9/transforms/c6907b42fb7c86b6206a331dae96a92b-e08984fc-0a39-48ee-8b60-2ef14ae1c2b0/transformed/androidx.appcompat/drawable_abc_seekbar_tick_mark_material.xml.flat
Compiling xml file /home/runner/.gradle/caches/8.9/transforms/1dde5f983d8d8b69105a239187db4900/transformed/appcompat-1.7.0/res/drawable/abc_spinner_textfield_background_material.xml to /home/runner/.gradle/caches/8.9/transforms/c6907b42fb7c86b6206a331dae96a92b-e08984fc-0a39-48ee-8b60-2ef14ae1c2b0/transformed/androidx.appcompat/drawable_abc_spinner_textfield_background_material.xml.flat
Stored cache entry for AarResourcesCompilerTransform: /home/runner/.gradle/caches/8.9/transforms/71a3d4d7867ccf930919e7fe5351d607/transformed/media3-common-1.4.1 with cache key 5ae58a4371ed90012e5567df33834618
Compiling xml file /home/runner/.gradle/caches/8.9/transforms/b4d4520d3a7500151f758a57e313542a/transformed/material-1.12.0/res/drawable/ic_mtrl_chip_checked_black.xml to /home/runner/.gradle/caches/8.9/transforms/c85c7a369295bb218c7dd51f8249c26d-d6a37501-5a8e-43be-9053-e2cb18a28371/transformed/com.google.android.material/drawable_ic_mtrl_chip_checked_black.xml.flat
Compiling xml file /home/runner/.gradle/caches/8.9/transforms/1dde5f983d8d8b69105a239187db4900/transformed/appcompat-1.7.0/res/drawable/abc_ic_clear_material.xml to /home/runner/.gradle/caches/8.9/transforms/c6907b42fb7c86b6206a331dae96a92b-e08984fc-0a39-48ee-8b60-2ef14ae1c2b0/transformed/androidx.appcompat/drawable_abc_ic_clear_material.xml.flat
Compiling xml file /home/runner/.gradle/caches/8.9/transforms/b4d4520d3a7500151f758a57e313542a/transformed/material-1.12.0/res/drawable/mtrl_checkbox_button_icon_checked_unchecked.xml to /home/runner/.gradle/caches/8.9/transforms/c85c7a369295bb218c7dd51f8249c26d-d6a37501-5a8e-43be-9053-e2cb18a28371/transformed/com.google.android.material/drawable_mtrl_checkbox_button_icon_checked_unchecked.xml.flat
Compiling xml file /home/runner/.gradle/caches/8.9/transforms/1dde5f983d8d8b69105a239187db4900/transformed/appcompat-1.7.0/res/drawable/abc_list_selector_holo_dark.xml to /home/runner/.gradle/caches/8.9/transforms/c6907b42fb7c86b6206a331dae96a92b-e08984fc-0a39-48ee-8b60-2ef14ae1c2b0/transformed/androidx.appcompat/drawable_abc_list_selector_holo_dark.xml.flat
Compiling xml file /home/runner/.gradle/caches/8.9/transforms/b4d4520d3a7500151f758a57e313542a/transformed/material-1.12.0/res/drawable/indeterminate_static.xml to /home/runner/.gradle/caches/8.9/transforms/c85c7a369295bb218c7dd51f8249c26d-d6a37501-5a8e-43be-9053-e2cb18a28371/transformed/com.google.android.material/drawable_indeterminate_static.xml.flat
Compiling xml file /home/runner/.gradle/caches/8.9/transforms/1dde5f983d8d8b69105a239187db4900/transformed/appcompat-1.7.0/res/drawable/tooltip_frame_dark.xml to /home/runner/.gradle/caches/8.9/transforms/c6907b42fb7c86b6206a331dae96a92b-e08984fc-0a39-48ee-8b60-2ef14ae1c2b0/transformed/androidx.appcompat/drawable_tooltip_frame_dark.xml.flat
Compiling xml file /home/runner/.gradle/caches/8.9/transforms/b4d4520d3a7500151f758a57e313542a/transformed/material-1.12.0/res/drawable/ic_keyboard_black_24dp.xml to /home/runner/.gradle/caches/8.9/transforms/c85c7a369295bb218c7dd51f8249c26d-d6a37501-5a8e-43be-9053-e2cb18a28371/transformed/com.google.android.material/drawable_ic_keyboard_black_24dp.xml.flat
Compiling xml file /home/runner/.gradle/caches/8.9/transforms/1dde5f983d8d8b69105a239187db4900/transformed/appcompat-1.7.0/res/drawable/abc_ic_voice_search_api_material.xml to /home/runner/.gradle/caches/8.9/transforms/c6907b42fb7c86b6206a331dae96a92b-e08984fc-0a39-48ee-8b60-2ef14ae1c2b0/transformed/androidx.appcompat/drawable_abc_ic_voice_search_api_material.xml.flat
Build cache key for AarResourcesCompilerTransform: /home/runner/.gradle/caches/8.9/transforms/b9c68220fce63fb5e94ecc1589f37798/transformed/media3-ui-1.4.1 is 4b44fa7243887f9de75ec93b5386977f
Compiling xml file /home/runner/.gradle/caches/8.9/transforms/1dde5f983d8d8b69105a239187db4900/transformed/appcompat-1.7.0/res/drawable/test_level_drawable.xml to /home/runner/.gradle/caches/8.9/transforms/c6907b42fb7c86b6206a331dae96a92b-e08984fc-0a39-48ee-8b60-2ef14ae1c2b0/transformed/androidx.appcompat/drawable_test_level_drawable.xml.flat
Compiling xml file /home/runner/.gradle/caches/8.9/transforms/b4d4520d3a7500151f758a57e313542a/transformed/material-1.12.0/res/drawable/material_cursor_drawable.xml to /home/runner/.gradle/caches/8.9/transforms/c85c7a369295bb218c7dd51f8249c26d-d6a37501-5a8e-43be-9053-e2cb18a28371/transformed/com.google.android.material/drawable_material_cursor_drawable.xml.flat
Compiling xml file /home/runner/.gradle/caches/8.9/transforms/1dde5f983d8d8b69105a239187db4900/transformed/appcompat-1.7.0/res/drawable/abc_text_cursor_material.xml to /home/runner/.gradle/caches/8.9/transforms/c6907b42fb7c86b6206a331dae96a92b-e08984fc-0a39-48ee-8b60-2ef14ae1c2b0/transformed/androidx.appcompat/drawable_abc_text_cursor_material.xml.flat
Compiling xml file /home/runner/.gradle/caches/8.9/transforms/b4d4520d3a7500151f758a57e313542a/transformed/material-1.12.0/res/drawable/ic_mtrl_checked_circle.xml to /home/runner/.gradle/caches/8.9/transforms/c85c7a369295bb218c7dd51f8249c26d-d6a37501-5a8e-43be-9053-e2cb18a28371/transformed/com.google.android.material/drawable_ic_mtrl_checked_circle.xml.flat
Compiling xml file /home/runner/.gradle/caches/8.9/transforms/1dde5f983d8d8b69105a239187db4900/transformed/appcompat-1.7.0/res/drawable/abc_textfield_search_material.xml to /home/runner/.gradle/caches/8.9/transforms/c6907b42fb7c86b6206a331dae96a92b-e08984fc-0a39-48ee-8b60-2ef14ae1c2b0/transformed/androidx.appcompat/drawable_abc_textfield_search_material.xml.flat
Compiling xml file /home/runner/.gradle/caches/8.9/transforms/1dde5f983d8d8b69105a239187db4900/transformed/appcompat-1.7.0/res/drawable/abc_btn_radio_material_anim.xml to /home/runner/.gradle/caches/8.9/transforms/c6907b42fb7c86b6206a331dae96a92b-e08984fc-0a39-48ee-8b60-2ef14ae1c2b0/transformed/androidx.appcompat/drawable_abc_btn_radio_material_anim.xml.flat
Compiling xml file /home/runner/.gradle/caches/8.9/transforms/1dde5f983d8d8b69105a239187db4900/transformed/appcompat-1.7.0/res/drawable/abc_tab_indicator_material.xml to /home/runner/.gradle/caches/8.9/transforms/c6907b42fb7c86b6206a331dae96a92b-e08984fc-0a39-48ee-8b60-2ef14ae1c2b0/transformed/androidx.appcompat/drawable_abc_tab_indicator_material.xml.flat
Compiling xml file /home/runner/.gradle/caches/8.9/transforms/b9c68220fce63fb5e94ecc1589f37798/transformed/media3-ui-1.4.1/res/drawable/exo_rounded_rectangle.xml to /home/runner/.gradle/caches/8.9/transforms/39c2e6c39ba1bddaf2bb9fccf5eb8ed3-f479fa15-06b3-4898-aeaa-ee34aae46785/transformed/androidx.media3.ui/drawable_exo_rounded_rectangle.xml.flat
Compiling xml file /home/runner/.gradle/caches/8.9/transforms/b4d4520d3a7500151f758a57e313542a/transformed/material-1.12.0/res/drawable/material_ic_keyboard_arrow_left_black_24dp.xml to /home/runner/.gradle/caches/8.9/transforms/c85c7a369295bb218c7dd51f8249c26d-d6a37501-5a8e-43be-9053-e2cb18a28371/transformed/com.google.android.material/drawable_material_ic_keyboard_arrow_left_black_24dp.xml.flat
Compiling xml file /home/runner/.gradle/caches/8.9/transforms/b4d4520d3a7500151f758a57e313542a/transformed/material-1.12.0/res/drawable/m3_popupmenu_background_overlay.xml to /home/runner/.gradle/caches/8.9/transforms/c85c7a369295bb218c7dd51f8249c26d-d6a37501-5a8e-43be-9053-e2cb18a28371/transformed/com.google.android.material/drawable_m3_popupmenu_background_overlay.xml.flat
Compiling xml file /home/runner/.gradle/caches/8.9/transforms/b4d4520d3a7500151f758a57e313542a/transformed/material-1.12.0/res/color-night-v8/material_timepicker_clockface.xml to /home/runner/.gradle/caches/8.9/transforms/c85c7a369295bb218c7dd51f8249c26d-d6a37501-5a8e-43be-9053-e2cb18a28371/transformed/com.google.android.material/color-night-v8_material_timepicker_clockface.xml.flat
Compiling xml file /home/runner/.gradle/caches/8.9/transforms/1dde5f983d8d8b69105a239187db4900/transformed/appcompat-1.7.0/res/drawable/abc_btn_radio_material.xml to /home/runner/.gradle/caches/8.9/transforms/c6907b42fb7c86b6206a331dae96a92b-e08984fc-0a39-48ee-8b60-2ef14ae1c2b0/transformed/androidx.appcompat/drawable_abc_btn_radio_material.xml.flat
Compiling xml file /home/runner/.gradle/caches/8.9/transforms/b4d4520d3a7500151f758a57e313542a/transformed/material-1.12.0/res/color-night-v8/material_timepicker_button_stroke.xml to /home/runner/.gradle/caches/8.9/transforms/c85c7a369295bb218c7dd51f8249c26d-d6a37501-5a8e-43be-9053-e2cb18a28371/transformed/com.google.android.material/color-night-v8_material_timepicker_button_stroke.xml.flat
Compiling xml file /home/runner/.gradle/caches/8.9/transforms/1dde5f983d8d8b69105a239187db4900/transformed/appcompat-1.7.0/res/drawable/tooltip_frame_light.xml to /home/runner/.gradle/caches/8.9/transforms/c6907b42fb7c86b6206a331dae96a92b-e08984fc-0a39-48ee-8b60-2ef14ae1c2b0/transformed/androidx.appcompat/drawable_tooltip_frame_light.xml.flat
Compiling xml file /home/runner/.gradle/caches/8.9/transforms/b4d4520d3a7500151f758a57e313542a/transformed/material-1.12.0/res/color-night-v8/material_timepicker_modebutton_tint.xml to /home/runner/.gradle/caches/8.9/transforms/c85c7a369295bb218c7dd51f8249c26d-d6a37501-5a8e-43be-9053-e2cb18a28371/transformed/com.google.android.material/color-night-v8_material_timepicker_modebutton_tint.xml.flat
Compiling xml file /home/runner/.gradle/caches/8.9/transforms/1dde5f983d8d8b69105a239187db4900/transformed/appcompat-1.7.0/res/drawable/abc_list_selector_background_transition_holo_dark.xml to /home/runner/.gradle/caches/8.9/transforms/c6907b42fb7c86b6206a331dae96a92b-e08984fc-0a39-48ee-8b60-2ef14ae1c2b0/transformed/androidx.appcompat/drawable_abc_list_selector_background_transition_holo_dark.xml.flat
Compiling xml file /home/runner/.gradle/caches/8.9/transforms/b4d4520d3a7500151f758a57e313542a/transformed/material-1.12.0/res/anim-v21/m3_side_sheet_exit_to_left.xml to /home/runner/.gradle/caches/8.9/transforms/c85c7a369295bb218c7dd51f8249c26d-d6a37501-5a8e-43be-9053-e2cb18a28371/transformed/com.google.android.material/anim-v21_m3_side_sheet_exit_to_left.xml.flat
Compiling xml file /home/runner/.gradle/caches/8.9/transforms/1dde5f983d8d8b69105a239187db4900/transformed/appcompat-1.7.0/res/drawable/abc_btn_default_mtrl_shape.xml to /home/runner/.gradle/caches/8.9/transforms/c6907b42fb7c86b6206a331dae96a92b-e08984fc-0a39-48ee-8b60-2ef14ae1c2b0/transformed/androidx.appcompat/drawable_abc_btn_default_mtrl_shape.xml.flat
Compiling xml file /home/runner/.gradle/caches/8.9/transforms/b4d4520d3a7500151f758a57e313542a/transformed/material-1.12.0/res/anim-v21/mtrl_bottom_sheet_slide_in.xml to /home/runner/.gradle/caches/8.9/transforms/c85c7a369295bb218c7dd51f8249c26d-d6a37501-5a8e-43be-9053-e2cb18a28371/transformed/com.google.android.material/anim-v21_mtrl_bottom_sheet_slide_in.xml.flat
Compiling xml file /home/runner/.gradle/caches/8.9/transforms/1dde5f983d8d8b69105a239187db4900/transformed/appcompat-1.7.0/res/drawable/abc_item_background_holo_light.xml to /home/runner/.gradle/caches/8.9/transforms/c6907b42fb7c86b6206a331dae96a92b-e08984fc-0a39-48ee-8b60-2ef14ae1c2b0/transformed/androidx.appcompat/drawable_abc_item_background_holo_light.xml.flat
Compiling xml file /home/runner/.gradle/caches/8.9/transforms/b4d4520d3a7500151f758a57e313542a/transformed/material-1.12.0/res/anim-v21/m3_bottom_sheet_slide_out.xml to /home/runner/.gradle/caches/8.9/transforms/c85c7a369295bb218c7dd51f8249c26d-d6a37501-5a8e-43be-9053-e2cb18a28371/transformed/com.google.android.material/anim-v21_m3_bottom_sheet_slide_out.xml.flat
Compiling xml file /home/runner/.gradle/caches/8.9/transforms/1dde5f983d8d8b69105a239187db4900/transformed/appcompat-1.7.0/res/drawable/abc_ic_search_api_material.xml to /home/runner/.gradle/caches/8.9/transforms/c6907b42fb7c86b6206a331dae96a92b-e08984fc-0a39-48ee-8b60-2ef14ae1c2b0/transformed/androidx.appcompat/drawable_abc_ic_search_api_material.xml.flat
Compiling xml file /home/runner/.gradle/caches/8.9/transforms/b4d4520d3a7500151f758a57e313542a/transformed/material-1.12.0/res/anim-v21/m3_side_sheet_enter_from_right.xml to /home/runner/.gradle/caches/8.9/transforms/c85c7a369295bb218c7dd51f8249c26d-d6a37501-5a8e-43be-9053-e2cb18a28371/transformed/com.google.android.material/anim-v21_m3_side_sheet_enter_from_right.xml.flat
Compiling xml file /home/runner/.gradle/caches/8.9/transforms/1dde5f983d8d8b69105a239187db4900/transformed/appcompat-1.7.0/res/drawable/abc_item_background_holo_dark.xml to /home/runner/.gradle/caches/8.9/transforms/c6907b42fb7c86b6206a331dae96a92b-e08984fc-0a39-48ee-8b60-2ef14ae1c2b0/transformed/androidx.appcompat/drawable_abc_item_background_holo_dark.xml.flat
Compiling xml file /home/runner/.gradle/caches/8.9/transforms/1dde5f983d8d8b69105a239187db4900/transformed/appcompat-1.7.0/res/drawable/abc_ic_menu_share_mtrl_alpha.xml to /home/runner/.gradle/caches/8.9/transforms/c6907b42fb7c86b6206a331dae96a92b-e08984fc-0a39-48ee-8b60-2ef14ae1c2b0/transformed/androidx.appcompat/drawable_abc_ic_menu_share_mtrl_alpha.xml.flat
Compiling xml file /home/runner/.gradle/caches/8.9/transforms/1dde5f983d8d8b69105a239187db4900/transformed/appcompat-1.7.0/res/drawable/abc_seekbar_track_material.xml to /home/runner/.gradle/caches/8.9/transforms/c6907b42fb7c86b6206a331dae96a92b-e08984fc-0a39-48ee-8b60-2ef14ae1c2b0/transformed/androidx.appcompat/drawable_abc_seekbar_track_material.xml.flat
Compiling xml file /home/runner/.gradle/caches/8.9/transforms/b4d4520d3a7500151f758a57e313542a/transformed/material-1.12.0/res/anim-v21/design_bottom_sheet_slide_in.xml to /home/runner/.gradle/caches/8.9/transforms/c85c7a369295bb218c7dd51f8249c26d-d6a37501-5a8e-43be-9053-e2cb18a28371/transformed/com.google.android.material/anim-v21_design_bottom_sheet_slide_in.xml.flat
Compiling xml file /home/runner/.gradle/caches/8.9/transforms/b4d4520d3a7500151f758a57e313542a/transformed/material-1.12.0/res/anim-v21/design_bottom_sheet_slide_out.xml to /home/runner/.gradle/caches/8.9/transforms/c85c7a369295bb218c7dd51f8249c26d-d6a37501-5a8e-43be-9053-e2cb18a28371/transformed/com.google.android.material/anim-v21_design_bottom_sheet_slide_out.xml.flat
Compiling xml file /home/runner/.gradle/caches/8.9/transforms/b4d4520d3a7500151f758a57e313542a/transformed/material-1.12.0/res/anim-v21/mtrl_bottom_sheet_slide_out.xml to /home/runner/.gradle/caches/8.9/transforms/c85c7a369295bb218c7dd51f8249c26d-d6a37501-5a8e-43be-9053-e2cb18a28371/transformed/com.google.android.material/anim-v21_mtrl_bottom_sheet_slide_out.xml.flat
Compiling xml file /home/runner/.gradle/caches/8.9/transforms/1dde5f983d8d8b69105a239187db4900/transformed/appcompat-1.7.0/res/drawable/abc_list_selector_background_transition_holo_light.xml to /home/runner/.gradle/caches/8.9/transforms/c6907b42fb7c86b6206a331dae96a92b-e08984fc-0a39-48ee-8b60-2ef14ae1c2b0/transformed/androidx.appcompat/drawable_abc_list_selector_background_transition_holo_light.xml.flat
Compiling xml file /home/runner/.gradle/caches/8.9/transforms/b4d4520d3a7500151f758a57e313542a/transformed/material-1.12.0/res/anim-v21/m3_side_sheet_exit_to_right.xml to /home/runner/.gradle/caches/8.9/transforms/c85c7a369295bb218c7dd51f8249c26d-d6a37501-5a8e-43be-9053-e2cb18a28371/transformed/com.google.android.material/anim-v21_m3_side_sheet_exit_to_right.xml.flat
Compiling xml file /home/runner/.gradle/caches/8.9/transforms/1dde5f983d8d8b69105a239187db4900/transformed/appcompat-1.7.0/res/drawable/abc_ic_menu_overflow_material.xml to /home/runner/.gradle/caches/8.9/transforms/c6907b42fb7c86b6206a331dae96a92b-e08984fc-0a39-48ee-8b60-2ef14ae1c2b0/transformed/androidx.appcompat/drawable_abc_ic_menu_overflow_material.xml.flat
Compiling xml file /home/runner/.gradle/caches/8.9/transforms/b4d4520d3a7500151f758a57e313542a/transformed/material-1.12.0/res/anim-v21/m3_side_sheet_enter_from_left.xml to /home/runner/.gradle/caches/8.9/transforms/c85c7a369295bb218c7dd51f8249c26d-d6a37501-5a8e-43be-9053-e2cb18a28371/transformed/com.google.android.material/anim-v21_m3_side_sheet_enter_from_left.xml.flat
Compiling xml file /home/runner/.gradle/caches/8.9/transforms/1dde5f983d8d8b69105a239187db4900/transformed/appcompat-1.7.0/res/drawable/abc_btn_borderless_material.xml to /home/runner/.gradle/caches/8.9/transforms/c6907b42fb7c86b6206a331dae96a92b-e08984fc-0a39-48ee-8b60-2ef14ae1c2b0/transformed/androidx.appcompat/drawable_abc_btn_borderless_material.xml.flat
Compiling xml file /home/runner/.gradle/caches/8.9/transforms/b4d4520d3a7500151f758a57e313542a/transformed/material-1.12.0/res/anim-v21/m3_bottom_sheet_slide_in.xml to /home/runner/.gradle/caches/8.9/transforms/c85c7a369295bb218c7dd51f8249c26d-d6a37501-5a8e-43be-9053-e2cb18a28371/transformed/com.google.android.material/anim-v21_m3_bottom_sheet_slide_in.xml.flat
Compiling xml file /home/runner/.gradle/caches/8.9/transforms/1dde5f983d8d8b69105a239187db4900/transformed/appcompat-1.7.0/res/drawable/abc_ic_ab_back_material.xml to /home/runner/.gradle/caches/8.9/transforms/c6907b42fb7c86b6206a331dae96a92b-e08984fc-0a39-48ee-8b60-2ef14ae1c2b0/transformed/androidx.appcompat/drawable_abc_ic_ab_back_material.xml.flat
Compiling xml file /home/runner/.gradle/caches/8.9/transforms/b4d4520d3a7500151f758a57e313542a/transformed/material-1.12.0/res/interpolator-v21/m3_sys_motion_easing_linear.xml to /home/runner/.gradle/caches/8.9/transforms/c85c7a369295bb218c7dd51f8249c26d-d6a37501-5a8e-43be-9053-e2cb18a28371/transformed/com.google.android.material/interpolator-v21_m3_sys_motion_easing_linear.xml.flat
Compiling xml file /home/runner/.gradle/caches/8.9/transforms/1dde5f983d8d8b69105a239187db4900/transformed/appcompat-1.7.0/res/drawable/abc_ic_arrow_drop_right_black_24dp.xml to /home/runner/.gradle/caches/8.9/transforms/c6907b42fb7c86b6206a331dae96a92b-e08984fc-0a39-48ee-8b60-2ef14ae1c2b0/transformed/androidx.appcompat/drawable_abc_ic_arrow_drop_right_black_24dp.xml.flat
Compiling xml file /home/runner/.gradle/caches/8.9/transforms/b4d4520d3a7500151f758a57e313542a/transformed/material-1.12.0/res/interpolator-v21/m3_sys_motion_easing_standard_accelerate.xml to /home/runner/.gradle/caches/8.9/transforms/c85c7a369295bb218c7dd51f8249c26d-d6a37501-5a8e-43be-9053-e2cb18a28371/transformed/com.google.android.material/interpolator-v21_m3_sys_motion_easing_standard_accelerate.xml.flat
Compiling xml file /home/runner/.gradle/caches/8.9/transforms/1dde5f983d8d8b69105a239187db4900/transformed/appcompat-1.7.0/res/drawable/abc_ratingbar_material.xml to /home/runner/.gradle/caches/8.9/transforms/c6907b42fb7c86b6206a331dae96a92b-e08984fc-0a39-48ee-8b60-2ef14ae1c2b0/transformed/androidx.appcompat/drawable_abc_ratingbar_material.xml.flat
Compiling xml file /home/runner/.gradle/caches/8.9/transforms/b4d4520d3a7500151f758a57e313542a/transformed/material-1.12.0/res/interpolator-v21/m3_sys_motion_easing_standard_decelerate.xml to /home/runner/.gradle/caches/8.9/transforms/c85c7a369295bb218c7dd51f8249c26d-d6a37501-5a8e-43be-9053-e2cb18a28371/transformed/com.google.android.material/interpolator-v21_m3_sys_motion_easing_standard_decelerate.xml.flat
Compiling xml file /home/runner/.gradle/caches/8.9/transforms/1dde5f983d8d8b69105a239187db4900/transformed/appcompat-1.7.0/res/drawable/btn_checkbox_unchecked_mtrl.xml to /home/runner/.gradle/caches/8.9/transforms/c6907b42fb7c86b6206a331dae96a92b-e08984fc-0a39-48ee-8b60-2ef14ae1c2b0/transformed/androidx.appcompat/drawable_btn_checkbox_unchecked_mtrl.xml.flat
Compiling xml file /home/runner/.gradle/caches/8.9/transforms/b4d4520d3a7500151f758a57e313542a/transformed/material-1.12.0/res/interpolator-v21/m3_sys_motion_easing_emphasized_accelerate.xml to /home/runner/.gradle/caches/8.9/transforms/c85c7a369295bb218c7dd51f8249c26d-d6a37501-5a8e-43be-9053-e2cb18a28371/transformed/com.google.android.material/interpolator-v21_m3_sys_motion_easing_emphasized_accelerate.xml.flat
Compiling xml file /home/runner/.gradle/caches/8.9/transforms/1dde5f983d8d8b69105a239187db4900/transformed/appcompat-1.7.0/res/drawable/abc_ic_menu_selectall_mtrl_alpha.xml to /home/runner/.gradle/caches/8.9/transforms/c6907b42fb7c86b6206a331dae96a92b-e08984fc-0a39-48ee-8b60-2ef14ae1c2b0/transformed/androidx.appcompat/drawable_abc_ic_menu_selectall_mtrl_alpha.xml.flat
Compiling xml file /home/runner/.gradle/caches/8.9/transforms/1dde5f983d8d8b69105a239187db4900/transformed/appcompat-1.7.0/res/drawable/abc_ic_menu_cut_mtrl_alpha.xml to /home/runner/.gradle/caches/8.9/transforms/c6907b42fb7c86b6206a331dae96a92b-e08984fc-0a39-48ee-8b60-2ef14ae1c2b0/transformed/androidx.appcompat/drawable_abc_ic_menu_cut_mtrl_alpha.xml.flat
Compiling xml file /home/runner/.gradle/caches/8.9/transforms/b4d4520d3a7500151f758a57e313542a/transformed/material-1.12.0/res/interpolator-v21/mtrl_linear_out_slow_in.xml to /home/runner/.gradle/caches/8.9/transforms/c85c7a369295bb218c7dd51f8249c26d-d6a37501-5a8e-43be-9053-e2cb18a28371/transformed/com.google.android.material/interpolator-v21_mtrl_linear_out_slow_in.xml.flat
Compiling xml file /home/runner/.gradle/caches/8.9/transforms/1dde5f983d8d8b69105a239187db4900/transformed/appcompat-1.7.0/res/drawable/abc_list_selector_holo_light.xml to /home/runner/.gradle/caches/8.9/transforms/c6907b42fb7c86b6206a331dae96a92b-e08984fc-0a39-48ee-8b60-2ef14ae1c2b0/transformed/androidx.appcompat/drawable_abc_list_selector_holo_light.xml.flat
Compiling xml file /home/runner/.gradle/caches/8.9/transforms/b4d4520d3a7500151f758a57e313542a/transformed/material-1.12.0/res/interpolator-v21/m3_sys_motion_easing_emphasized.xml to /home/runner/.gradle/caches/8.9/transforms/c85c7a369295bb218c7dd51f8249c26d-d6a37501-5a8e-43be-9053-e2cb18a28371/transformed/com.google.android.material/interpolator-v21_m3_sys_motion_easing_emphasized.xml.flat
Compiling xml file /home/runner/.gradle/caches/8.9/transforms/1dde5f983d8d8b69105a239187db4900/transformed/appcompat-1.7.0/res/drawable/abc_star_black_48dp.xml to /home/runner/.gradle/caches/8.9/transforms/c6907b42fb7c86b6206a331dae96a92b-e08984fc-0a39-48ee-8b60-2ef14ae1c2b0/transformed/androidx.appcompat/drawable_abc_star_black_48dp.xml.flat
Compiling xml file /home/runner/.gradle/caches/8.9/transforms/b4d4520d3a7500151f758a57e313542a/transformed/material-1.12.0/res/interpolator-v21/mtrl_fast_out_slow_in.xml to /home/runner/.gradle/caches/8.9/transforms/c85c7a369295bb218c7dd51f8249c26d-d6a37501-5a8e-43be-9053-e2cb18a28371/transformed/com.google.android.material/interpolator-v21_mtrl_fast_out_slow_in.xml.flat
Compiling xml file /home/runner/.gradle/caches/8.9/transforms/1dde5f983d8d8b69105a239187db4900/transformed/appcompat-1.7.0/res/drawable/btn_checkbox_checked_to_unchecked_mtrl_animation.xml to /home/runner/.gradle/caches/8.9/transforms/c6907b42fb7c86b6206a331dae96a92b-e08984fc-0a39-48ee-8b60-2ef14ae1c2b0/transformed/androidx.appcompat/drawable_btn_checkbox_checked_to_unchecked_mtrl_animation.xml.flat
Compiling xml file /home/runner/.gradle/caches/8.9/transforms/b4d4520d3a7500151f758a57e313542a/transformed/material-1.12.0/res/interpolator-v21/m3_sys_motion_easing_emphasized_decelerate.xml to /home/runner/.gradle/caches/8.9/transforms/c85c7a369295bb218c7dd51f8249c26d-d6a37501-5a8e-43be-9053-e2cb18a28371/transformed/com.google.android.material/interpolator-v21_m3_sys_motion_easing_emphasized_decelerate.xml.flat
Compiling xml file /home/runner/.gradle/caches/8.9/transforms/1dde5f983d8d8b69105a239187db4900/transformed/appcompat-1.7.0/res/drawable/abc_star_half_black_48dp.xml to /home/runner/.gradle/caches/8.9/transforms/c6907b42fb7c86b6206a331dae96a92b-e08984fc-0a39-48ee-8b60-2ef14ae1c2b0/transformed/androidx.appcompat/drawable_abc_star_half_black_48dp.xml.flat
Compiling xml file /home/runner/.gradle/caches/8.9/transforms/b4d4520d3a7500151f758a57e313542a/transformed/material-1.12.0/res/interpolator-v21/mtrl_fast_out_linear_in.xml to /home/runner/.gradle/caches/8.9/transforms/c85c7a369295bb218c7dd51f8249c26d-d6a37501-5a8e-43be-9053-e2cb18a28371/transformed/com.google.android.material/interpolator-v21_mtrl_fast_out_linear_in.xml.flat
Compiling xml file /home/runner/.gradle/caches/8.9/transforms/1dde5f983d8d8b69105a239187db4900/transformed/appcompat-1.7.0/res/drawable/abc_cab_background_internal_bg.xml to /home/runner/.gradle/caches/8.9/transforms/c6907b42fb7c86b6206a331dae96a92b-e08984fc-0a39-48ee-8b60-2ef14ae1c2b0/transformed/androidx.appcompat/drawable_abc_cab_background_internal_bg.xml.flat
Compiling xml file /home/runner/.gradle/caches/8.9/transforms/1dde5f983d8d8b69105a239187db4900/transformed/appcompat-1.7.0/res/drawable/btn_checkbox_checked_mtrl.xml to /home/runner/.gradle/caches/8.9/transforms/c6907b42fb7c86b6206a331dae96a92b-e08984fc-0a39-48ee-8b60-2ef14ae1c2b0/transformed/androidx.appcompat/drawable_btn_checkbox_checked_mtrl.xml.flat
Compiling xml file /home/runner/.gradle/caches/8.9/transforms/b4d4520d3a7500151f758a57e313542a/transformed/material-1.12.0/res/interpolator-v21/m3_sys_motion_easing_standard.xml to /home/runner/.gradle/caches/8.9/transforms/c85c7a369295bb218c7dd51f8249c26d-d6a37501-5a8e-43be-9053-e2cb18a28371/transformed/com.google.android.material/interpolator-v21_m3_sys_motion_easing_standard.xml.flat
Compiling xml file /home/runner/.gradle/caches/8.9/transforms/b4d4520d3a7500151f758a57e313542a/transformed/material-1.12.0/res/interpolator/m3_sys_motion_easing_linear.xml to /home/runner/.gradle/caches/8.9/transforms/c85c7a369295bb218c7dd51f8249c26d-d6a37501-5a8e-43be-9053-e2cb18a28371/transformed/com.google.android.material/interpolator_m3_sys_motion_easing_linear.xml.flat
Compiling xml file /home/runner/.gradle/caches/8.9/transforms/1dde5f983d8d8b69105a239187db4900/transformed/appcompat-1.7.0/res/drawable/abc_ratingbar_indicator_material.xml to /home/runner/.gradle/caches/8.9/transforms/c6907b42fb7c86b6206a331dae96a92b-e08984fc-0a39-48ee-8b60-2ef14ae1c2b0/transformed/androidx.appcompat/drawable_abc_ratingbar_indicator_material.xml.flat
Compiling xml file /home/runner/.gradle/caches/8.9/transforms/b4d4520d3a7500151f758a57e313542a/transformed/material-1.12.0/res/interpolator/m3_sys_motion_easing_standard_accelerate.xml to /home/runner/.gradle/caches/8.9/transforms/c85c7a369295bb218c7dd51f8249c26d-d6a37501-5a8e-43be-9053-e2cb18a28371/transformed/com.google.android.material/interpolator_m3_sys_motion_easing_standard_accelerate.xml.flat
Compiling xml file /home/runner/.gradle/caches/8.9/transforms/1dde5f983d8d8b69105a239187db4900/transformed/appcompat-1.7.0/res/drawable/abc_cab_background_top_material.xml to /home/runner/.gradle/caches/8.9/transforms/c6907b42fb7c86b6206a331dae96a92b-e08984fc-0a39-48ee-8b60-2ef14ae1c2b0/transformed/androidx.appcompat/drawable_abc_cab_background_top_material.xml.flat
Compiling xml file /home/runner/.gradle/caches/8.9/transforms/b4d4520d3a7500151f758a57e313542a/transformed/material-1.12.0/res/interpolator/m3_sys_motion_easing_standard_decelerate.xml to /home/runner/.gradle/caches/8.9/transforms/c85c7a369295bb218c7dd51f8249c26d-d6a37501-5a8e-43be-9053-e2cb18a28371/transformed/com.google.android.material/interpolator_m3_sys_motion_easing_standard_decelerate.xml.flat
Compiling xml file /home/runner/.gradle/caches/8.9/transforms/1dde5f983d8d8b69105a239187db4900/transformed/appcompat-1.7.0/res/drawable/abc_ratingbar_small_material.xml to /home/runner/.gradle/caches/8.9/transforms/c6907b42fb7c86b6206a331dae96a92b-e08984fc-0a39-48ee-8b60-2ef14ae1c2b0/transformed/androidx.appcompat/drawable_abc_ratingbar_small_material.xml.flat
Compiling xml file /home/runner/.gradle/caches/8.9/transforms/b4d4520d3a7500151f758a57e313542a/transformed/material-1.12.0/res/interpolator/m3_sys_motion_easing_emphasized_accelerate.xml to /home/runner/.gradle/caches/8.9/transforms/c85c7a369295bb218c7dd51f8249c26d-d6a37501-5a8e-43be-9053-e2cb18a28371/transformed/com.google.android.material/interpolator_m3_sys_motion_easing_emphasized_accelerate.xml.flat
Compiling xml file /home/runner/.gradle/caches/8.9/transforms/1dde5f983d8d8b69105a239187db4900/transformed/appcompat-1.7.0/res/drawable/abc_seekbar_thumb_material.xml to /home/runner/.gradle/caches/8.9/transforms/c6907b42fb7c86b6206a331dae96a92b-e08984fc-0a39-48ee-8b60-2ef14ae1c2b0/transformed/androidx.appcompat/drawable_abc_seekbar_thumb_material.xml.flat
Compiling xml file /home/runner/.gradle/caches/8.9/transforms/b4d4520d3a7500151f758a57e313542a/transformed/material-1.12.0/res/interpolator/mtrl_linear_out_slow_in.xml to /home/runner/.gradle/caches/8.9/transforms/c85c7a369295bb218c7dd51f8249c26d-d6a37501-5a8e-43be-9053-e2cb18a28371/transformed/com.google.android.material/interpolator_mtrl_linear_out_slow_in.xml.flat
Compiling xml file /home/runner/.gradle/caches/8.9/transforms/b4d4520d3a7500151f758a57e313542a/transformed/material-1.12.0/res/interpolator/m3_sys_motion_easing_emphasized.xml to /home/runner/.gradle/caches/8.9/transforms/c85c7a369295bb218c7dd51f8249c26d-d6a37501-5a8e-43be-9053-e2cb18a28371/transformed/com.google.android.material/interpolator_m3_sys_motion_easing_emphasized.xml.flat
Compiling xml file /home/runner/.gradle/caches/8.9/transforms/1dde5f983d8d8b69105a239187db4900/transformed/appcompat-1.7.0/res/color-v23/abc_tint_switch_track.xml to /home/runner/.gradle/caches/8.9/transforms/c6907b42fb7c86b6206a331dae96a92b-e08984fc-0a39-48ee-8b60-2ef14ae1c2b0/transformed/androidx.appcompat/color-v23_abc_tint_switch_track.xml.flat
Compiling xml file /home/runner/.gradle/caches/8.9/transforms/b4d4520d3a7500151f758a57e313542a/transformed/material-1.12.0/res/interpolator/mtrl_fast_out_slow_in.xml to /home/runner/.gradle/caches/8.9/transforms/c85c7a369295bb218c7dd51f8249c26d-d6a37501-5a8e-43be-9053-e2cb18a28371/transformed/com.google.android.material/interpolator_mtrl_fast_out_slow_in.xml.flat
Compiling xml file /home/runner/.gradle/caches/8.9/transforms/1dde5f983d8d8b69105a239187db4900/transformed/appcompat-1.7.0/res/color-v23/abc_btn_colored_borderless_text_material.xml to /home/runner/.gradle/caches/8.9/transforms/c6907b42fb7c86b6206a331dae96a92b-e08984fc-0a39-48ee-8b60-2ef14ae1c2b0/transformed/androidx.appcompat/color-v23_abc_btn_colored_borderless_text_material.xml.flat
Compiling xml file /home/runner/.gradle/caches/8.9/transforms/b4d4520d3a7500151f758a57e313542a/transformed/material-1.12.0/res/interpolator/m3_sys_motion_easing_emphasized_decelerate.xml to /home/runner/.gradle/caches/8.9/transforms/c85c7a369295bb218c7dd51f8249c26d-d6a37501-5a8e-43be-9053-e2cb18a28371/transformed/com.google.android.material/interpolator_m3_sys_motion_easing_emphasized_decelerate.xml.flat
Compiling xml file /home/runner/.gradle/caches/8.9/transforms/b4d4520d3a7500151f758a57e313542a/transformed/material-1.12.0/res/interpolator/mtrl_fast_out_linear_in.xml to /home/runner/.gradle/caches/8.9/transforms/c85c7a369295bb218c7dd51f8249c26d-d6a37501-5a8e-43be-9053-e2cb18a28371/transformed/com.google.android.material/interpolator_mtrl_fast_out_linear_in.xml.flat
Compiling xml file /home/runner/.gradle/caches/8.9/transforms/1dde5f983d8d8b69105a239187db4900/transformed/appcompat-1.7.0/res/color-v23/abc_tint_edittext.xml to /home/runner/.gradle/caches/8.9/transforms/c6907b42fb7c86b6206a331dae96a92b-e08984fc-0a39-48ee-8b60-2ef14ae1c2b0/transformed/androidx.appcompat/color-v23_abc_tint_edittext.xml.flat
Compiling xml file /home/runner/.gradle/caches/8.9/transforms/b4d4520d3a7500151f758a57e313542a/transformed/material-1.12.0/res/interpolator/mtrl_linear.xml to /home/runner/.gradle/caches/8.9/transforms/c85c7a369295bb218c7dd51f8249c26d-d6a37501-5a8e-43be-9053-e2cb18a28371/transformed/com.google.android.material/interpolator_mtrl_linear.xml.flat
Compiling xml file /home/runner/.gradle/caches/8.9/transforms/1dde5f983d8d8b69105a239187db4900/transformed/appcompat-1.7.0/res/color-v23/abc_color_highlight_material.xml to /home/runner/.gradle/caches/8.9/transforms/c6907b42fb7c86b6206a331dae96a92b-e08984fc-0a39-48ee-8b60-2ef14ae1c2b0/transformed/androidx.appcompat/color-v23_abc_color_highlight_material.xml.flat
Compiling xml file /home/runner/.gradle/caches/8.9/transforms/b4d4520d3a7500151f758a57e313542a/transformed/material-1.12.0/res/interpolator/m3_sys_motion_easing_standard.xml to /home/runner/.gradle/caches/8.9/transforms/c85c7a369295bb218c7dd51f8249c26d-d6a37501-5a8e-43be-9053-e2cb18a28371/transformed/com.google.android.material/interpolator_m3_sys_motion_easing_standard.xml.flat
Compiling xml file /home/runner/.gradle/caches/8.9/transforms/1dde5f983d8d8b69105a239187db4900/transformed/appcompat-1.7.0/res/color-v23/abc_tint_default.xml to /home/runner/.gradle/caches/8.9/transforms/c6907b42fb7c86b6206a331dae96a92b-e08984fc-0a39-48ee-8b60-2ef14ae1c2b0/transformed/androidx.appcompat/color-v23_abc_tint_default.xml.flat
Compiling xml file /home/runner/.gradle/caches/8.9/transforms/b4d4520d3a7500151f758a57e313542a/transformed/material-1.12.0/res/drawable-v23/m3_radiobutton_ripple.xml to /home/runner/.gradle/caches/8.9/transforms/c85c7a369295bb218c7dd51f8249c26d-d6a37501-5a8e-43be-9053-e2cb18a28371/transformed/com.google.android.material/drawable-v23_m3_radiobutton_ripple.xml.flat
Compiling xml file /home/runner/.gradle/caches/8.9/transforms/1dde5f983d8d8b69105a239187db4900/transformed/appcompat-1.7.0/res/color-v23/abc_tint_spinner.xml to /home/runner/.gradle/caches/8.9/transforms/c6907b42fb7c86b6206a331dae96a92b-e08984fc-0a39-48ee-8b60-2ef14ae1c2b0/transformed/androidx.appcompat/color-v23_abc_tint_spinner.xml.flat
Compiling xml file /home/runner/.gradle/caches/8.9/transforms/1dde5f983d8d8b69105a239187db4900/transformed/appcompat-1.7.0/res/color-v23/abc_btn_colored_text_material.xml to /home/runner/.gradle/caches/8.9/transforms/c6907b42fb7c86b6206a331dae96a92b-e08984fc-0a39-48ee-8b60-2ef14ae1c2b0/transformed/androidx.appcompat/color-v23_abc_btn_colored_text_material.xml.flat
Compiling xml file /home/runner/.gradle/caches/8.9/transforms/1dde5f983d8d8b69105a239187db4900/transformed/appcompat-1.7.0/res/color-v23/abc_tint_btn_checkable.xml to /home/runner/.gradle/caches/8.9/transforms/c6907b42fb7c86b6206a331dae96a92b-e08984fc-0a39-48ee-8b60-2ef14ae1c2b0/transformed/androidx.appcompat/color-v23_abc_tint_btn_checkable.xml.flat
Compiling xml file /home/runner/.gradle/caches/8.9/transforms/1dde5f983d8d8b69105a239187db4900/transformed/appcompat-1.7.0/res/color-v23/abc_tint_seek_thumb.xml to /home/runner/.gradle/caches/8.9/transforms/c6907b42fb7c86b6206a331dae96a92b-e08984fc-0a39-48ee-8b60-2ef14ae1c2b0/transformed/androidx.appcompat/color-v23_abc_tint_seek_thumb.xml.flat
Compiling xml file /home/runner/.gradle/caches/8.9/transforms/1dde5f983d8d8b69105a239187db4900/transformed/appcompat-1.7.0/res/layout-watch-v20/abc_alert_dialog_button_bar_material.xml to /home/runner/.gradle/caches/8.9/transforms/c6907b42fb7c86b6206a331dae96a92b-e08984fc-0a39-48ee-8b60-2ef14ae1c2b0/transformed/androidx.appcompat/layout-watch-v20_abc_alert_dialog_button_bar_material.xml.flat
Compiling xml file /home/runner/.gradle/caches/8.9/transforms/b4d4520d3a7500151f758a57e313542a/transformed/material-1.12.0/res/drawable-v23/m3_tabs_background.xml to /home/runner/.gradle/caches/8.9/transforms/c85c7a369295bb218c7dd51f8249c26d-d6a37501-5a8e-43be-9053-e2cb18a28371/transformed/com.google.android.material/drawable-v23_m3_tabs_background.xml.flat
Compiling xml file /home/runner/.gradle/caches/8.9/transforms/1dde5f983d8d8b69105a239187db4900/transformed/appcompat-1.7.0/res/layout-watch-v20/abc_alert_dialog_title_material.xml to /home/runner/.gradle/caches/8.9/transforms/c6907b42fb7c86b6206a331dae96a92b-e08984fc-0a39-48ee-8b60-2ef14ae1c2b0/transformed/androidx.appcompat/layout-watch-v20_abc_alert_dialog_title_material.xml.flat
Compiling xml file /home/runner/.gradle/caches/8.9/transforms/b4d4520d3a7500151f758a57e313542a/transformed/material-1.12.0/res/drawable-v23/mtrl_popupmenu_background_overlay.xml to /home/runner/.gradle/caches/8.9/transforms/c85c7a369295bb218c7dd51f8249c26d-d6a37501-5a8e-43be-9053-e2cb18a28371/transformed/com.google.android.material/drawable-v23_mtrl_popupmenu_background_overlay.xml.flat
Compiling xml file /home/runner/.gradle/caches/8.9/transforms/b4d4520d3a7500151f758a57e313542a/transformed/material-1.12.0/res/drawable-v23/m3_selection_control_ripple.xml to /home/runner/.gradle/caches/8.9/transforms/c85c7a369295bb218c7dd51f8249c26d-d6a37501-5a8e-43be-9053-e2cb18a28371/transformed/com.google.android.material/drawable-v23_m3_selection_control_ripple.xml.flat
Compiling xml file /home/runner/.gradle/caches/8.9/transforms/b4d4520d3a7500151f758a57e313542a/transformed/material-1.12.0/res/drawable-v23/m3_tabs_transparent_background.xml to /home/runner/.gradle/caches/8.9/transforms/c85c7a369295bb218c7dd51f8249c26d-d6a37501-5a8e-43be-9053-e2cb18a28371/transformed/com.google.android.material/drawable-v23_m3_tabs_transparent_background.xml.flat
Compiling xml file /home/runner/.gradle/caches/8.9/transforms/b4d4520d3a7500151f758a57e313542a/transformed/material-1.12.0/res/color/m3_assist_chip_stroke_color.xml to /home/runner/.gradle/caches/8.9/transforms/c85c7a369295bb218c7dd51f8249c26d-d6a37501-5a8e-43be-9053-e2cb18a28371/transformed/com.google.android.material/color_m3_assist_chip_stroke_color.xml.flat
Compiling xml file /home/runner/.gradle/caches/8.9/transforms/b4d4520d3a7500151f758a57e313542a/transformed/material-1.12.0/res/color/material_on_background_disabled.xml to /home/runner/.gradle/caches/8.9/transforms/c85c7a369295bb218c7dd51f8249c26d-d6a37501-5a8e-43be-9053-e2cb18a28371/transformed/com.google.android.material/color_material_on_background_disabled.xml.flat
Compiling xml file /home/runner/.gradle/caches/8.9/transforms/b4d4520d3a7500151f758a57e313542a/transformed/material-1.12.0/res/color/m3_tabs_text_color.xml to /home/runner/.gradle/caches/8.9/transforms/c85c7a369295bb218c7dd51f8249c26d-d6a37501-5a8e-43be-9053-e2cb18a28371/transformed/com.google.android.material/color_m3_tabs_text_color.xml.flat
Compiling xml file /home/runner/.gradle/caches/8.9/transforms/b4d4520d3a7500151f758a57e313542a/transformed/material-1.12.0/res/color/mtrl_choice_chip_background_color.xml to /home/runner/.gradle/caches/8.9/transforms/c85c7a369295bb218c7dd51f8249c26d-d6a37501-5a8e-43be-9053-e2cb18a28371/transformed/com.google.android.material/color_mtrl_choice_chip_background_color.xml.flat
Compiling xml file /home/runner/.gradle/caches/8.9/transforms/b4d4520d3a7500151f758a57e313542a/transformed/material-1.12.0/res/color/m3_calendar_item_disabled_text.xml to /home/runner/.gradle/caches/8.9/transforms/c85c7a369295bb218c7dd51f8249c26d-d6a37501-5a8e-43be-9053-e2cb18a28371/transformed/com.google.android.material/color_m3_calendar_item_disabled_text.xml.flat
AAPT2 aapt2-8.5.2-11315950-linux Daemon #2: starting
Compiling xml file /home/runner/.gradle/caches/8.9/transforms/b4d4520d3a7500151f758a57e313542a/transformed/material-1.12.0/res/color/mtrl_filled_stroke_color.xml to /home/runner/.gradle/caches/8.9/transforms/c85c7a369295bb218c7dd51f8249c26d-d6a37501-5a8e-43be-9053-e2cb18a28371/transformed/com.google.android.material/color_mtrl_filled_stroke_color.xml.flat
Compiling xml file /home/runner/.gradle/caches/8.9/transforms/b4d4520d3a7500151f758a57e313542a/transformed/material-1.12.0/res/color/mtrl_btn_bg_color_selector.xml to /home/runner/.gradle/caches/8.9/transforms/c85c7a369295bb218c7dd51f8249c26d-d6a37501-5a8e-43be-9053-e2cb18a28371/transformed/com.google.android.material/color_mtrl_btn_bg_color_selector.xml.flat
Compiling xml file /home/runner/.gradle/caches/8.9/transforms/b4d4520d3a7500151f758a57e313542a/transformed/material-1.12.0/res/color/m3_default_color_secondary_text.xml to /home/runner/.gradle/caches/8.9/transforms/c85c7a369295bb218c7dd51f8249c26d-d6a37501-5a8e-43be-9053-e2cb18a28371/transformed/com.google.android.material/color_m3_default_color_secondary_text.xml.flat
Compiling xml file /home/runner/.gradle/caches/8.9/transforms/b4d4520d3a7500151f758a57e313542a/transformed/material-1.12.0/res/color/m3_appbar_overlay_color.xml to /home/runner/.gradle/caches/8.9/transforms/c85c7a369295bb218c7dd51f8249c26d-d6a37501-5a8e-43be-9053-e2cb18a28371/transformed/com.google.android.material/color_m3_appbar_overlay_color.xml.flat
Compiling xml file /home/runner/.gradle/caches/8.9/transforms/b4d4520d3a7500151f758a57e313542a/transformed/material-1.12.0/res/color/mtrl_tabs_icon_color_selector.xml to /home/runner/.gradle/caches/8.9/transforms/c85c7a369295bb218c7dd51f8249c26d-d6a37501-5a8e-43be-9053-e2cb18a28371/transformed/com.google.android.material/color_mtrl_tabs_icon_color_selector.xml.flat
Compiling xml file /home/runner/.gradle/caches/8.9/transforms/b4d4520d3a7500151f758a57e313542a/transformed/material-1.12.0/res/color/material_personalized_hint_foreground.xml to /home/runner/.gradle/caches/8.9/transforms/c85c7a369295bb218c7dd51f8249c26d-d6a37501-5a8e-43be-9053-e2cb18a28371/transformed/com.google.android.material/color_material_personalized_hint_foreground.xml.flat
Compiling xml file /home/runner/.gradle/caches/8.9/transforms/b4d4520d3a7500151f758a57e313542a/transformed/material-1.12.0/res/color/mtrl_tabs_icon_color_selector_colored.xml to /home/runner/.gradle/caches/8.9/transforms/c85c7a369295bb218c7dd51f8249c26d-d6a37501-5a8e-43be-9053-e2cb18a28371/transformed/com.google.android.material/color_mtrl_tabs_icon_color_selector_colored.xml.flat
Compiling xml file /home/runner/.gradle/caches/8.9/transforms/b4d4520d3a7500151f758a57e313542a/transformed/material-1.12.0/res/color/m3_slider_inactive_track_color_legacy.xml to /home/runner/.gradle/caches/8.9/transforms/c85c7a369295bb218c7dd51f8249c26d-d6a37501-5a8e-43be-9053-e2cb18a28371/transformed/com.google.android.material/color_m3_slider_inactive_track_color_legacy.xml.flat
Compiling xml file /home/runner/.gradle/caches/8.9/transforms/b4d4520d3a7500151f758a57e313542a/transformed/material-1.12.0/res/color/m3_assist_chip_icon_tint_color.xml to /home/runner/.gradle/caches/8.9/transforms/c85c7a369295bb218c7dd51f8249c26d-d6a37501-5a8e-43be-9053-e2cb18a28371/transformed/com.google.android.material/color_m3_assist_chip_icon_tint_color.xml.flat
Compiling xml file /home/runner/.gradle/caches/8.9/transforms/b4d4520d3a7500151f758a57e313542a/transformed/material-1.12.0/res/color/m3_popupmenu_overlay_color.xml to /home/runner/.gradle/caches/8.9/transforms/c85c7a369295bb218c7dd51f8249c26d-d6a37501-5a8e-43be-9053-e2cb18a28371/transformed/com.google.android.material/color_m3_popupmenu_overlay_color.xml.flat
Compiling xml file /home/runner/.gradle/caches/8.9/transforms/b4d4520d3a7500151f758a57e313542a/transformed/material-1.12.0/res/color/m3_navigation_rail_ripple_color_selector.xml to /home/runner/.gradle/caches/8.9/transforms/c85c7a369295bb218c7dd51f8249c26d-d6a37501-5a8e-43be-9053-e2cb18a28371/transformed/com.google.android.material/color_m3_navigation_rail_ripple_color_selector.xml.flat
Compiling xml file /home/runner/.gradle/caches/8.9/transforms/b4d4520d3a7500151f758a57e313542a/transformed/material-1.12.0/res/color/material_timepicker_clockface.xml to /home/runner/.gradle/caches/8.9/transforms/c85c7a369295bb218c7dd51f8249c26d-d6a37501-5a8e-43be-9053-e2cb18a28371/transformed/com.google.android.material/color_material_timepicker_clockface.xml.flat
Compiling xml file /home/runner/.gradle/caches/8.9/transforms/b4d4520d3a7500151f758a57e313542a/transformed/material-1.12.0/res/color/m3_default_color_primary_text.xml to /home/runner/.gradle/caches/8.9/transforms/c85c7a369295bb218c7dd51f8249c26d-d6a37501-5a8e-43be-9053-e2cb18a28371/transformed/com.google.android.material/color_m3_default_color_primary_text.xml.flat
Compiling xml file /home/runner/.gradle/caches/8.9/transforms/b4d4520d3a7500151f758a57e313542a/transformed/material-1.12.0/res/color/material_on_primary_emphasis_medium.xml to /home/runner/.gradle/caches/8.9/transforms/c85c7a369295bb218c7dd51f8249c26d-d6a37501-5a8e-43be-9053-e2cb18a28371/transformed/com.google.android.material/color_material_on_primary_emphasis_medium.xml.flat
Compiling xml file /home/runner/.gradle/caches/8.9/transforms/b4d4520d3a7500151f758a57e313542a/transformed/material-1.12.0/res/color/m3_timepicker_display_ripple_color.xml to /home/runner/.gradle/caches/8.9/transforms/c85c7a369295bb218c7dd51f8249c26d-d6a37501-5a8e-43be-9053-e2cb18a28371/transformed/com.google.android.material/color_m3_timepicker_display_ripple_color.xml.flat
Compiling xml file /home/runner/.gradle/caches/8.9/transforms/b4d4520d3a7500151f758a57e313542a/transformed/material-1.12.0/res/color/mtrl_navigation_bar_colored_item_tint.xml to /home/runner/.gradle/caches/8.9/transforms/c85c7a369295bb218c7dd51f8249c26d-d6a37501-5a8e-43be-9053-e2cb18a28371/transformed/com.google.android.material/color_mtrl_navigation_bar_colored_item_tint.xml.flat
Compiling xml file /home/runner/.gradle/caches/8.9/transforms/b4d4520d3a7500151f758a57e313542a/transformed/material-1.12.0/res/color/m3_timepicker_secondary_text_button_ripple_color.xml to /home/runner/.gradle/caches/8.9/transforms/c85c7a369295bb218c7dd51f8249c26d-d6a37501-5a8e-43be-9053-e2cb18a28371/transformed/com.google.android.material/color_m3_timepicker_secondary_text_button_ripple_color.xml.flat
Compiling xml file /home/runner/.gradle/caches/8.9/transforms/b4d4520d3a7500151f758a57e313542a/transformed/material-1.12.0/res/color/m3_checkbox_button_tint.xml to /home/runner/.gradle/caches/8.9/transforms/c85c7a369295bb218c7dd51f8249c26d-d6a37501-5a8e-43be-9053-e2cb18a28371/transformed/com.google.android.material/color_m3_checkbox_button_tint.xml.flat
Compiling xml file /home/runner/.gradle/caches/8.9/transforms/b4d4520d3a7500151f758a57e313542a/transformed/material-1.12.0/res/color/m3_button_background_color_selector.xml to /home/runner/.gradle/caches/8.9/transforms/c85c7a369295bb218c7dd51f8249c26d-d6a37501-5a8e-43be-9053-e2cb18a28371/transformed/com.google.android.material/color_m3_button_background_color_selector.xml.flat
Compiling xml file /home/runner/.gradle/caches/8.9/transforms/b4d4520d3a7500151f758a57e313542a/transformed/material-1.12.0/res/color/mtrl_indicator_text_color.xml to /home/runner/.gradle/caches/8.9/transforms/c85c7a369295bb218c7dd51f8249c26d-d6a37501-5a8e-43be-9053-e2cb18a28371/transformed/com.google.android.material/color_mtrl_indicator_text_color.xml.flat
Compiling xml file /home/runner/.gradle/caches/8.9/transforms/b4d4520d3a7500151f758a57e313542a/transformed/material-1.12.0/res/color/mtrl_btn_ripple_color.xml to /home/runner/.gradle/caches/8.9/transforms/c85c7a369295bb218c7dd51f8249c26d-d6a37501-5a8e-43be-9053-e2cb18a28371/transformed/com.google.android.material/color_mtrl_btn_ripple_color.xml.flat
Compiling xml file /home/runner/.gradle/caches/8.9/transforms/b4d4520d3a7500151f758a57e313542a/transformed/material-1.12.0/res/color/m3_efab_ripple_color_selector.xml to /home/runner/.gradle/caches/8.9/transforms/c85c7a369295bb218c7dd51f8249c26d-d6a37501-5a8e-43be-9053-e2cb18a28371/transformed/com.google.android.material/color_m3_efab_ripple_color_selector.xml.flat
Compiling xml file /home/runner/.gradle/caches/8.9/transforms/b4d4520d3a7500151f758a57e313542a/transformed/material-1.12.0/res/color/m3_chip_background_color.xml to /home/runner/.gradle/caches/8.9/transforms/c85c7a369295bb218c7dd51f8249c26d-d6a37501-5a8e-43be-9053-e2cb18a28371/transformed/com.google.android.material/color_m3_chip_background_color.xml.flat
Compiling xml file /home/runner/.gradle/caches/8.9/transforms/b4d4520d3a7500151f758a57e313542a/transformed/material-1.12.0/res/color/material_personalized_color_secondary_text_inverse.xml to /home/runner/.gradle/caches/8.9/transforms/c85c7a369295bb218c7dd51f8249c26d-d6a37501-5a8e-43be-9053-e2cb18a28371/transformed/com.google.android.material/color_material_personalized_color_secondary_text_inverse.xml.flat
Compiling xml file /home/runner/.gradle/caches/8.9/transforms/b4d4520d3a7500151f758a57e313542a/transformed/material-1.12.0/res/color/mtrl_on_primary_text_btn_text_color_selector.xml to /home/runner/.gradle/caches/8.9/transforms/c85c7a369295bb218c7dd51f8249c26d-d6a37501-5a8e-43be-9053-e2cb18a28371/transformed/com.google.android.material/color_mtrl_on_primary_text_btn_text_color_selector.xml.flat
Compiling xml file /home/runner/.gradle/caches/8.9/transforms/b4d4520d3a7500151f758a57e313542a/transformed/material-1.12.0/res/color/mtrl_chip_close_icon_tint.xml to /home/runner/.gradle/caches/8.9/transforms/c85c7a369295bb218c7dd51f8249c26d-d6a37501-5a8e-43be-9053-e2cb18a28371/transformed/com.google.android.material/color_mtrl_chip_close_icon_tint.xml.flat
Compiling xml file /home/runner/.gradle/caches/8.9/transforms/b4d4520d3a7500151f758a57e313542a/transformed/material-1.12.0/res/color/m3_highlighted_text.xml to /home/runner/.gradle/caches/8.9/transforms/c85c7a369295bb218c7dd51f8249c26d-d6a37501-5a8e-43be-9053-e2cb18a28371/transformed/com.google.android.material/color_m3_highlighted_text.xml.flat
Compiling xml file /home/runner/.gradle/caches/8.9/transforms/b4d4520d3a7500151f758a57e313542a/transformed/material-1.12.0/res/color/m3_simple_item_ripple_color.xml to /home/runner/.gradle/caches/8.9/transforms/c85c7a369295bb218c7dd51f8249c26d-d6a37501-5a8e-43be-9053-e2cb18a28371/transformed/com.google.android.material/color_m3_simple_item_ripple_color.xml.flat
Compiling xml file /home/runner/.gradle/caches/8.9/transforms/b4d4520d3a7500151f758a57e313542a/transformed/material-1.12.0/res/color/design_error.xml to /home/runner/.gradle/caches/8.9/transforms/c85c7a369295bb218c7dd51f8249c26d-d6a37501-5a8e-43be-9053-e2cb18a28371/transformed/com.google.android.material/color_design_error.xml.flat
Compiling xml file /home/runner/.gradle/caches/8.9/transforms/b4d4520d3a7500151f758a57e313542a/transformed/material-1.12.0/res/color/m3_dark_primary_text_disable_only.xml to /home/runner/.gradle/caches/8.9/transforms/c85c7a369295bb218c7dd51f8249c26d-d6a37501-5a8e-43be-9053-e2cb18a28371/transformed/com.google.android.material/color_m3_dark_primary_text_disable_only.xml.flat
Compiling xml file /home/runner/.gradle/caches/8.9/transforms/b4d4520d3a7500151f758a57e313542a/transformed/material-1.12.0/res/color/m3_timepicker_button_ripple_color.xml to /home/runner/.gradle/caches/8.9/transforms/c85c7a369295bb218c7dd51f8249c26d-d6a37501-5a8e-43be-9053-e2cb18a28371/transformed/com.google.android.material/color_m3_timepicker_button_ripple_color.xml.flat
Compiling xml file /home/runner/.gradle/caches/8.9/transforms/b4d4520d3a7500151f758a57e313542a/transformed/material-1.12.0/res/color/m3_tabs_ripple_color.xml to /home/runner/.gradle/caches/8.9/transforms/c85c7a369295bb218c7dd51f8249c26d-d6a37501-5a8e-43be-9053-e2cb18a28371/transformed/com.google.android.material/color_m3_tabs_ripple_color.xml.flat
Compiling xml file /home/runner/.gradle/caches/8.9/transforms/b4d4520d3a7500151f758a57e313542a/transformed/material-1.12.0/res/color/m3_tabs_ripple_color_secondary.xml to /home/runner/.gradle/caches/8.9/transforms/c85c7a369295bb218c7dd51f8249c26d-d6a37501-5a8e-43be-9053-e2cb18a28371/transformed/com.google.android.material/color_m3_tabs_ripple_color_secondary.xml.flat
Compiling xml file /home/runner/.gradle/caches/8.9/transforms/b4d4520d3a7500151f758a57e313542a/transformed/material-1.12.0/res/color/m3_tabs_icon_color.xml to /home/runner/.gradle/caches/8.9/transforms/c85c7a369295bb218c7dd51f8249c26d-d6a37501-5a8e-43be-9053-e2cb18a28371/transformed/com.google.android.material/color_m3_tabs_icon_color.xml.flat
Compiling xml file /home/runner/.gradle/caches/8.9/transforms/b4d4520d3a7500151f758a57e313542a/transformed/material-1.12.0/res/color/design_icon_tint.xml to /home/runner/.gradle/caches/8.9/transforms/c85c7a369295bb218c7dd51f8249c26d-d6a37501-5a8e-43be-9053-e2cb18a28371/transformed/com.google.android.material/color_design_icon_tint.xml.flat
Compiling xml file /home/runner/.gradle/caches/8.9/transforms/b4d4520d3a7500151f758a57e313542a/transformed/material-1.12.0/res/color/m3_icon_button_icon_color_selector.xml to /home/runner/.gradle/caches/8.9/transforms/c85c7a369295bb218c7dd51f8249c26d-d6a37501-5a8e-43be-9053-e2cb18a28371/transformed/com.google.android.material/color_m3_icon_button_icon_color_selector.xml.flat
Compiling xml file /home/runner/.gradle/caches/8.9/transforms/b4d4520d3a7500151f758a57e313542a/transformed/material-1.12.0/res/color/m3_slider_active_track_color.xml to /home/runner/.gradle/caches/8.9/transforms/c85c7a369295bb218c7dd51f8249c26d-d6a37501-5a8e-43be-9053-e2cb18a28371/transformed/com.google.android.material/color_m3_slider_active_track_color.xml.flat
Compiling xml file /home/runner/.gradle/caches/8.9/transforms/b4d4520d3a7500151f758a57e313542a/transformed/material-1.12.0/res/color/mtrl_filled_icon_tint.xml to /home/runner/.gradle/caches/8.9/transforms/c85c7a369295bb218c7dd51f8249c26d-d6a37501-5a8e-43be-9053-e2cb18a28371/transformed/com.google.android.material/color_mtrl_filled_icon_tint.xml.flat
Compiling xml file /home/runner/.gradle/caches/8.9/transforms/b4d4520d3a7500151f758a57e313542a/transformed/material-1.12.0/res/color/mtrl_fab_bg_color_selector.xml to /home/runner/.gradle/caches/8.9/transforms/c85c7a369295bb218c7dd51f8249c26d-d6a37501-5a8e-43be-9053-e2cb18a28371/transformed/com.google.android.material/color_mtrl_fab_bg_color_selector.xml.flat
Compiling xml file /home/runner/.gradle/caches/8.9/transforms/b4d4520d3a7500151f758a57e313542a/transformed/material-1.12.0/res/color/material_personalized_color_secondary_text.xml to /home/runner/.gradle/caches/8.9/transforms/c85c7a369295bb218c7dd51f8249c26d-d6a37501-5a8e-43be-9053-e2cb18a28371/transformed/com.google.android.material/color_material_personalized_color_secondary_text.xml.flat
Compiling xml file /home/runner/.gradle/caches/8.9/transforms/b4d4520d3a7500151f758a57e313542a/transformed/material-1.12.0/res/color/m3_tabs_text_color_secondary.xml to /home/runner/.gradle/caches/8.9/transforms/c85c7a369295bb218c7dd51f8249c26d-d6a37501-5a8e-43be-9053-e2cb18a28371/transformed/com.google.android.material/color_m3_tabs_text_color_secondary.xml.flat
Compiling xml file /home/runner/.gradle/caches/8.9/transforms/b4d4520d3a7500151f758a57e313542a/transformed/material-1.12.0/res/color/mtrl_text_btn_text_color_selector.xml to /home/runner/.gradle/caches/8.9/transforms/c85c7a369295bb218c7dd51f8249c26d-d6a37501-5a8e-43be-9053-e2cb18a28371/transformed/com.google.android.material/color_mtrl_text_btn_text_color_selector.xml.flat
Compiling xml file /home/runner/.gradle/caches/8.9/transforms/b4d4520d3a7500151f758a57e313542a/transformed/material-1.12.0/res/color/m3_switch_thumb_tint.xml to /home/runner/.gradle/caches/8.9/transforms/c85c7a369295bb218c7dd51f8249c26d-d6a37501-5a8e-43be-9053-e2cb18a28371/transformed/com.google.android.material/color_m3_switch_thumb_tint.xml.flat
Compiling xml file /home/runner/.gradle/caches/8.9/transforms/b4d4520d3a7500151f758a57e313542a/transformed/material-1.12.0/res/color/material_slider_inactive_track_color.xml to /home/runner/.gradle/caches/8.9/transforms/c85c7a369295bb218c7dd51f8249c26d-d6a37501-5a8e-43be-9053-e2cb18a28371/transformed/com.google.android.material/color_material_slider_inactive_track_color.xml.flat
Compiling xml file /home/runner/.gradle/caches/8.9/transforms/b4d4520d3a7500151f758a57e313542a/transformed/material-1.12.0/res/color/m3_slider_inactive_track_color.xml to /home/runner/.gradle/caches/8.9/transforms/c85c7a369295bb218c7dd51f8249c26d-d6a37501-5a8e-43be-9053-e2cb18a28371/transformed/com.google.android.material/color_m3_slider_inactive_track_color.xml.flat
Compiling xml file /home/runner/.gradle/caches/8.9/transforms/b4d4520d3a7500151f758a57e313542a/transformed/material-1.12.0/res/color/mtrl_navigation_bar_colored_ripple_color.xml to /home/runner/.gradle/caches/8.9/transforms/c85c7a369295bb218c7dd51f8249c26d-d6a37501-5a8e-43be-9053-e2cb18a28371/transformed/com.google.android.material/color_mtrl_navigation_bar_colored_ripple_color.xml.flat
Compiling xml file /home/runner/.gradle/caches/8.9/transforms/b4d4520d3a7500151f758a57e313542a/transformed/material-1.12.0/res/color/material_personalized_color_primary_text_inverse.xml to /home/runner/.gradle/caches/8.9/transforms/c85c7a369295bb218c7dd51f8249c26d-d6a37501-5a8e-43be-9053-e2cb18a28371/transformed/com.google.android.material/color_material_personalized_color_primary_text_inverse.xml.flat
Compiling xml file /home/runner/.gradle/caches/8.9/transforms/b4d4520d3a7500151f758a57e313542a/transformed/material-1.12.0/res/color/material_timepicker_clock_text_color.xml to /home/runner/.gradle/caches/8.9/transforms/c85c7a369295bb218c7dd51f8249c26d-d6a37501-5a8e-43be-9053-e2cb18a28371/transformed/com.google.android.material/color_material_timepicker_clock_text_color.xml.flat
Compiling xml file /home/runner/.gradle/caches/8.9/transforms/787953bedcf891eaa3abe20dc151e7f8/transformed/media3-session-1.4.1/res/drawable-anydpi-v21/media3_icon_star_unfilled.xml to /home/runner/.gradle/caches/8.9/transforms/0618ca56dd219651d35ac27662691c1a-c260d0d9-e773-4f67-b067-e41ac54cea2c/transformed/androidx.media3.session/drawable-anydpi-v21_media3_icon_star_unfilled.xml.flat
Compiling xml file /home/runner/.gradle/caches/8.9/transforms/787953bedcf891eaa3abe20dc151e7f8/transformed/media3-session-1.4.1/res/drawable-anydpi-v21/media3_icon_playlist_add.xml to /home/runner/.gradle/caches/8.9/transforms/0618ca56dd219651d35ac27662691c1a-c260d0d9-e773-4f67-b067-e41ac54cea2c/transformed/androidx.media3.session/drawable-anydpi-v21_media3_icon_playlist_add.xml.flat
Compiling xml file /home/runner/.gradle/caches/8.9/transforms/1dde5f983d8d8b69105a239187db4900/transformed/appcompat-1.7.0/res/interpolator/btn_radio_to_on_mtrl_animation_interpolator_0.xml to /home/runner/.gradle/caches/8.9/transforms/c6907b42fb7c86b6206a331dae96a92b-e08984fc-0a39-48ee-8b60-2ef14ae1c2b0/transformed/androidx.appcompat/interpolator_btn_radio_to_on_mtrl_animation_interpolator_0.xml.flat
Compiling xml file /home/runner/.gradle/caches/8.9/transforms/787953bedcf891eaa3abe20dc151e7f8/transformed/media3-session-1.4.1/res/drawable-anydpi-v21/media3_icon_flag_filled.xml to /home/runner/.gradle/caches/8.9/transforms/0618ca56dd219651d35ac27662691c1a-c260d0d9-e773-4f67-b067-e41ac54cea2c/transformed/androidx.media3.session/drawable-anydpi-v21_media3_icon_flag_filled.xml.flat
Compiling xml file /home/runner/.gradle/caches/8.9/transforms/787953bedcf891eaa3abe20dc151e7f8/transformed/media3-session-1.4.1/res/drawable-anydpi-v21/media3_icon_skip_forward.xml to /home/runner/.gradle/caches/8.9/transforms/0618ca56dd219651d35ac27662691c1a-c260d0d9-e773-4f67-b067-e41ac54cea2c/transformed/androidx.media3.session/drawable-anydpi-v21_media3_icon_skip_forward.xml.flat
Compiling xml file /home/runner/.gradle/caches/8.9/transforms/787953bedcf891eaa3abe20dc151e7f8/transformed/media3-session-1.4.1/res/drawable-anydpi-v21/media3_icon_share.xml to /home/runner/.gradle/caches/8.9/transforms/0618ca56dd219651d35ac27662691c1a-c260d0d9-e773-4f67-b067-e41ac54cea2c/transformed/androidx.media3.session/drawable-anydpi-v21_media3_icon_share.xml.flat
Compiling xml file /home/runner/.gradle/caches/8.9/transforms/787953bedcf891eaa3abe20dc151e7f8/transformed/media3-session-1.4.1/res/drawable-anydpi-v21/media3_icon_thumb_down_filled.xml to /home/runner/.gradle/caches/8.9/transforms/0618ca56dd219651d35ac27662691c1a-c260d0d9-e773-4f67-b067-e41ac54cea2c/transformed/androidx.media3.session/drawable-anydpi-v21_media3_icon_thumb_down_filled.xml.flat
Compiling xml file /home/runner/.gradle/caches/8.9/transforms/787953bedcf891eaa3abe20dc151e7f8/transformed/media3-session-1.4.1/res/drawable-anydpi-v21/media3_icon_subtitles_off.xml to /home/runner/.gradle/caches/8.9/transforms/0618ca56dd219651d35ac27662691c1a-c260d0d9-e773-4f67-b067-e41ac54cea2c/transformed/androidx.media3.session/drawable-anydpi-v21_media3_icon_subtitles_off.xml.flat
Compiling xml file /home/runner/.gradle/caches/8.9/transforms/787953bedcf891eaa3abe20dc151e7f8/transformed/media3-session-1.4.1/res/drawable-anydpi-v21/media3_icon_thumb_down_unfilled.xml to /home/runner/.gradle/caches/8.9/transforms/0618ca56dd219651d35ac27662691c1a-c260d0d9-e773-4f67-b067-e41ac54cea2c/transformed/androidx.media3.session/drawable-anydpi-v21_media3_icon_thumb_down_unfilled.xml.flat
Compiling xml file /home/runner/.gradle/caches/8.9/transforms/1dde5f983d8d8b69105a239187db4900/transformed/appcompat-1.7.0/res/interpolator/fast_out_slow_in.xml to /home/runner/.gradle/caches/8.9/transforms/c6907b42fb7c86b6206a331dae96a92b-e08984fc-0a39-48ee-8b60-2ef14ae1c2b0/transformed/androidx.appcompat/interpolator_fast_out_slow_in.xml.flat
Compiling xml file /home/runner/.gradle/caches/8.9/transforms/1dde5f983d8d8b69105a239187db4900/transformed/appcompat-1.7.0/res/interpolator/btn_radio_to_off_mtrl_animation_interpolator_0.xml to /home/runner/.gradle/caches/8.9/transforms/c6907b42fb7c86b6206a331dae96a92b-e08984fc-0a39-48ee-8b60-2ef14ae1c2b0/transformed/androidx.appcompat/interpolator_btn_radio_to_off_mtrl_animation_interpolator_0.xml.flat
Compiling xml file /home/runner/.gradle/caches/8.9/transforms/1dde5f983d8d8b69105a239187db4900/transformed/appcompat-1.7.0/res/interpolator/btn_checkbox_checked_mtrl_animation_interpolator_0.xml to /home/runner/.gradle/caches/8.9/transforms/c6907b42fb7c86b6206a331dae96a92b-e08984fc-0a39-48ee-8b60-2ef14ae1c2b0/transformed/androidx.appcompat/interpolator_btn_checkbox_checked_mtrl_animation_interpolator_0.xml.flat
Compiling xml file /home/runner/.gradle/caches/8.9/transforms/1dde5f983d8d8b69105a239187db4900/transformed/appcompat-1.7.0/res/interpolator/btn_checkbox_unchecked_mtrl_animation_interpolator_0.xml to /home/runner/.gradle/caches/8.9/transforms/c6907b42fb7c86b6206a331dae96a92b-e08984fc-0a39-48ee-8b60-2ef14ae1c2b0/transformed/androidx.appcompat/interpolator_btn_checkbox_unchecked_mtrl_animation_interpolator_0.xml.flat
Compiling xml file /home/runner/.gradle/caches/8.9/transforms/1dde5f983d8d8b69105a239187db4900/transformed/appcompat-1.7.0/res/interpolator/btn_checkbox_checked_mtrl_animation_interpolator_1.xml to /home/runner/.gradle/caches/8.9/transforms/c6907b42fb7c86b6206a331dae96a92b-e08984fc-0a39-48ee-8b60-2ef14ae1c2b0/transformed/androidx.appcompat/interpolator_btn_checkbox_checked_mtrl_animation_interpolator_1.xml.flat
Compiling xml file /home/runner/.gradle/caches/8.9/transforms/787953bedcf891eaa3abe20dc151e7f8/transformed/media3-session-1.4.1/res/drawable-anydpi-v21/media3_icon_skip_forward_30.xml to /home/runner/.gradle/caches/8.9/transforms/0618ca56dd219651d35ac27662691c1a-c260d0d9-e773-4f67-b067-e41ac54cea2c/transformed/androidx.media3.session/drawable-anydpi-v21_media3_icon_skip_forward_30.xml.flat
Compiling xml file /home/runner/.gradle/caches/8.9/transforms/787953bedcf891eaa3abe20dc151e7f8/transformed/media3-session-1.4.1/res/drawable-anydpi-v21/media3_icon_repeat_one.xml to /home/runner/.gradle/caches/8.9/transforms/0618ca56dd219651d35ac27662691c1a-c260d0d9-e773-4f67-b067-e41ac54cea2c/transformed/androidx.media3.session/drawable-anydpi-v21_media3_icon_repeat_one.xml.flat
Compiling xml file /home/runner/.gradle/caches/8.9/transforms/787953bedcf891eaa3abe20dc151e7f8/transformed/media3-session-1.4.1/res/drawable-anydpi-v21/media3_icon_signal.xml to /home/runner/.gradle/caches/8.9/transforms/0618ca56dd219651d35ac27662691c1a-c260d0d9-e773-4f67-b067-e41ac54cea2c/transformed/androidx.media3.session/drawable-anydpi-v21_media3_icon_signal.xml.flat
Compiling xml file /home/runner/.gradle/caches/8.9/transforms/787953bedcf891eaa3abe20dc151e7f8/transformed/media3-session-1.4.1/res/drawable-anydpi-v21/media3_icon_skip_forward_15.xml to /home/runner/.gradle/caches/8.9/transforms/0618ca56dd219651d35ac27662691c1a-c260d0d9-e773-4f67-b067-e41ac54cea2c/transformed/androidx.media3.session/drawable-anydpi-v21_media3_icon_skip_forward_15.xml.flat
Compiling xml file /home/runner/.gradle/caches/8.9/transforms/787953bedcf891eaa3abe20dc151e7f8/transformed/media3-session-1.4.1/res/drawable-anydpi-v21/media3_icon_flag_unfilled.xml to /home/runner/.gradle/caches/8.9/transforms/0618ca56dd219651d35ac27662691c1a-c260d0d9-e773-4f67-b067-e41ac54cea2c/transformed/androidx.media3.session/drawable-anydpi-v21_media3_icon_flag_unfilled.xml.flat
Compiling xml file /home/runner/.gradle/caches/8.9/transforms/b4d4520d3a7500151f758a57e313542a/transformed/material-1.12.0/res/color/m3_timepicker_button_background_color.xml to /home/runner/.gradle/caches/8.9/transforms/c85c7a369295bb218c7dd51f8249c26d-d6a37501-5a8e-43be-9053-e2cb18a28371/transformed/com.google.android.material/color_m3_timepicker_button_background_color.xml.flat
Compiling xml file /home/runner/.gradle/caches/8.9/transforms/1dde5f983d8d8b69105a239187db4900/transformed/appcompat-1.7.0/res/interpolator/btn_checkbox_unchecked_mtrl_animation_interpolator_1.xml to /home/runner/.gradle/caches/8.9/transforms/c6907b42fb7c86b6206a331dae96a92b-e08984fc-0a39-48ee-8b60-2ef14ae1c2b0/transformed/androidx.appcompat/interpolator_btn_checkbox_unchecked_mtrl_animation_interpolator_1.xml.flat
Compiling xml file /home/runner/.gradle/caches/8.9/transforms/b4d4520d3a7500151f758a57e313542a/transformed/material-1.12.0/res/color/m3_bottom_sheet_drag_handle_color.xml to /home/runner/.gradle/caches/8.9/transforms/c85c7a369295bb218c7dd51f8249c26d-d6a37501-5a8e-43be-9053-e2cb18a28371/transformed/com.google.android.material/color_m3_bottom_sheet_drag_handle_color.xml.flat
Compiling xml file /home/runner/.gradle/caches/8.9/transforms/b4d4520d3a7500151f758a57e313542a/transformed/material-1.12.0/res/color/mtrl_filled_background_color.xml to /home/runner/.gradle/caches/8.9/transforms/c85c7a369295bb218c7dd51f8249c26d-d6a37501-5a8e-43be-9053-e2cb18a28371/transformed/com.google.android.material/color_mtrl_filled_background_color.xml.flat
Compiling xml file /home/runner/.gradle/caches/8.9/transforms/787953bedcf891eaa3abe20dc151e7f8/transformed/media3-session-1.4.1/res/drawable-anydpi-v21/media3_icon_skip_back.xml to /home/runner/.gradle/caches/8.9/transforms/0618ca56dd219651d35ac27662691c1a-c260d0d9-e773-4f67-b067-e41ac54cea2c/transformed/androidx.media3.session/drawable-anydpi-v21_media3_icon_skip_back.xml.flat
Compiling xml file /home/runner/.gradle/caches/8.9/transforms/b4d4520d3a7500151f758a57e313542a/transformed/material-1.12.0/res/color/m3_navigation_item_background_color.xml to /home/runner/.gradle/caches/8.9/transforms/c85c7a369295bb218c7dd51f8249c26d-d6a37501-5a8e-43be-9053-e2cb18a28371/transformed/com.google.android.material/color_m3_navigation_item_background_color.xml.flat
Compiling xml file /home/runner/.gradle/caches/8.9/transforms/787953bedcf891eaa3abe20dc151e7f8/transformed/media3-session-1.4.1/res/drawable-anydpi-v21/media3_icon_plus.xml to /home/runner/.gradle/caches/8.9/transforms/0618ca56dd219651d35ac27662691c1a-c260d0d9-e773-4f67-b067-e41ac54cea2c/transformed/androidx.media3.session/drawable-anydpi-v21_media3_icon_plus.xml.flat
Compiling xml file /home/runner/.gradle/caches/8.9/transforms/b4d4520d3a7500151f758a57e313542a/transformed/material-1.12.0/res/color/mtrl_calendar_item_stroke_color.xml to /home/runner/.gradle/caches/8.9/transforms/c85c7a369295bb218c7dd51f8249c26d-d6a37501-5a8e-43be-9053-e2cb18a28371/transformed/com.google.android.material/color_mtrl_calendar_item_stroke_color.xml.flat
Compiling xml file /home/runner/.gradle/caches/8.9/transforms/787953bedcf891eaa3abe20dc151e7f8/transformed/media3-session-1.4.1/res/drawable-anydpi-v21/media3_icon_skip_back_10.xml to /home/runner/.gradle/caches/8.9/transforms/0618ca56dd219651d35ac27662691c1a-c260d0d9-e773-4f67-b067-e41ac54cea2c/transformed/androidx.media3.session/drawable-anydpi-v21_media3_icon_skip_back_10.xml.flat
Compiling xml file /home/runner/.gradle/caches/8.9/transforms/b4d4520d3a7500151f758a57e313542a/transformed/material-1.12.0/res/color/m3_fab_ripple_color_selector.xml to /home/runner/.gradle/caches/8.9/transforms/c85c7a369295bb218c7dd51f8249c26d-d6a37501-5a8e-43be-9053-e2cb18a28371/transformed/com.google.android.material/color_m3_fab_ripple_color_selector.xml.flat
Compiling xml file /home/runner/.gradle/caches/8.9/transforms/787953bedcf891eaa3abe20dc151e7f8/transformed/media3-session-1.4.1/res/drawable-anydpi-v21/media3_icon_thumb_up_unfilled.xml to /home/runner/.gradle/caches/8.9/transforms/0618ca56dd219651d35ac27662691c1a-c260d0d9-e773-4f67-b067-e41ac54cea2c/transformed/androidx.media3.session/drawable-anydpi-v21_media3_icon_thumb_up_unfilled.xml.flat
Compiling xml file /home/runner/.gradle/caches/8.9/transforms/b4d4520d3a7500151f758a57e313542a/transformed/material-1.12.0/res/color/mtrl_tabs_legacy_text_color_selector.xml to /home/runner/.gradle/caches/8.9/transforms/c85c7a369295bb218c7dd51f8249c26d-d6a37501-5a8e-43be-9053-e2cb18a28371/transformed/com.google.android.material/color_mtrl_tabs_legacy_text_color_selector.xml.flat
Compiling xml file /home/runner/.gradle/caches/8.9/transforms/787953bedcf891eaa3abe20dc151e7f8/transformed/media3-session-1.4.1/res/drawable-anydpi-v21/media3_icon_settings.xml to /home/runner/.gradle/caches/8.9/transforms/0618ca56dd219651d35ac27662691c1a-c260d0d9-e773-4f67-b067-e41ac54cea2c/transformed/androidx.media3.session/drawable-anydpi-v21_media3_icon_settings.xml.flat
Compiling xml file /home/runner/.gradle/caches/8.9/transforms/b4d4520d3a7500151f758a57e313542a/transformed/material-1.12.0/res/color/mtrl_choice_chip_text_color.xml to /home/runner/.gradle/caches/8.9/transforms/c85c7a369295bb218c7dd51f8249c26d-d6a37501-5a8e-43be-9053-e2cb18a28371/transformed/com.google.android.material/color_mtrl_choice_chip_text_color.xml.flat
Compiling xml file /home/runner/.gradle/caches/8.9/transforms/787953bedcf891eaa3abe20dc151e7f8/transformed/media3-session-1.4.1/res/drawable-anydpi-v21/media3_icon_artist.xml to /home/runner/.gradle/caches/8.9/transforms/0618ca56dd219651d35ac27662691c1a-c260d0d9-e773-4f67-b067-e41ac54cea2c/transformed/androidx.media3.session/drawable-anydpi-v21_media3_icon_artist.xml.flat
Compiling xml file /home/runner/.gradle/caches/8.9/transforms/b4d4520d3a7500151f758a57e313542a/transformed/material-1.12.0/res/color/m3_selection_control_ripple_color_selector.xml to /home/runner/.gradle/caches/8.9/transforms/c85c7a369295bb218c7dd51f8249c26d-d6a37501-5a8e-43be-9053-e2cb18a28371/transformed/com.google.android.material/color_m3_selection_control_ripple_color_selector.xml.flat
Compiling xml file /home/runner/.gradle/caches/8.9/transforms/787953bedcf891eaa3abe20dc151e7f8/transformed/media3-session-1.4.1/res/drawable-anydpi-v21/media3_icon_volume_down.xml to /home/runner/.gradle/caches/8.9/transforms/0618ca56dd219651d35ac27662691c1a-c260d0d9-e773-4f67-b067-e41ac54cea2c/transformed/androidx.media3.session/drawable-anydpi-v21_media3_icon_volume_down.xml.flat
Compiling xml file /home/runner/.gradle/caches/8.9/transforms/b4d4520d3a7500151f758a57e313542a/transformed/material-1.12.0/res/color/m3_chip_ripple_color.xml to /home/runner/.gradle/caches/8.9/transforms/c85c7a369295bb218c7dd51f8249c26d-d6a37501-5a8e-43be-9053-e2cb18a28371/transformed/com.google.android.material/color_m3_chip_ripple_color.xml.flat
Compiling xml file /home/runner/.gradle/caches/8.9/transforms/787953bedcf891eaa3abe20dc151e7f8/transformed/media3-session-1.4.1/res/drawable-anydpi-v21/media3_icon_shuffle_star.xml to /home/runner/.gradle/caches/8.9/transforms/0618ca56dd219651d35ac27662691c1a-c260d0d9-e773-4f67-b067-e41ac54cea2c/transformed/androidx.media3.session/drawable-anydpi-v21_media3_icon_shuffle_star.xml.flat
Compiling xml file /home/runner/.gradle/caches/8.9/transforms/b4d4520d3a7500151f758a57e313542a/transformed/material-1.12.0/res/color/mtrl_switch_thumb_icon_tint.xml to /home/runner/.gradle/caches/8.9/transforms/c85c7a369295bb218c7dd51f8249c26d-d6a37501-5a8e-43be-9053-e2cb18a28371/transformed/com.google.android.material/color_mtrl_switch_thumb_icon_tint.xml.flat
Compiling xml file /home/runner/.gradle/caches/8.9/transforms/787953bedcf891eaa3abe20dc151e7f8/transformed/media3-session-1.4.1/res/drawable-anydpi-v21/media3_icon_shuffle_off.xml to /home/runner/.gradle/caches/8.9/transforms/0618ca56dd219651d35ac27662691c1a-c260d0d9-e773-4f67-b067-e41ac54cea2c/transformed/androidx.media3.session/drawable-anydpi-v21_media3_icon_shuffle_off.xml.flat
Compiling xml file /home/runner/.gradle/caches/8.9/transforms/787953bedcf891eaa3abe20dc151e7f8/transformed/media3-session-1.4.1/res/drawable-anydpi-v21/media3_icon_bookmark_filled.xml to /home/runner/.gradle/caches/8.9/transforms/0618ca56dd219651d35ac27662691c1a-c260d0d9-e773-4f67-b067-e41ac54cea2c/transformed/androidx.media3.session/drawable-anydpi-v21_media3_icon_bookmark_filled.xml.flat
Compiling xml file /home/runner/.gradle/caches/8.9/transforms/787953bedcf891eaa3abe20dc151e7f8/transformed/media3-session-1.4.1/res/drawable-anydpi-v21/media3_icon_rewind.xml to /home/runner/.gradle/caches/8.9/transforms/0618ca56dd219651d35ac27662691c1a-c260d0d9-e773-4f67-b067-e41ac54cea2c/transformed/androidx.media3.session/drawable-anydpi-v21_media3_icon_rewind.xml.flat
Compiling xml file /home/runner/.gradle/caches/8.9/transforms/787953bedcf891eaa3abe20dc151e7f8/transformed/media3-session-1.4.1/res/drawable-anydpi-v21/media3_icon_playback_speed_1_8.xml to /home/runner/.gradle/caches/8.9/transforms/0618ca56dd219651d35ac27662691c1a-c260d0d9-e773-4f67-b067-e41ac54cea2c/transformed/androidx.media3.session/drawable-anydpi-v21_media3_icon_playback_speed_1_8.xml.flat
Compiling xml file /home/runner/.gradle/caches/8.9/transforms/787953bedcf891eaa3abe20dc151e7f8/transformed/media3-session-1.4.1/res/drawable-anydpi-v21/media3_icon_minus.xml to /home/runner/.gradle/caches/8.9/transforms/0618ca56dd219651d35ac27662691c1a-c260d0d9-e773-4f67-b067-e41ac54cea2c/transformed/androidx.media3.session/drawable-anydpi-v21_media3_icon_minus.xml.flat
Compiling xml file /home/runner/.gradle/caches/8.9/transforms/787953bedcf891eaa3abe20dc151e7f8/transformed/media3-session-1.4.1/res/drawable-anydpi-v21/media3_icon_heart_filled.xml to /home/runner/.gradle/caches/8.9/transforms/0618ca56dd219651d35ac27662691c1a-c260d0d9-e773-4f67-b067-e41ac54cea2c/transformed/androidx.media3.session/drawable-anydpi-v21_media3_icon_heart_filled.xml.flat
Compiling xml file /home/runner/.gradle/caches/8.9/transforms/787953bedcf891eaa3abe20dc151e7f8/transformed/media3-session-1.4.1/res/drawable-anydpi-v21/media3_icon_skip_back_30.xml to /home/runner/.gradle/caches/8.9/transforms/0618ca56dd219651d35ac27662691c1a-c260d0d9-e773-4f67-b067-e41ac54cea2c/transformed/androidx.media3.session/drawable-anydpi-v21_media3_icon_skip_back_30.xml.flat
Compiling xml file /home/runner/.gradle/caches/8.9/transforms/787953bedcf891eaa3abe20dc151e7f8/transformed/media3-session-1.4.1/res/drawable-anydpi-v21/media3_icon_volume_off.xml to /home/runner/.gradle/caches/8.9/transforms/0618ca56dd219651d35ac27662691c1a-c260d0d9-e773-4f67-b067-e41ac54cea2c/transformed/androidx.media3.session/drawable-anydpi-v21_media3_icon_volume_off.xml.flat
Compiling xml file /home/runner/.gradle/caches/8.9/transforms/787953bedcf891eaa3abe20dc151e7f8/transformed/media3-session-1.4.1/res/drawable-anydpi-v21/media3_icon_minus_circle_filled.xml to /home/runner/.gradle/caches/8.9/transforms/0618ca56dd219651d35ac27662691c1a-c260d0d9-e773-4f67-b067-e41ac54cea2c/transformed/androidx.media3.session/drawable-anydpi-v21_media3_icon_minus_circle_filled.xml.flat
Compiling xml file /home/runner/.gradle/caches/8.9/transforms/787953bedcf891eaa3abe20dc151e7f8/transformed/media3-session-1.4.1/res/drawable-anydpi-v21/media3_icon_queue_add.xml to /home/runner/.gradle/caches/8.9/transforms/0618ca56dd219651d35ac27662691c1a-c260d0d9-e773-4f67-b067-e41ac54cea2c/transformed/androidx.media3.session/drawable-anydpi-v21_media3_icon_queue_add.xml.flat
Compiling xml file /home/runner/.gradle/caches/8.9/transforms/787953bedcf891eaa3abe20dc151e7f8/transformed/media3-session-1.4.1/res/drawable-anydpi-v21/media3_icon_quality.xml to /home/runner/.gradle/caches/8.9/transforms/0618ca56dd219651d35ac27662691c1a-c260d0d9-e773-4f67-b067-e41ac54cea2c/transformed/androidx.media3.session/drawable-anydpi-v21_media3_icon_quality.xml.flat
Compiling xml file /home/runner/.gradle/caches/8.9/transforms/787953bedcf891eaa3abe20dc151e7f8/transformed/media3-session-1.4.1/res/drawable-anydpi-v21/media3_icon_next.xml to /home/runner/.gradle/caches/8.9/transforms/0618ca56dd219651d35ac27662691c1a-c260d0d9-e773-4f67-b067-e41ac54cea2c/transformed/androidx.media3.session/drawable-anydpi-v21_media3_icon_next.xml.flat
Compiling xml file /home/runner/.gradle/caches/8.9/transforms/787953bedcf891eaa3abe20dc151e7f8/transformed/media3-session-1.4.1/res/drawable-anydpi-v21/media3_icon_playback_speed_0_8.xml to /home/runner/.gradle/caches/8.9/transforms/0618ca56dd219651d35ac27662691c1a-c260d0d9-e773-4f67-b067-e41ac54cea2c/transformed/androidx.media3.session/drawable-anydpi-v21_media3_icon_playback_speed_0_8.xml.flat
Compiling xml file /home/runner/.gradle/caches/8.9/transforms/787953bedcf891eaa3abe20dc151e7f8/transformed/media3-session-1.4.1/res/drawable-anydpi-v21/media3_icon_plus_circle_filled.xml to /home/runner/.gradle/caches/8.9/transforms/0618ca56dd219651d35ac27662691c1a-c260d0d9-e773-4f67-b067-e41ac54cea2c/transformed/androidx.media3.session/drawable-anydpi-v21_media3_icon_plus_circle_filled.xml.flat
Compiling xml file /home/runner/.gradle/caches/8.9/transforms/787953bedcf891eaa3abe20dc151e7f8/transformed/media3-session-1.4.1/res/drawable-anydpi-v21/media3_icon_plus_circle_unfilled.xml to /home/runner/.gradle/caches/8.9/transforms/0618ca56dd219651d35ac27662691c1a-c260d0d9-e773-4f67-b067-e41ac54cea2c/transformed/androidx.media3.session/drawable-anydpi-v21_media3_icon_plus_circle_unfilled.xml.flat
Compiling xml file /home/runner/.gradle/caches/8.9/transforms/787953bedcf891eaa3abe20dc151e7f8/transformed/media3-session-1.4.1/res/drawable-anydpi-v21/media3_icon_fast_forward.xml to /home/runner/.gradle/caches/8.9/transforms/0618ca56dd219651d35ac27662691c1a-c260d0d9-e773-4f67-b067-e41ac54cea2c/transformed/androidx.media3.session/drawable-anydpi-v21_media3_icon_fast_forward.xml.flat
Compiling xml file /home/runner/.gradle/caches/8.9/transforms/787953bedcf891eaa3abe20dc151e7f8/transformed/media3-session-1.4.1/res/drawable-anydpi-v21/media3_icon_playback_speed.xml to /home/runner/.gradle/caches/8.9/transforms/0618ca56dd219651d35ac27662691c1a-c260d0d9-e773-4f67-b067-e41ac54cea2c/transformed/androidx.media3.session/drawable-anydpi-v21_media3_icon_playback_speed.xml.flat
Compiling xml file /home/runner/.gradle/caches/8.9/transforms/787953bedcf891eaa3abe20dc151e7f8/transformed/media3-session-1.4.1/res/drawable-anydpi-v21/media3_icon_shuffle_on.xml to /home/runner/.gradle/caches/8.9/transforms/0618ca56dd219651d35ac27662691c1a-c260d0d9-e773-4f67-b067-e41ac54cea2c/transformed/androidx.media3.session/drawable-anydpi-v21_media3_icon_shuffle_on.xml.flat
Compiling xml file /home/runner/.gradle/caches/8.9/transforms/787953bedcf891eaa3abe20dc151e7f8/transformed/media3-session-1.4.1/res/drawable-anydpi-v21/media3_icon_minus_circle_unfilled.xml to /home/runner/.gradle/caches/8.9/transforms/0618ca56dd219651d35ac27662691c1a-c260d0d9-e773-4f67-b067-e41ac54cea2c/transformed/androidx.media3.session/drawable-anydpi-v21_media3_icon_minus_circle_unfilled.xml.flat
Compiling xml file /home/runner/.gradle/caches/8.9/transforms/787953bedcf891eaa3abe20dc151e7f8/transformed/media3-session-1.4.1/res/drawable-anydpi-v21/media3_icon_star_filled.xml to /home/runner/.gradle/caches/8.9/transforms/0618ca56dd219651d35ac27662691c1a-c260d0d9-e773-4f67-b067-e41ac54cea2c/transformed/androidx.media3.session/drawable-anydpi-v21_media3_icon_star_filled.xml.flat
Compiling xml file /home/runner/.gradle/caches/8.9/transforms/787953bedcf891eaa3abe20dc151e7f8/transformed/media3-session-1.4.1/res/drawable-anydpi-v21/media3_icon_subtitles.xml to /home/runner/.gradle/caches/8.9/transforms/0618ca56dd219651d35ac27662691c1a-c260d0d9-e773-4f67-b067-e41ac54cea2c/transformed/androidx.media3.session/drawable-anydpi-v21_media3_icon_subtitles.xml.flat
Compiling xml file /home/runner/.gradle/caches/8.9/transforms/787953bedcf891eaa3abe20dc151e7f8/transformed/media3-session-1.4.1/res/drawable-anydpi-v21/media3_icon_playlist_remove.xml to /home/runner/.gradle/caches/8.9/transforms/0618ca56dd219651d35ac27662691c1a-c260d0d9-e773-4f67-b067-e41ac54cea2c/transformed/androidx.media3.session/drawable-anydpi-v21_media3_icon_playlist_remove.xml.flat
Compiling xml file /home/runner/.gradle/caches/8.9/transforms/787953bedcf891eaa3abe20dc151e7f8/transformed/media3-session-1.4.1/res/drawable-anydpi-v21/media3_icon_check_circle_unfilled.xml to /home/runner/.gradle/caches/8.9/transforms/0618ca56dd219651d35ac27662691c1a-c260d0d9-e773-4f67-b067-e41ac54cea2c/transformed/androidx.media3.session/drawable-anydpi-v21_media3_icon_check_circle_unfilled.xml.flat
Compiling xml file /home/runner/.gradle/caches/8.9/transforms/787953bedcf891eaa3abe20dc151e7f8/transformed/media3-session-1.4.1/res/drawable-anydpi-v21/media3_icon_playback_speed_2_0.xml to /home/runner/.gradle/caches/8.9/transforms/0618ca56dd219651d35ac27662691c1a-c260d0d9-e773-4f67-b067-e41ac54cea2c/transformed/androidx.media3.session/drawable-anydpi-v21_media3_icon_playback_speed_2_0.xml.flat
Compiling xml file /home/runner/.gradle/caches/8.9/transforms/787953bedcf891eaa3abe20dc151e7f8/transformed/media3-session-1.4.1/res/drawable-anydpi-v21/media3_icon_playback_speed_1_0.xml to /home/runner/.gradle/caches/8.9/transforms/0618ca56dd219651d35ac27662691c1a-c260d0d9-e773-4f67-b067-e41ac54cea2c/transformed/androidx.media3.session/drawable-anydpi-v21_media3_icon_playback_speed_1_0.xml.flat
Compiling xml file /home/runner/.gradle/caches/8.9/transforms/b4d4520d3a7500151f758a57e313542a/transformed/material-1.12.0/res/color/m3_dark_hint_foreground.xml to /home/runner/.gradle/caches/8.9/transforms/c85c7a369295bb218c7dd51f8249c26d-d6a37501-5a8e-43be-9053-e2cb18a28371/transformed/com.google.android.material/color_m3_dark_hint_foreground.xml.flat
Compiling xml file /home/runner/.gradle/caches/8.9/transforms/787953bedcf891eaa3abe20dc151e7f8/transformed/media3-session-1.4.1/res/drawable-anydpi-v21/media3_icon_stop.xml to /home/runner/.gradle/caches/8.9/transforms/0618ca56dd219651d35ac27662691c1a-c260d0d9-e773-4f67-b067-e41ac54cea2c/transformed/androidx.media3.session/drawable-anydpi-v21_media3_icon_stop.xml.flat
Compiling xml file /home/runner/.gradle/caches/8.9/transforms/b4d4520d3a7500151f758a57e313542a/transformed/material-1.12.0/res/color/m3_timepicker_time_input_stroke_color.xml to /home/runner/.gradle/caches/8.9/transforms/c85c7a369295bb218c7dd51f8249c26d-d6a37501-5a8e-43be-9053-e2cb18a28371/transformed/com.google.android.material/color_m3_timepicker_time_input_stroke_color.xml.flat
Compiling xml file /home/runner/.gradle/caches/8.9/transforms/787953bedcf891eaa3abe20dc151e7f8/transformed/media3-session-1.4.1/res/drawable-anydpi-v21/media3_icon_bookmark_unfilled.xml to /home/runner/.gradle/caches/8.9/transforms/0618ca56dd219651d35ac27662691c1a-c260d0d9-e773-4f67-b067-e41ac54cea2c/transformed/androidx.media3.session/drawable-anydpi-v21_media3_icon_bookmark_unfilled.xml.flat
Compiling xml file /home/runner/.gradle/caches/8.9/transforms/b4d4520d3a7500151f758a57e313542a/transformed/material-1.12.0/res/color/material_on_surface_emphasis_high_type.xml to /home/runner/.gradle/caches/8.9/transforms/c85c7a369295bb218c7dd51f8249c26d-d6a37501-5a8e-43be-9053-e2cb18a28371/transformed/com.google.android.material/color_material_on_surface_emphasis_high_type.xml.flat
Compiling xml file /home/runner/.gradle/caches/8.9/transforms/787953bedcf891eaa3abe20dc151e7f8/transformed/media3-session-1.4.1/res/drawable-anydpi-v21/media3_icon_thumb_up_filled.xml to /home/runner/.gradle/caches/8.9/transforms/0618ca56dd219651d35ac27662691c1a-c260d0d9-e773-4f67-b067-e41ac54cea2c/transformed/androidx.media3.session/drawable-anydpi-v21_media3_icon_thumb_up_filled.xml.flat
Compiling xml file /home/runner/.gradle/caches/8.9/transforms/b4d4520d3a7500151f758a57e313542a/transformed/material-1.12.0/res/color/mtrl_navigation_bar_item_tint.xml to /home/runner/.gradle/caches/8.9/transforms/c85c7a369295bb218c7dd51f8249c26d-d6a37501-5a8e-43be-9053-e2cb18a28371/transformed/com.google.android.material/color_mtrl_navigation_bar_item_tint.xml.flat
Compiling xml file /home/runner/.gradle/caches/8.9/transforms/787953bedcf891eaa3abe20dc151e7f8/transformed/media3-session-1.4.1/res/drawable-anydpi-v21/media3_icon_closed_captions_off.xml to /home/runner/.gradle/caches/8.9/transforms/0618ca56dd219651d35ac27662691c1a-c260d0d9-e773-4f67-b067-e41ac54cea2c/transformed/androidx.media3.session/drawable-anydpi-v21_media3_icon_closed_captions_off.xml.flat
Compiling xml file /home/runner/.gradle/caches/8.9/transforms/b4d4520d3a7500151f758a57e313542a/transformed/material-1.12.0/res/color/mtrl_error.xml to /home/runner/.gradle/caches/8.9/transforms/c85c7a369295bb218c7dd51f8249c26d-d6a37501-5a8e-43be-9053-e2cb18a28371/transformed/com.google.android.material/color_mtrl_error.xml.flat
Compiling xml file /home/runner/.gradle/caches/8.9/transforms/b4d4520d3a7500151f758a57e313542a/transformed/material-1.12.0/res/color/m3_textfield_stroke_color.xml to /home/runner/.gradle/caches/8.9/transforms/c85c7a369295bb218c7dd51f8249c26d-d6a37501-5a8e-43be-9053-e2cb18a28371/transformed/com.google.android.material/color_m3_textfield_stroke_color.xml.flat
Compiling xml file /home/runner/.gradle/caches/8.9/transforms/787953bedcf891eaa3abe20dc151e7f8/transformed/media3-session-1.4.1/res/drawable-anydpi-v21/media3_icon_heart_unfilled.xml to /home/runner/.gradle/caches/8.9/transforms/0618ca56dd219651d35ac27662691c1a-c260d0d9-e773-4f67-b067-e41ac54cea2c/transformed/androidx.media3.session/drawable-anydpi-v21_media3_icon_heart_unfilled.xml.flat
Compiling xml file /home/runner/.gradle/caches/8.9/transforms/b4d4520d3a7500151f758a57e313542a/transformed/material-1.12.0/res/color/m3_button_ripple_color.xml to /home/runner/.gradle/caches/8.9/transforms/c85c7a369295bb218c7dd51f8249c26d-d6a37501-5a8e-43be-9053-e2cb18a28371/transformed/com.google.android.material/color_m3_button_ripple_color.xml.flat
Compiling xml file /home/runner/.gradle/caches/8.9/transforms/787953bedcf891eaa3abe20dc151e7f8/transformed/media3-session-1.4.1/res/drawable-anydpi-v21/media3_icon_repeat_all.xml to /home/runner/.gradle/caches/8.9/transforms/0618ca56dd219651d35ac27662691c1a-c260d0d9-e773-4f67-b067-e41ac54cea2c/transformed/androidx.media3.session/drawable-anydpi-v21_media3_icon_repeat_all.xml.flat
Compiling xml file /home/runner/.gradle/caches/8.9/transforms/b4d4520d3a7500151f758a57e313542a/transformed/material-1.12.0/res/color/m3_button_foreground_color_selector.xml to /home/runner/.gradle/caches/8.9/transforms/c85c7a369295bb218c7dd51f8249c26d-d6a37501-5a8e-43be-9053-e2cb18a28371/transformed/com.google.android.material/color_m3_button_foreground_color_selector.xml.flat
Compiling xml file /home/runner/.gradle/caches/8.9/transforms/787953bedcf891eaa3abe20dc151e7f8/transformed/media3-session-1.4.1/res/drawable-anydpi-v21/media3_icon_skip_back_5.xml to /home/runner/.gradle/caches/8.9/transforms/0618ca56dd219651d35ac27662691c1a-c260d0d9-e773-4f67-b067-e41ac54cea2c/transformed/androidx.media3.session/drawable-anydpi-v21_media3_icon_skip_back_5.xml.flat
Compiling xml file /home/runner/.gradle/caches/8.9/transforms/b4d4520d3a7500151f758a57e313542a/transformed/material-1.12.0/res/color/m3_slider_active_track_color_legacy.xml to /home/runner/.gradle/caches/8.9/transforms/c85c7a369295bb218c7dd51f8249c26d-d6a37501-5a8e-43be-9053-e2cb18a28371/transformed/com.google.android.material/color_m3_slider_active_track_color_legacy.xml.flat
Compiling xml file /home/runner/.gradle/caches/8.9/transforms/787953bedcf891eaa3abe20dc151e7f8/transformed/media3-session-1.4.1/res/drawable-anydpi-v21/media3_icon_pause.xml to /home/runner/.gradle/caches/8.9/transforms/0618ca56dd219651d35ac27662691c1a-c260d0d9-e773-4f67-b067-e41ac54cea2c/transformed/androidx.media3.session/drawable-anydpi-v21_media3_icon_pause.xml.flat
Compiling xml file /home/runner/.gradle/caches/8.9/transforms/b4d4520d3a7500151f758a57e313542a/transformed/material-1.12.0/res/color/mtrl_fab_icon_text_color_selector.xml to /home/runner/.gradle/caches/8.9/transforms/c85c7a369295bb218c7dd51f8249c26d-d6a37501-5a8e-43be-9053-e2cb18a28371/transformed/com.google.android.material/color_mtrl_fab_icon_text_color_selector.xml.flat
Compiling xml file /home/runner/.gradle/caches/8.9/transforms/787953bedcf891eaa3abe20dc151e7f8/transformed/media3-session-1.4.1/res/drawable-anydpi-v21/media3_icon_volume_up.xml to /home/runner/.gradle/caches/8.9/transforms/0618ca56dd219651d35ac27662691c1a-c260d0d9-e773-4f67-b067-e41ac54cea2c/transformed/androidx.media3.session/drawable-anydpi-v21_media3_icon_volume_up.xml.flat
Compiling xml file /home/runner/.gradle/caches/8.9/transforms/b4d4520d3a7500151f758a57e313542a/transformed/material-1.12.0/res/color/m3_text_button_ripple_color_selector.xml to /home/runner/.gradle/caches/8.9/transforms/c85c7a369295bb218c7dd51f8249c26d-d6a37501-5a8e-43be-9053-e2cb18a28371/transformed/com.google.android.material/color_m3_text_button_ripple_color_selector.xml.flat
Compiling xml file /home/runner/.gradle/caches/8.9/transforms/787953bedcf891eaa3abe20dc151e7f8/transformed/media3-session-1.4.1/res/drawable-anydpi-v21/media3_icon_sync.xml to /home/runner/.gradle/caches/8.9/transforms/0618ca56dd219651d35ac27662691c1a-c260d0d9-e773-4f67-b067-e41ac54cea2c/transformed/androidx.media3.session/drawable-anydpi-v21_media3_icon_sync.xml.flat
Compiling xml file /home/runner/.gradle/caches/8.9/transforms/b4d4520d3a7500151f758a57e313542a/transformed/material-1.12.0/res/color/m3_timepicker_display_text_color.xml to /home/runner/.gradle/caches/8.9/transforms/c85c7a369295bb218c7dd51f8249c26d-d6a37501-5a8e-43be-9053-e2cb18a28371/transformed/com.google.android.material/color_m3_timepicker_display_text_color.xml.flat
Compiling xml file /home/runner/.gradle/caches/8.9/transforms/787953bedcf891eaa3abe20dc151e7f8/transformed/media3-session-1.4.1/res/drawable-anydpi-v21/media3_icon_album.xml to /home/runner/.gradle/caches/8.9/transforms/0618ca56dd219651d35ac27662691c1a-c260d0d9-e773-4f67-b067-e41ac54cea2c/transformed/androidx.media3.session/drawable-anydpi-v21_media3_icon_album.xml.flat
Compiling xml file /home/runner/.gradle/caches/8.9/transforms/b4d4520d3a7500151f758a57e313542a/transformed/material-1.12.0/res/color/m3_chip_text_color.xml to /home/runner/.gradle/caches/8.9/transforms/c85c7a369295bb218c7dd51f8249c26d-d6a37501-5a8e-43be-9053-e2cb18a28371/transformed/com.google.android.material/color_m3_chip_text_color.xml.flat
Compiling xml file /home/runner/.gradle/caches/8.9/transforms/787953bedcf891eaa3abe20dc151e7f8/transformed/media3-session-1.4.1/res/drawable-anydpi-v21/media3_icon_check_circle_filled.xml to /home/runner/.gradle/caches/8.9/transforms/0618ca56dd219651d35ac27662691c1a-c260d0d9-e773-4f67-b067-e41ac54cea2c/transformed/androidx.media3.session/drawable-anydpi-v21_media3_icon_check_circle_filled.xml.flat
Compiling xml file /home/runner/.gradle/caches/8.9/transforms/787953bedcf891eaa3abe20dc151e7f8/transformed/media3-session-1.4.1/res/drawable-anydpi-v21/media3_icon_skip_forward_10.xml to /home/runner/.gradle/caches/8.9/transforms/0618ca56dd219651d35ac27662691c1a-c260d0d9-e773-4f67-b067-e41ac54cea2c/transformed/androidx.media3.session/drawable-anydpi-v21_media3_icon_skip_forward_10.xml.flat
Compiling xml file /home/runner/.gradle/caches/8.9/transforms/787953bedcf891eaa3abe20dc151e7f8/transformed/media3-session-1.4.1/res/drawable-anydpi-v21/media3_icon_playback_speed_1_5.xml to /home/runner/.gradle/caches/8.9/transforms/0618ca56dd219651d35ac27662691c1a-c260d0d9-e773-4f67-b067-e41ac54cea2c/transformed/androidx.media3.session/drawable-anydpi-v21_media3_icon_playback_speed_1_5.xml.flat
Compiling xml file /home/runner/.gradle/caches/8.9/transforms/787953bedcf891eaa3abe20dc151e7f8/transformed/media3-session-1.4.1/res/drawable-anydpi-v21/media3_icon_play.xml to /home/runner/.gradle/caches/8.9/transforms/0618ca56dd219651d35ac27662691c1a-c260d0d9-e773-4f67-b067-e41ac54cea2c/transformed/androidx.media3.session/drawable-anydpi-v21_media3_icon_play.xml.flat
Compiling xml file /home/runner/.gradle/caches/8.9/transforms/787953bedcf891eaa3abe20dc151e7f8/transformed/media3-session-1.4.1/res/drawable-anydpi-v21/media3_icon_queue_remove.xml to /home/runner/.gradle/caches/8.9/transforms/0618ca56dd219651d35ac27662691c1a-c260d0d9-e773-4f67-b067-e41ac54cea2c/transformed/androidx.media3.session/drawable-anydpi-v21_media3_icon_queue_remove.xml.flat
Compiling xml file /home/runner/.gradle/caches/8.9/transforms/787953bedcf891eaa3abe20dc151e7f8/transformed/media3-session-1.4.1/res/drawable-anydpi-v21/media3_icon_previous.xml to /home/runner/.gradle/caches/8.9/transforms/0618ca56dd219651d35ac27662691c1a-c260d0d9-e773-4f67-b067-e41ac54cea2c/transformed/androidx.media3.session/drawable-anydpi-v21_media3_icon_previous.xml.flat
Compiling xml file /home/runner/.gradle/caches/8.9/transforms/787953bedcf891eaa3abe20dc151e7f8/transformed/media3-session-1.4.1/res/drawable-anydpi-v21/media3_icon_feed.xml to /home/runner/.gradle/caches/8.9/transforms/0618ca56dd219651d35ac27662691c1a-c260d0d9-e773-4f67-b067-e41ac54cea2c/transformed/androidx.media3.session/drawable-anydpi-v21_media3_icon_feed.xml.flat
Compiling xml file /home/runner/.gradle/caches/8.9/transforms/787953bedcf891eaa3abe20dc151e7f8/transformed/media3-session-1.4.1/res/drawable-anydpi-v21/media3_icon_block.xml to /home/runner/.gradle/caches/8.9/transforms/0618ca56dd219651d35ac27662691c1a-c260d0d9-e773-4f67-b067-e41ac54cea2c/transformed/androidx.media3.session/drawable-anydpi-v21_media3_icon_block.xml.flat
Compiling xml file /home/runner/.gradle/caches/8.9/transforms/787953bedcf891eaa3abe20dc151e7f8/transformed/media3-session-1.4.1/res/drawable-anydpi-v21/media3_icon_playback_speed_0_5.xml to /home/runner/.gradle/caches/8.9/transforms/0618ca56dd219651d35ac27662691c1a-c260d0d9-e773-4f67-b067-e41ac54cea2c/transformed/androidx.media3.session/drawable-anydpi-v21_media3_icon_playback_speed_0_5.xml.flat
Compiling xml file /home/runner/.gradle/caches/8.9/transforms/787953bedcf891eaa3abe20dc151e7f8/transformed/media3-session-1.4.1/res/drawable-anydpi-v21/media_session_service_notification_ic_music_note.xml to /home/runner/.gradle/caches/8.9/transforms/0618ca56dd219651d35ac27662691c1a-c260d0d9-e773-4f67-b067-e41ac54cea2c/transformed/androidx.media3.session/drawable-anydpi-v21_media_session_service_notification_ic_music_note.xml.flat
Compiling xml file /home/runner/.gradle/caches/8.9/transforms/787953bedcf891eaa3abe20dc151e7f8/transformed/media3-session-1.4.1/res/drawable-anydpi-v21/media3_icon_queue_next.xml to /home/runner/.gradle/caches/8.9/transforms/0618ca56dd219651d35ac27662691c1a-c260d0d9-e773-4f67-b067-e41ac54cea2c/transformed/androidx.media3.session/drawable-anydpi-v21_media3_icon_queue_next.xml.flat
Compiling xml file /home/runner/.gradle/caches/8.9/transforms/787953bedcf891eaa3abe20dc151e7f8/transformed/media3-session-1.4.1/res/drawable-anydpi-v21/media3_icon_radio.xml to /home/runner/.gradle/caches/8.9/transforms/0618ca56dd219651d35ac27662691c1a-c260d0d9-e773-4f67-b067-e41ac54cea2c/transformed/androidx.media3.session/drawable-anydpi-v21_media3_icon_radio.xml.flat
Compiling xml file /home/runner/.gradle/caches/8.9/transforms/787953bedcf891eaa3abe20dc151e7f8/transformed/media3-session-1.4.1/res/drawable-anydpi-v21/media3_icon_closed_captions.xml to /home/runner/.gradle/caches/8.9/transforms/0618ca56dd219651d35ac27662691c1a-c260d0d9-e773-4f67-b067-e41ac54cea2c/transformed/androidx.media3.session/drawable-anydpi-v21_media3_icon_closed_captions.xml.flat
Compiling xml file /home/runner/.gradle/caches/8.9/transforms/787953bedcf891eaa3abe20dc151e7f8/transformed/media3-session-1.4.1/res/drawable-anydpi-v21/media3_icon_skip_back_15.xml to /home/runner/.gradle/caches/8.9/transforms/0618ca56dd219651d35ac27662691c1a-c260d0d9-e773-4f67-b067-e41ac54cea2c/transformed/androidx.media3.session/drawable-anydpi-v21_media3_icon_skip_back_15.xml.flat
Compiling xml file /home/runner/.gradle/caches/8.9/transforms/787953bedcf891eaa3abe20dc151e7f8/transformed/media3-session-1.4.1/res/drawable-anydpi-v21/media3_icon_repeat_off.xml to /home/runner/.gradle/caches/8.9/transforms/0618ca56dd219651d35ac27662691c1a-c260d0d9-e773-4f67-b067-e41ac54cea2c/transformed/androidx.media3.session/drawable-anydpi-v21_media3_icon_repeat_off.xml.flat
Compiling xml file /home/runner/.gradle/caches/8.9/transforms/787953bedcf891eaa3abe20dc151e7f8/transformed/media3-session-1.4.1/res/drawable-anydpi-v21/media3_icon_skip_forward_5.xml to /home/runner/.gradle/caches/8.9/transforms/0618ca56dd219651d35ac27662691c1a-c260d0d9-e773-4f67-b067-e41ac54cea2c/transformed/androidx.media3.session/drawable-anydpi-v21_media3_icon_skip_forward_5.xml.flat
Compiling xml file /home/runner/.gradle/caches/8.9/transforms/787953bedcf891eaa3abe20dc151e7f8/transformed/media3-session-1.4.1/res/drawable-anydpi-v21/media3_icon_playback_speed_1_2.xml to /home/runner/.gradle/caches/8.9/transforms/0618ca56dd219651d35ac27662691c1a-c260d0d9-e773-4f67-b067-e41ac54cea2c/transformed/androidx.media3.session/drawable-anydpi-v21_media3_icon_playback_speed_1_2.xml.flat
Compiling xml file /home/runner/.gradle/caches/8.9/transforms/b4d4520d3a7500151f758a57e313542a/transformed/material-1.12.0/res/color/material_slider_active_track_color.xml to /home/runner/.gradle/caches/8.9/transforms/c85c7a369295bb218c7dd51f8249c26d-d6a37501-5a8e-43be-9053-e2cb18a28371/transformed/com.google.android.material/color_material_slider_active_track_color.xml.flat
Compiling xml file /home/runner/.gradle/caches/8.9/transforms/b4d4520d3a7500151f758a57e313542a/transformed/material-1.12.0/res/color/mtrl_tabs_ripple_color.xml to /home/runner/.gradle/caches/8.9/transforms/c85c7a369295bb218c7dd51f8249c26d-d6a37501-5a8e-43be-9053-e2cb18a28371/transformed/com.google.android.material/color_mtrl_tabs_ripple_color.xml.flat
Compiling xml file /home/runner/.gradle/caches/8.9/transforms/b4d4520d3a7500151f758a57e313542a/transformed/material-1.12.0/res/color/mtrl_calendar_selected_range.xml to /home/runner/.gradle/caches/8.9/transforms/c85c7a369295bb218c7dd51f8249c26d-d6a37501-5a8e-43be-9053-e2cb18a28371/transformed/com.google.android.material/color_mtrl_calendar_selected_range.xml.flat
Compiling xml file /home/runner/.gradle/caches/8.9/transforms/b4d4520d3a7500151f758a57e313542a/transformed/material-1.12.0/res/color/m3_tabs_icon_color_secondary.xml to /home/runner/.gradle/caches/8.9/transforms/c85c7a369295bb218c7dd51f8249c26d-d6a37501-5a8e-43be-9053-e2cb18a28371/transformed/com.google.android.material/color_m3_tabs_icon_color_secondary.xml.flat
Compiling xml file /home/runner/.gradle/caches/8.9/transforms/b4d4520d3a7500151f758a57e313542a/transformed/material-1.12.0/res/color/m3_navigation_item_text_color.xml to /home/runner/.gradle/caches/8.9/transforms/c85c7a369295bb218c7dd51f8249c26d-d6a37501-5a8e-43be-9053-e2cb18a28371/transformed/com.google.android.material/color_m3_navigation_item_text_color.xml.flat
Compiling xml file /home/runner/.gradle/caches/8.9/transforms/b4d4520d3a7500151f758a57e313542a/transformed/material-1.12.0/res/color/mtrl_choice_chip_ripple_color.xml to /home/runner/.gradle/caches/8.9/transforms/c85c7a369295bb218c7dd51f8249c26d-d6a37501-5a8e-43be-9053-e2cb18a28371/transformed/com.google.android.material/color_mtrl_choice_chip_ripple_color.xml.flat
Compiling xml file /home/runner/.gradle/caches/8.9/transforms/b4d4520d3a7500151f758a57e313542a/transformed/material-1.12.0/res/color/m3_dark_highlighted_text.xml to /home/runner/.gradle/caches/8.9/transforms/c85c7a369295bb218c7dd51f8249c26d-d6a37501-5a8e-43be-9053-e2cb18a28371/transformed/com.google.android.material/color_m3_dark_highlighted_text.xml.flat
Compiling xml file /home/runner/.gradle/caches/8.9/transforms/b4d4520d3a7500151f758a57e313542a/transformed/material-1.12.0/res/color/mtrl_btn_stroke_color_selector.xml to /home/runner/.gradle/caches/8.9/transforms/c85c7a369295bb218c7dd51f8249c26d-d6a37501-5a8e-43be-9053-e2cb18a28371/transformed/com.google.android.material/color_mtrl_btn_stroke_color_selector.xml.flat
Compiling xml file /home/runner/.gradle/caches/8.9/transforms/b4d4520d3a7500151f758a57e313542a/transformed/material-1.12.0/res/color/mtrl_tabs_colored_ripple_color.xml to /home/runner/.gradle/caches/8.9/transforms/c85c7a369295bb218c7dd51f8249c26d-d6a37501-5a8e-43be-9053-e2cb18a28371/transformed/com.google.android.material/color_mtrl_tabs_colored_ripple_color.xml.flat
Compiling xml file /home/runner/.gradle/caches/8.9/transforms/b4d4520d3a7500151f758a57e313542a/transformed/material-1.12.0/res/color/m3_timepicker_button_text_color.xml to /home/runner/.gradle/caches/8.9/transforms/c85c7a369295bb218c7dd51f8249c26d-d6a37501-5a8e-43be-9053-e2cb18a28371/transformed/com.google.android.material/color_m3_timepicker_button_text_color.xml.flat
Compiling xml file /home/runner/.gradle/caches/8.9/transforms/b4d4520d3a7500151f758a57e313542a/transformed/material-1.12.0/res/color/mtrl_card_view_ripple.xml to /home/runner/.gradle/caches/8.9/transforms/c85c7a369295bb218c7dd51f8249c26d-d6a37501-5a8e-43be-9053-e2cb18a28371/transformed/com.google.android.material/color_mtrl_card_view_ripple.xml.flat
Compiling xml file /home/runner/.gradle/caches/8.9/transforms/b4d4520d3a7500151f758a57e313542a/transformed/material-1.12.0/res/color/mtrl_chip_text_color.xml to /home/runner/.gradle/caches/8.9/transforms/c85c7a369295bb218c7dd51f8249c26d-d6a37501-5a8e-43be-9053-e2cb18a28371/transformed/com.google.android.material/color_mtrl_chip_text_color.xml.flat
Compiling xml file /home/runner/.gradle/caches/8.9/transforms/b4d4520d3a7500151f758a57e313542a/transformed/material-1.12.0/res/color/material_personalized_color_primary_text.xml to /home/runner/.gradle/caches/8.9/transforms/c85c7a369295bb218c7dd51f8249c26d-d6a37501-5a8e-43be-9053-e2cb18a28371/transformed/com.google.android.material/color_material_personalized_color_primary_text.xml.flat
Compiling xml file /home/runner/.gradle/caches/8.9/transforms/b4d4520d3a7500151f758a57e313542a/transformed/material-1.12.0/res/color/mtrl_chip_surface_color.xml to /home/runner/.gradle/caches/8.9/transforms/c85c7a369295bb218c7dd51f8249c26d-d6a37501-5a8e-43be-9053-e2cb18a28371/transformed/com.google.android.material/color_mtrl_chip_surface_color.xml.flat
Compiling xml file /home/runner/.gradle/caches/8.9/transforms/b4d4520d3a7500151f758a57e313542a/transformed/material-1.12.0/res/color/mtrl_chip_background_color.xml to /home/runner/.gradle/caches/8.9/transforms/c85c7a369295bb218c7dd51f8249c26d-d6a37501-5a8e-43be-9053-e2cb18a28371/transformed/com.google.android.material/color_mtrl_chip_background_color.xml.flat
Compiling xml file /home/runner/.gradle/caches/8.9/transforms/b4d4520d3a7500151f758a57e313542a/transformed/material-1.12.0/res/color/mtrl_on_surface_ripple_color.xml to /home/runner/.gradle/caches/8.9/transforms/c85c7a369295bb218c7dd51f8249c26d-d6a37501-5a8e-43be-9053-e2cb18a28371/transformed/com.google.android.material/color_mtrl_on_surface_ripple_color.xml.flat
Compiling xml file /home/runner/.gradle/caches/8.9/transforms/b4d4520d3a7500151f758a57e313542a/transformed/material-1.12.0/res/color/mtrl_outlined_icon_tint.xml to /home/runner/.gradle/caches/8.9/transforms/c85c7a369295bb218c7dd51f8249c26d-d6a37501-5a8e-43be-9053-e2cb18a28371/transformed/com.google.android.material/color_mtrl_outlined_icon_tint.xml.flat
Compiling xml file /home/runner/.gradle/caches/8.9/transforms/b4d4520d3a7500151f758a57e313542a/transformed/material-1.12.0/res/color/m3_slider_halo_color_legacy.xml to /home/runner/.gradle/caches/8.9/transforms/c85c7a369295bb218c7dd51f8249c26d-d6a37501-5a8e-43be-9053-e2cb18a28371/transformed/com.google.android.material/color_m3_slider_halo_color_legacy.xml.flat
Compiling xml file /home/runner/.gradle/caches/8.9/transforms/b4d4520d3a7500151f758a57e313542a/transformed/material-1.12.0/res/color/m3_text_button_background_color_selector.xml to /home/runner/.gradle/caches/8.9/transforms/c85c7a369295bb218c7dd51f8249c26d-d6a37501-5a8e-43be-9053-e2cb18a28371/transformed/com.google.android.material/color_m3_text_button_background_color_selector.xml.flat
Compiling xml file /home/runner/.gradle/caches/8.9/transforms/b4d4520d3a7500151f758a57e313542a/transformed/material-1.12.0/res/color/m3_card_stroke_color.xml to /home/runner/.gradle/caches/8.9/transforms/c85c7a369295bb218c7dd51f8249c26d-d6a37501-5a8e-43be-9053-e2cb18a28371/transformed/com.google.android.material/color_m3_card_stroke_color.xml.flat
Compiling xml file /home/runner/.gradle/caches/8.9/transforms/b4d4520d3a7500151f758a57e313542a/transformed/material-1.12.0/res/color/m3_filled_icon_button_container_color_selector.xml to /home/runner/.gradle/caches/8.9/transforms/c85c7a369295bb218c7dd51f8249c26d-d6a37501-5a8e-43be-9053-e2cb18a28371/transformed/com.google.android.material/color_m3_filled_icon_button_container_color_selector.xml.flat
Compiling xml file /home/runner/.gradle/caches/8.9/transforms/b4d4520d3a7500151f758a57e313542a/transformed/material-1.12.0/res/color/mtrl_fab_ripple_color.xml to /home/runner/.gradle/caches/8.9/transforms/c85c7a369295bb218c7dd51f8249c26d-d6a37501-5a8e-43be-9053-e2cb18a28371/transformed/com.google.android.material/color_mtrl_fab_ripple_color.xml.flat
Compiling xml file /home/runner/.gradle/caches/8.9/transforms/b4d4520d3a7500151f758a57e313542a/transformed/material-1.12.0/res/color/material_slider_thumb_color.xml to /home/runner/.gradle/caches/8.9/transforms/c85c7a369295bb218c7dd51f8249c26d-d6a37501-5a8e-43be-9053-e2cb18a28371/transformed/com.google.android.material/color_material_slider_thumb_color.xml.flat
Compiling xml file /home/runner/.gradle/caches/8.9/transforms/b4d4520d3a7500151f758a57e313542a/transformed/material-1.12.0/res/color/material_timepicker_button_background.xml to /home/runner/.gradle/caches/8.9/transforms/c85c7a369295bb218c7dd51f8249c26d-d6a37501-5a8e-43be-9053-e2cb18a28371/transformed/com.google.android.material/color_material_timepicker_button_background.xml.flat
Compiling xml file /home/runner/.gradle/caches/8.9/transforms/b9c68220fce63fb5e94ecc1589f37798/transformed/media3-ui-1.4.1/res/drawable-anydpi-v21/exo_ic_forward.xml to /home/runner/.gradle/caches/8.9/transforms/39c2e6c39ba1bddaf2bb9fccf5eb8ed3-f479fa15-06b3-4898-aeaa-ee34aae46785/transformed/androidx.media3.ui/drawable-anydpi-v21_exo_ic_forward.xml.flat
Compiling xml file /home/runner/.gradle/caches/8.9/transforms/b4d4520d3a7500151f758a57e313542a/transformed/material-1.12.0/res/color/m3_navigation_rail_item_with_indicator_icon_tint.xml to /home/runner/.gradle/caches/8.9/transforms/c85c7a369295bb218c7dd51f8249c26d-d6a37501-5a8e-43be-9053-e2cb18a28371/transformed/com.google.android.material/color_m3_navigation_rail_item_with_indicator_icon_tint.xml.flat
Compiling xml file /home/runner/.gradle/caches/8.9/transforms/b9c68220fce63fb5e94ecc1589f37798/transformed/media3-ui-1.4.1/res/drawable-anydpi-v21/exo_icon_repeat_one.xml to /home/runner/.gradle/caches/8.9/transforms/39c2e6c39ba1bddaf2bb9fccf5eb8ed3-f479fa15-06b3-4898-aeaa-ee34aae46785/transformed/androidx.media3.ui/drawable-anydpi-v21_exo_icon_repeat_one.xml.flat
Compiling xml file /home/runner/.gradle/caches/8.9/transforms/b4d4520d3a7500151f758a57e313542a/transformed/material-1.12.0/res/color/m3_navigation_bar_ripple_color_selector.xml to /home/runner/.gradle/caches/8.9/transforms/c85c7a369295bb218c7dd51f8249c26d-d6a37501-5a8e-43be-9053-e2cb18a28371/transformed/com.google.android.material/color_m3_navigation_bar_ripple_color_selector.xml.flat
Compiling xml file /home/runner/.gradle/caches/8.9/transforms/b9c68220fce63fb5e94ecc1589f37798/transformed/media3-ui-1.4.1/res/drawable-anydpi-v21/exo_ic_audiotrack.xml to /home/runner/.gradle/caches/8.9/transforms/39c2e6c39ba1bddaf2bb9fccf5eb8ed3-f479fa15-06b3-4898-aeaa-ee34aae46785/transformed/androidx.media3.ui/drawable-anydpi-v21_exo_ic_audiotrack.xml.flat
Compiling xml file /home/runner/.gradle/caches/8.9/transforms/b4d4520d3a7500151f758a57e313542a/transformed/material-1.12.0/res/color/material_on_background_emphasis_high_type.xml to /home/runner/.gradle/caches/8.9/transforms/c85c7a369295bb218c7dd51f8249c26d-d6a37501-5a8e-43be-9053-e2cb18a28371/transformed/com.google.android.material/color_material_on_background_emphasis_high_type.xml.flat
Compiling xml file /home/runner/.gradle/caches/8.9/transforms/b9c68220fce63fb5e94ecc1589f37798/transformed/media3-ui-1.4.1/res/drawable-anydpi-v21/exo_ic_fullscreen_exit.xml to /home/runner/.gradle/caches/8.9/transforms/39c2e6c39ba1bddaf2bb9fccf5eb8ed3-f479fa15-06b3-4898-aeaa-ee34aae46785/transformed/androidx.media3.ui/drawable-anydpi-v21_exo_ic_fullscreen_exit.xml.flat
Compiling xml file /home/runner/.gradle/caches/8.9/transforms/b4d4520d3a7500151f758a57e313542a/transformed/material-1.12.0/res/color/m3_textfield_indicator_text_color.xml to /home/runner/.gradle/caches/8.9/transforms/c85c7a369295bb218c7dd51f8249c26d-d6a37501-5a8e-43be-9053-e2cb18a28371/transformed/com.google.android.material/color_m3_textfield_indicator_text_color.xml.flat
Compiling xml file /home/runner/.gradle/caches/8.9/transforms/b9c68220fce63fb5e94ecc1589f37798/transformed/media3-ui-1.4.1/res/drawable-anydpi-v21/exo_ic_subtitle_on.xml to /home/runner/.gradle/caches/8.9/transforms/39c2e6c39ba1bddaf2bb9fccf5eb8ed3-f479fa15-06b3-4898-aeaa-ee34aae46785/transformed/androidx.media3.ui/drawable-anydpi-v21_exo_ic_subtitle_on.xml.flat
Compiling xml file /home/runner/.gradle/caches/8.9/transforms/b4d4520d3a7500151f758a57e313542a/transformed/material-1.12.0/res/color/m3_button_ripple_color_selector.xml to /home/runner/.gradle/caches/8.9/transforms/c85c7a369295bb218c7dd51f8249c26d-d6a37501-5a8e-43be-9053-e2cb18a28371/transformed/com.google.android.material/color_m3_button_ripple_color_selector.xml.flat
Compiling xml file /home/runner/.gradle/caches/8.9/transforms/b9c68220fce63fb5e94ecc1589f37798/transformed/media3-ui-1.4.1/res/drawable-anydpi-v21/exo_ic_settings.xml to /home/runner/.gradle/caches/8.9/transforms/39c2e6c39ba1bddaf2bb9fccf5eb8ed3-f479fa15-06b3-4898-aeaa-ee34aae46785/transformed/androidx.media3.ui/drawable-anydpi-v21_exo_ic_settings.xml.flat
Compiling xml file /home/runner/.gradle/caches/8.9/transforms/b4d4520d3a7500151f758a57e313542a/transformed/material-1.12.0/res/color/m3_chip_assist_text_color.xml to /home/runner/.gradle/caches/8.9/transforms/c85c7a369295bb218c7dd51f8249c26d-d6a37501-5a8e-43be-9053-e2cb18a28371/transformed/com.google.android.material/color_m3_chip_assist_text_color.xml.flat
Compiling xml file /home/runner/.gradle/caches/8.9/transforms/b9c68220fce63fb5e94ecc1589f37798/transformed/media3-ui-1.4.1/res/drawable-anydpi-v21/exo_icon_rewind.xml to /home/runner/.gradle/caches/8.9/transforms/39c2e6c39ba1bddaf2bb9fccf5eb8ed3-f479fa15-06b3-4898-aeaa-ee34aae46785/transformed/androidx.media3.ui/drawable-anydpi-v21_exo_icon_rewind.xml.flat
Compiling xml file /home/runner/.gradle/caches/8.9/transforms/b9c68220fce63fb5e94ecc1589f37798/transformed/media3-ui-1.4.1/res/drawable-anydpi-v21/exo_icon_previous.xml to /home/runner/.gradle/caches/8.9/transforms/39c2e6c39ba1bddaf2bb9fccf5eb8ed3-f479fa15-06b3-4898-aeaa-ee34aae46785/transformed/androidx.media3.ui/drawable-anydpi-v21_exo_icon_previous.xml.flat
Compiling xml file /home/runner/.gradle/caches/8.9/transforms/b9c68220fce63fb5e94ecc1589f37798/transformed/media3-ui-1.4.1/res/drawable-anydpi-v21/exo_icon_play.xml to /home/runner/.gradle/caches/8.9/transforms/39c2e6c39ba1bddaf2bb9fccf5eb8ed3-f479fa15-06b3-4898-aeaa-ee34aae46785/transformed/androidx.media3.ui/drawable-anydpi-v21_exo_icon_play.xml.flat
Compiling xml file /home/runner/.gradle/caches/8.9/transforms/b9c68220fce63fb5e94ecc1589f37798/transformed/media3-ui-1.4.1/res/drawable-anydpi-v21/exo_icon_fullscreen_enter.xml to /home/runner/.gradle/caches/8.9/transforms/39c2e6c39ba1bddaf2bb9fccf5eb8ed3-f479fa15-06b3-4898-aeaa-ee34aae46785/transformed/androidx.media3.ui/drawable-anydpi-v21_exo_icon_fullscreen_enter.xml.flat
Compiling xml file /home/runner/.gradle/caches/8.9/transforms/b9c68220fce63fb5e94ecc1589f37798/transformed/media3-ui-1.4.1/res/drawable-anydpi-v21/exo_icon_shuffle_off.xml to /home/runner/.gradle/caches/8.9/transforms/39c2e6c39ba1bddaf2bb9fccf5eb8ed3-f479fa15-06b3-4898-aeaa-ee34aae46785/transformed/androidx.media3.ui/drawable-anydpi-v21_exo_icon_shuffle_off.xml.flat
Compiling xml file /home/runner/.gradle/caches/8.9/transforms/b9c68220fce63fb5e94ecc1589f37798/transformed/media3-ui-1.4.1/res/drawable-anydpi-v21/exo_ic_fullscreen_enter.xml to /home/runner/.gradle/caches/8.9/transforms/39c2e6c39ba1bddaf2bb9fccf5eb8ed3-f479fa15-06b3-4898-aeaa-ee34aae46785/transformed/androidx.media3.ui/drawable-anydpi-v21_exo_ic_fullscreen_enter.xml.flat
Compiling xml file /home/runner/.gradle/caches/8.9/transforms/b9c68220fce63fb5e94ecc1589f37798/transformed/media3-ui-1.4.1/res/drawable-anydpi-v21/exo_ic_check.xml to /home/runner/.gradle/caches/8.9/transforms/39c2e6c39ba1bddaf2bb9fccf5eb8ed3-f479fa15-06b3-4898-aeaa-ee34aae46785/transformed/androidx.media3.ui/drawable-anydpi-v21_exo_ic_check.xml.flat
Compiling xml file /home/runner/.gradle/caches/8.9/transforms/b9c68220fce63fb5e94ecc1589f37798/transformed/media3-ui-1.4.1/res/drawable-anydpi-v21/exo_icon_repeat_off.xml to /home/runner/.gradle/caches/8.9/transforms/39c2e6c39ba1bddaf2bb9fccf5eb8ed3-f479fa15-06b3-4898-aeaa-ee34aae46785/transformed/androidx.media3.ui/drawable-anydpi-v21_exo_icon_repeat_off.xml.flat
Compiling xml file /home/runner/.gradle/caches/8.9/transforms/b9c68220fce63fb5e94ecc1589f37798/transformed/media3-ui-1.4.1/res/drawable-anydpi-v21/exo_icon_shuffle_on.xml to /home/runner/.gradle/caches/8.9/transforms/39c2e6c39ba1bddaf2bb9fccf5eb8ed3-f479fa15-06b3-4898-aeaa-ee34aae46785/transformed/androidx.media3.ui/drawable-anydpi-v21_exo_icon_shuffle_on.xml.flat
Compiling xml file /home/runner/.gradle/caches/8.9/transforms/b9c68220fce63fb5e94ecc1589f37798/transformed/media3-ui-1.4.1/res/drawable-anydpi-v21/exo_icon_pause.xml to /home/runner/.gradle/caches/8.9/transforms/39c2e6c39ba1bddaf2bb9fccf5eb8ed3-f479fa15-06b3-4898-aeaa-ee34aae46785/transformed/androidx.media3.ui/drawable-anydpi-v21_exo_icon_pause.xml.flat
Compiling xml file /home/runner/.gradle/caches/8.9/transforms/b9c68220fce63fb5e94ecc1589f37798/transformed/media3-ui-1.4.1/res/drawable-anydpi-v21/exo_ic_play_circle_filled.xml to /home/runner/.gradle/caches/8.9/transforms/39c2e6c39ba1bddaf2bb9fccf5eb8ed3-f479fa15-06b3-4898-aeaa-ee34aae46785/transformed/androidx.media3.ui/drawable-anydpi-v21_exo_ic_play_circle_filled.xml.flat
Compiling xml file /home/runner/.gradle/caches/8.9/transforms/b4d4520d3a7500151f758a57e313542a/transformed/material-1.12.0/res/color/mtrl_card_view_foreground.xml to /home/runner/.gradle/caches/8.9/transforms/c85c7a369295bb218c7dd51f8249c26d-d6a37501-5a8e-43be-9053-e2cb18a28371/transformed/com.google.android.material/color_mtrl_card_view_foreground.xml.flat
Compiling xml file /home/runner/.gradle/caches/8.9/transforms/b9c68220fce63fb5e94ecc1589f37798/transformed/media3-ui-1.4.1/res/drawable-anydpi-v21/exo_ic_rewind.xml to /home/runner/.gradle/caches/8.9/transforms/39c2e6c39ba1bddaf2bb9fccf5eb8ed3-f479fa15-06b3-4898-aeaa-ee34aae46785/transformed/androidx.media3.ui/drawable-anydpi-v21_exo_ic_rewind.xml.flat
Compiling xml file /home/runner/.gradle/caches/8.9/transforms/b9c68220fce63fb5e94ecc1589f37798/transformed/media3-ui-1.4.1/res/drawable-anydpi-v21/exo_icon_fullscreen_exit.xml to /home/runner/.gradle/caches/8.9/transforms/39c2e6c39ba1bddaf2bb9fccf5eb8ed3-f479fa15-06b3-4898-aeaa-ee34aae46785/transformed/androidx.media3.ui/drawable-anydpi-v21_exo_icon_fullscreen_exit.xml.flat
Compiling xml file /home/runner/.gradle/caches/8.9/transforms/b4d4520d3a7500151f758a57e313542a/transformed/material-1.12.0/res/color/m3_calendar_item_stroke_color.xml to /home/runner/.gradle/caches/8.9/transforms/c85c7a369295bb218c7dd51f8249c26d-d6a37501-5a8e-43be-9053-e2cb18a28371/transformed/com.google.android.material/color_m3_calendar_item_stroke_color.xml.flat
Compiling xml file /home/runner/.gradle/caches/8.9/transforms/b9c68220fce63fb5e94ecc1589f37798/transformed/media3-ui-1.4.1/res/drawable-anydpi-v21/exo_icon_stop.xml to /home/runner/.gradle/caches/8.9/transforms/39c2e6c39ba1bddaf2bb9fccf5eb8ed3-f479fa15-06b3-4898-aeaa-ee34aae46785/transformed/androidx.media3.ui/drawable-anydpi-v21_exo_icon_stop.xml.flat
Compiling xml file /home/runner/.gradle/caches/8.9/transforms/b4d4520d3a7500151f758a57e313542a/transformed/material-1.12.0/res/color/m3_timepicker_clock_text_color.xml to /home/runner/.gradle/caches/8.9/transforms/c85c7a369295bb218c7dd51f8249c26d-d6a37501-5a8e-43be-9053-e2cb18a28371/transformed/com.google.android.material/color_m3_timepicker_clock_text_color.xml.flat
Compiling xml file /home/runner/.gradle/caches/8.9/transforms/b9c68220fce63fb5e94ecc1589f37798/transformed/media3-ui-1.4.1/res/drawable-anydpi-v21/exo_ic_chevron_left.xml to /home/runner/.gradle/caches/8.9/transforms/39c2e6c39ba1bddaf2bb9fccf5eb8ed3-f479fa15-06b3-4898-aeaa-ee34aae46785/transformed/androidx.media3.ui/drawable-anydpi-v21_exo_ic_chevron_left.xml.flat
Compiling xml file /home/runner/.gradle/caches/8.9/transforms/b4d4520d3a7500151f758a57e313542a/transformed/material-1.12.0/res/color/mtrl_switch_track_decoration_tint.xml to /home/runner/.gradle/caches/8.9/transforms/c85c7a369295bb218c7dd51f8249c26d-d6a37501-5a8e-43be-9053-e2cb18a28371/transformed/com.google.android.material/color_mtrl_switch_track_decoration_tint.xml.flat
Compiling xml file /home/runner/.gradle/caches/8.9/transforms/b4d4520d3a7500151f758a57e313542a/transformed/material-1.12.0/res/color/design_box_stroke_color.xml to /home/runner/.gradle/caches/8.9/transforms/c85c7a369295bb218c7dd51f8249c26d-d6a37501-5a8e-43be-9053-e2cb18a28371/transformed/com.google.android.material/color_design_box_stroke_color.xml.flat
Compiling xml file /home/runner/.gradle/caches/8.9/transforms/b4d4520d3a7500151f758a57e313542a/transformed/material-1.12.0/res/color/material_personalized_primary_inverse_text_disable_only.xml to /home/runner/.gradle/caches/8.9/transforms/c85c7a369295bb218c7dd51f8249c26d-d6a37501-5a8e-43be-9053-e2cb18a28371/transformed/com.google.android.material/color_material_personalized_primary_inverse_text_disable_only.xml.flat
Compiling xml file /home/runner/.gradle/caches/8.9/transforms/b4d4520d3a7500151f758a57e313542a/transformed/material-1.12.0/res/color/m3_slider_thumb_color_legacy.xml to /home/runner/.gradle/caches/8.9/transforms/c85c7a369295bb218c7dd51f8249c26d-d6a37501-5a8e-43be-9053-e2cb18a28371/transformed/com.google.android.material/color_m3_slider_thumb_color_legacy.xml.flat
Compiling xml file /home/runner/.gradle/caches/8.9/transforms/b4d4520d3a7500151f758a57e313542a/transformed/material-1.12.0/res/color/m3_navigation_item_icon_tint.xml to /home/runner/.gradle/caches/8.9/transforms/c85c7a369295bb218c7dd51f8249c26d-d6a37501-5a8e-43be-9053-e2cb18a28371/transformed/com.google.android.material/color_m3_navigation_item_icon_tint.xml.flat
Compiling xml file /home/runner/.gradle/caches/8.9/transforms/b4d4520d3a7500151f758a57e313542a/transformed/material-1.12.0/res/color/mtrl_navigation_bar_ripple_color.xml to /home/runner/.gradle/caches/8.9/transforms/c85c7a369295bb218c7dd51f8249c26d-d6a37501-5a8e-43be-9053-e2cb18a28371/transformed/com.google.android.material/color_mtrl_navigation_bar_ripple_color.xml.flat
Compiling xml file /home/runner/.gradle/caches/8.9/transforms/b4d4520d3a7500151f758a57e313542a/transformed/material-1.12.0/res/color/mtrl_btn_text_btn_bg_color_selector.xml to /home/runner/.gradle/caches/8.9/transforms/c85c7a369295bb218c7dd51f8249c26d-d6a37501-5a8e-43be-9053-e2cb18a28371/transformed/com.google.android.material/color_mtrl_btn_text_btn_bg_color_selector.xml.flat
Compiling xml file /home/runner/.gradle/caches/8.9/transforms/b4d4520d3a7500151f758a57e313542a/transformed/material-1.12.0/res/color/m3_elevated_chip_background_color.xml to /home/runner/.gradle/caches/8.9/transforms/c85c7a369295bb218c7dd51f8249c26d-d6a37501-5a8e-43be-9053-e2cb18a28371/transformed/com.google.android.material/color_m3_elevated_chip_background_color.xml.flat
Compiling xml file /home/runner/.gradle/caches/8.9/transforms/b9c68220fce63fb5e94ecc1589f37798/transformed/media3-ui-1.4.1/res/drawable-anydpi-v21/exo_ic_default_album_image.xml to /home/runner/.gradle/caches/8.9/transforms/39c2e6c39ba1bddaf2bb9fccf5eb8ed3-f479fa15-06b3-4898-aeaa-ee34aae46785/transformed/androidx.media3.ui/drawable-anydpi-v21_exo_ic_default_album_image.xml.flat
Compiling xml file /home/runner/.gradle/caches/8.9/transforms/b9c68220fce63fb5e94ecc1589f37798/transformed/media3-ui-1.4.1/res/drawable-anydpi-v21/exo_ic_pause_circle_filled.xml to /home/runner/.gradle/caches/8.9/transforms/39c2e6c39ba1bddaf2bb9fccf5eb8ed3-f479fa15-06b3-4898-aeaa-ee34aae46785/transformed/androidx.media3.ui/drawable-anydpi-v21_exo_ic_pause_circle_filled.xml.flat
Compiling xml file /home/runner/.gradle/caches/8.9/transforms/b9c68220fce63fb5e94ecc1589f37798/transformed/media3-ui-1.4.1/res/drawable-anydpi-v21/exo_icon_next.xml to /home/runner/.gradle/caches/8.9/transforms/39c2e6c39ba1bddaf2bb9fccf5eb8ed3-f479fa15-06b3-4898-aeaa-ee34aae46785/transformed/androidx.media3.ui/drawable-anydpi-v21_exo_icon_next.xml.flat
Compiling xml file /home/runner/.gradle/caches/8.9/transforms/b9c68220fce63fb5e94ecc1589f37798/transformed/media3-ui-1.4.1/res/drawable-anydpi-v21/exo_icon_fastforward.xml to /home/runner/.gradle/caches/8.9/transforms/39c2e6c39ba1bddaf2bb9fccf5eb8ed3-f479fa15-06b3-4898-aeaa-ee34aae46785/transformed/androidx.media3.ui/drawable-anydpi-v21_exo_icon_fastforward.xml.flat
Compiling xml file /home/runner/.gradle/caches/8.9/transforms/b9c68220fce63fb5e94ecc1589f37798/transformed/media3-ui-1.4.1/res/drawable-anydpi-v21/exo_ic_subtitle_off.xml to /home/runner/.gradle/caches/8.9/transforms/39c2e6c39ba1bddaf2bb9fccf5eb8ed3-f479fa15-06b3-4898-aeaa-ee34aae46785/transformed/androidx.media3.ui/drawable-anydpi-v21_exo_ic_subtitle_off.xml.flat
Compiling xml file /home/runner/.gradle/caches/8.9/transforms/b9c68220fce63fb5e94ecc1589f37798/transformed/media3-ui-1.4.1/res/drawable-anydpi-v21/exo_icon_repeat_all.xml to /home/runner/.gradle/caches/8.9/transforms/39c2e6c39ba1bddaf2bb9fccf5eb8ed3-f479fa15-06b3-4898-aeaa-ee34aae46785/transformed/androidx.media3.ui/drawable-anydpi-v21_exo_icon_repeat_all.xml.flat
Compiling xml file /home/runner/.gradle/caches/8.9/transforms/b9c68220fce63fb5e94ecc1589f37798/transformed/media3-ui-1.4.1/res/drawable-anydpi-v21/exo_ic_speed.xml to /home/runner/.gradle/caches/8.9/transforms/39c2e6c39ba1bddaf2bb9fccf5eb8ed3-f479fa15-06b3-4898-aeaa-ee34aae46785/transformed/androidx.media3.ui/drawable-anydpi-v21_exo_ic_speed.xml.flat
Compiling xml file /home/runner/.gradle/caches/8.9/transforms/b4d4520d3a7500151f758a57e313542a/transformed/material-1.12.0/res/color/mtrl_btn_text_color_selector.xml to /home/runner/.gradle/caches/8.9/transforms/c85c7a369295bb218c7dd51f8249c26d-d6a37501-5a8e-43be-9053-e2cb18a28371/transformed/com.google.android.material/color_mtrl_btn_text_color_selector.xml.flat
Compiling xml file /home/runner/.gradle/caches/8.9/transforms/b4d4520d3a7500151f758a57e313542a/transformed/material-1.12.0/res/color/material_slider_active_tick_marks_color.xml to /home/runner/.gradle/caches/8.9/transforms/c85c7a369295bb218c7dd51f8249c26d-d6a37501-5a8e-43be-9053-e2cb18a28371/transformed/com.google.android.material/color_material_slider_active_tick_marks_color.xml.flat
Compiling xml file /home/runner/.gradle/caches/8.9/transforms/b4d4520d3a7500151f758a57e313542a/transformed/material-1.12.0/res/color/mtrl_popupmenu_overlay_color.xml to /home/runner/.gradle/caches/8.9/transforms/c85c7a369295bb218c7dd51f8249c26d-d6a37501-5a8e-43be-9053-e2cb18a28371/transformed/com.google.android.material/color_mtrl_popupmenu_overlay_color.xml.flat
Compiling xml file /home/runner/.gradle/caches/8.9/transforms/b4d4520d3a7500151f758a57e313542a/transformed/material-1.12.0/res/color/m3_timepicker_secondary_text_button_text_color.xml to /home/runner/.gradle/caches/8.9/transforms/c85c7a369295bb218c7dd51f8249c26d-d6a37501-5a8e-43be-9053-e2cb18a28371/transformed/com.google.android.material/color_m3_timepicker_secondary_text_button_text_color.xml.flat
Compiling xml file /home/runner/.gradle/caches/8.9/transforms/b4d4520d3a7500151f758a57e313542a/transformed/material-1.12.0/res/color/m3_timepicker_display_background_color.xml to /home/runner/.gradle/caches/8.9/transforms/c85c7a369295bb218c7dd51f8249c26d-d6a37501-5a8e-43be-9053-e2cb18a28371/transformed/com.google.android.material/color_m3_timepicker_display_background_color.xml.flat
Compiling xml file /home/runner/.gradle/caches/8.9/transforms/b4d4520d3a7500151f758a57e313542a/transformed/material-1.12.0/res/color/material_on_primary_disabled.xml to /home/runner/.gradle/caches/8.9/transforms/c85c7a369295bb218c7dd51f8249c26d-d6a37501-5a8e-43be-9053-e2cb18a28371/transformed/com.google.android.material/color_material_on_primary_disabled.xml.flat
Compiling xml file /home/runner/.gradle/caches/8.9/transforms/b4d4520d3a7500151f758a57e313542a/transformed/material-1.12.0/res/color/mtrl_btn_text_btn_ripple_color.xml to /home/runner/.gradle/caches/8.9/transforms/c85c7a369295bb218c7dd51f8249c26d-d6a37501-5a8e-43be-9053-e2cb18a28371/transformed/com.google.android.material/color_mtrl_btn_text_btn_ripple_color.xml.flat
Compiling xml file /home/runner/.gradle/caches/8.9/transforms/b4d4520d3a7500151f758a57e313542a/transformed/material-1.12.0/res/color/m3_navigation_bar_item_with_indicator_label_tint.xml to /home/runner/.gradle/caches/8.9/transforms/c85c7a369295bb218c7dd51f8249c26d-d6a37501-5a8e-43be-9053-e2cb18a28371/transformed/com.google.android.material/color_m3_navigation_bar_item_with_indicator_label_tint.xml.flat
Compiling xml file /home/runner/.gradle/caches/8.9/transforms/b9c68220fce63fb5e94ecc1589f37798/transformed/media3-ui-1.4.1/res/drawable-anydpi-v21/exo_edit_mode_logo.xml to /home/runner/.gradle/caches/8.9/transforms/39c2e6c39ba1bddaf2bb9fccf5eb8ed3-f479fa15-06b3-4898-aeaa-ee34aae46785/transformed/androidx.media3.ui/drawable-anydpi-v21_exo_edit_mode_logo.xml.flat
Compiling xml file /home/runner/.gradle/caches/8.9/transforms/b4d4520d3a7500151f758a57e313542a/transformed/material-1.12.0/res/color/m3_textfield_label_color.xml to /home/runner/.gradle/caches/8.9/transforms/c85c7a369295bb218c7dd51f8249c26d-d6a37501-5a8e-43be-9053-e2cb18a28371/transformed/com.google.android.material/color_m3_textfield_label_color.xml.flat
Compiling xml file /home/runner/.gradle/caches/8.9/transforms/b4d4520d3a7500151f758a57e313542a/transformed/material-1.12.0/res/color/m3_card_foreground_color.xml to /home/runner/.gradle/caches/8.9/transforms/c85c7a369295bb218c7dd51f8249c26d-d6a37501-5a8e-43be-9053-e2cb18a28371/transformed/com.google.android.material/color_m3_card_foreground_color.xml.flat
Compiling xml file /home/runner/.gradle/caches/8.9/transforms/b9c68220fce63fb5e94ecc1589f37798/transformed/media3-ui-1.4.1/res/drawable-anydpi-v21/exo_ic_chevron_right.xml to /home/runner/.gradle/caches/8.9/transforms/39c2e6c39ba1bddaf2bb9fccf5eb8ed3-f479fa15-06b3-4898-aeaa-ee34aae46785/transformed/androidx.media3.ui/drawable-anydpi-v21_exo_ic_chevron_right.xml.flat
Compiling xml file /home/runner/.gradle/caches/8.9/transforms/b4d4520d3a7500151f758a57e313542a/transformed/material-1.12.0/res/color/m3_dark_default_color_primary_text.xml to /home/runner/.gradle/caches/8.9/transforms/c85c7a369295bb218c7dd51f8249c26d-d6a37501-5a8e-43be-9053-e2cb18a28371/transformed/com.google.android.material/color_m3_dark_default_color_primary_text.xml.flat
Compiling xml file /home/runner/.gradle/caches/8.9/transforms/b4d4520d3a7500151f758a57e313542a/transformed/material-1.12.0/res/color/material_timepicker_button_stroke.xml to /home/runner/.gradle/caches/8.9/transforms/c85c7a369295bb218c7dd51f8249c26d-d6a37501-5a8e-43be-9053-e2cb18a28371/transformed/com.google.android.material/color_material_timepicker_button_stroke.xml.flat
Compiling xml file /home/runner/.gradle/caches/8.9/transforms/b4d4520d3a7500151f758a57e313542a/transformed/material-1.12.0/res/color/m3_switch_track_tint.xml to /home/runner/.gradle/caches/8.9/transforms/c85c7a369295bb218c7dd51f8249c26d-d6a37501-5a8e-43be-9053-e2cb18a28371/transformed/com.google.android.material/color_m3_switch_track_tint.xml.flat
Compiling xml file /home/runner/.gradle/caches/8.9/transforms/b4d4520d3a7500151f758a57e313542a/transformed/material-1.12.0/res/color/material_timepicker_modebutton_tint.xml to /home/runner/.gradle/caches/8.9/transforms/c85c7a369295bb218c7dd51f8249c26d-d6a37501-5a8e-43be-9053-e2cb18a28371/transformed/com.google.android.material/color_material_timepicker_modebutton_tint.xml.flat
Compiling xml file /home/runner/.gradle/caches/8.9/transforms/b4d4520d3a7500151f758a57e313542a/transformed/material-1.12.0/res/color/m3_fab_efab_background_color_selector.xml to /home/runner/.gradle/caches/8.9/transforms/c85c7a369295bb218c7dd51f8249c26d-d6a37501-5a8e-43be-9053-e2cb18a28371/transformed/com.google.android.material/color_m3_fab_efab_background_color_selector.xml.flat
Compiling xml file /home/runner/.gradle/caches/8.9/transforms/b4d4520d3a7500151f758a57e313542a/transformed/material-1.12.0/res/color/material_on_surface_emphasis_medium.xml to /home/runner/.gradle/caches/8.9/transforms/c85c7a369295bb218c7dd51f8249c26d-d6a37501-5a8e-43be-9053-e2cb18a28371/transformed/com.google.android.material/color_material_on_surface_emphasis_medium.xml.flat
Compiling xml file /home/runner/.gradle/caches/8.9/transforms/b4d4520d3a7500151f758a57e313542a/transformed/material-1.12.0/res/color/m3_navigation_item_ripple_color.xml to /home/runner/.gradle/caches/8.9/transforms/c85c7a369295bb218c7dd51f8249c26d-d6a37501-5a8e-43be-9053-e2cb18a28371/transformed/com.google.android.material/color_m3_navigation_item_ripple_color.xml.flat
Compiling xml file /home/runner/.gradle/caches/8.9/transforms/b4d4520d3a7500151f758a57e313542a/transformed/material-1.12.0/res/color/material_slider_inactive_tick_marks_color.xml to /home/runner/.gradle/caches/8.9/transforms/c85c7a369295bb218c7dd51f8249c26d-d6a37501-5a8e-43be-9053-e2cb18a28371/transformed/com.google.android.material/color_material_slider_inactive_tick_marks_color.xml.flat
Compiling xml file /home/runner/.gradle/caches/8.9/transforms/b4d4520d3a7500151f758a57e313542a/transformed/material-1.12.0/res/color/material_on_primary_emphasis_high_type.xml to /home/runner/.gradle/caches/8.9/transforms/c85c7a369295bb218c7dd51f8249c26d-d6a37501-5a8e-43be-9053-e2cb18a28371/transformed/com.google.android.material/color_material_on_primary_emphasis_high_type.xml.flat
Compiling xml file /home/runner/.gradle/caches/8.9/transforms/b4d4520d3a7500151f758a57e313542a/transformed/material-1.12.0/res/color/mtrl_navigation_item_text_color.xml to /home/runner/.gradle/caches/8.9/transforms/c85c7a369295bb218c7dd51f8249c26d-d6a37501-5a8e-43be-9053-e2cb18a28371/transformed/com.google.android.material/color_mtrl_navigation_item_text_color.xml.flat
Compiling xml file /home/runner/.gradle/caches/8.9/transforms/b4d4520d3a7500151f758a57e313542a/transformed/material-1.12.0/res/color/material_slider_halo_color.xml to /home/runner/.gradle/caches/8.9/transforms/c85c7a369295bb218c7dd51f8249c26d-d6a37501-5a8e-43be-9053-e2cb18a28371/transformed/com.google.android.material/color_material_slider_halo_color.xml.flat
Compiling xml file /home/runner/.gradle/caches/8.9/transforms/b4d4520d3a7500151f758a57e313542a/transformed/material-1.12.0/res/color/mtrl_switch_thumb_tint.xml to /home/runner/.gradle/caches/8.9/transforms/c85c7a369295bb218c7dd51f8249c26d-d6a37501-5a8e-43be-9053-e2cb18a28371/transformed/com.google.android.material/color_mtrl_switch_thumb_tint.xml.flat
Compiling xml file /home/runner/.gradle/caches/8.9/transforms/b4d4520d3a7500151f758a57e313542a/transformed/material-1.12.0/res/color/material_personalized__highlighted_text_inverse.xml to /home/runner/.gradle/caches/8.9/transforms/c85c7a369295bb218c7dd51f8249c26d-d6a37501-5a8e-43be-9053-e2cb18a28371/transformed/com.google.android.material/color_material_personalized__highlighted_text_inverse.xml.flat
Compiling xml file /home/runner/.gradle/caches/8.9/transforms/b4d4520d3a7500151f758a57e313542a/transformed/material-1.12.0/res/color/m3_navigation_rail_item_with_indicator_label_tint.xml to /home/runner/.gradle/caches/8.9/transforms/c85c7a369295bb218c7dd51f8249c26d-d6a37501-5a8e-43be-9053-e2cb18a28371/transformed/com.google.android.material/color_m3_navigation_rail_item_with_indicator_label_tint.xml.flat
Compiling xml file /home/runner/.gradle/caches/8.9/transforms/b9c68220fce63fb5e94ecc1589f37798/transformed/media3-ui-1.4.1/res/drawable-anydpi-v21/exo_ic_skip_previous.xml to /home/runner/.gradle/caches/8.9/transforms/39c2e6c39ba1bddaf2bb9fccf5eb8ed3-f479fa15-06b3-4898-aeaa-ee34aae46785/transformed/androidx.media3.ui/drawable-anydpi-v21_exo_ic_skip_previous.xml.flat
Compiling xml file /home/runner/.gradle/caches/8.9/transforms/b9c68220fce63fb5e94ecc1589f37798/transformed/media3-ui-1.4.1/res/drawable-anydpi-v21/exo_ic_skip_next.xml to /home/runner/.gradle/caches/8.9/transforms/39c2e6c39ba1bddaf2bb9fccf5eb8ed3-f479fa15-06b3-4898-aeaa-ee34aae46785/transformed/androidx.media3.ui/drawable-anydpi-v21_exo_ic_skip_next.xml.flat
Compiling xml file /home/runner/.gradle/caches/8.9/transforms/b9c68220fce63fb5e94ecc1589f37798/transformed/media3-ui-1.4.1/res/layout-v23/exo_player_control_ffwd_button.xml to /home/runner/.gradle/caches/8.9/transforms/39c2e6c39ba1bddaf2bb9fccf5eb8ed3-f479fa15-06b3-4898-aeaa-ee34aae46785/transformed/androidx.media3.ui/layout-v23_exo_player_control_ffwd_button.xml.flat
Compiling xml file /home/runner/.gradle/caches/8.9/transforms/b9c68220fce63fb5e94ecc1589f37798/transformed/media3-ui-1.4.1/res/layout-v23/exo_player_control_rewind_button.xml to /home/runner/.gradle/caches/8.9/transforms/39c2e6c39ba1bddaf2bb9fccf5eb8ed3-f479fa15-06b3-4898-aeaa-ee34aae46785/transformed/androidx.media3.ui/layout-v23_exo_player_control_rewind_button.xml.flat
Compiling xml file /home/runner/.gradle/caches/8.9/transforms/b4d4520d3a7500151f758a57e313542a/transformed/material-1.12.0/res/color/m3_fab_efab_foreground_color_selector.xml to /home/runner/.gradle/caches/8.9/transforms/c85c7a369295bb218c7dd51f8249c26d-d6a37501-5a8e-43be-9053-e2cb18a28371/transformed/com.google.android.material/color_m3_fab_efab_foreground_color_selector.xml.flat
Compiling xml file /home/runner/.gradle/caches/8.9/transforms/b4d4520d3a7500151f758a57e313542a/transformed/material-1.12.0/res/color/m3_card_ripple_color.xml to /home/runner/.gradle/caches/8.9/transforms/c85c7a369295bb218c7dd51f8249c26d-d6a37501-5a8e-43be-9053-e2cb18a28371/transformed/com.google.android.material/color_m3_card_ripple_color.xml.flat
Compiling xml file /home/runner/.gradle/caches/8.9/transforms/b4d4520d3a7500151f758a57e313542a/transformed/material-1.12.0/res/color/material_personalized__highlighted_text.xml to /home/runner/.gradle/caches/8.9/transforms/c85c7a369295bb218c7dd51f8249c26d-d6a37501-5a8e-43be-9053-e2cb18a28371/transformed/com.google.android.material/color_material_personalized__highlighted_text.xml.flat
Compiling xml file /home/runner/.gradle/caches/8.9/transforms/b4d4520d3a7500151f758a57e313542a/transformed/material-1.12.0/res/color/m3_text_button_foreground_color_selector.xml to /home/runner/.gradle/caches/8.9/transforms/c85c7a369295bb218c7dd51f8249c26d-d6a37501-5a8e-43be-9053-e2cb18a28371/transformed/com.google.android.material/color_m3_text_button_foreground_color_selector.xml.flat
Compiling xml file /home/runner/.gradle/caches/8.9/transforms/b4d4520d3a7500151f758a57e313542a/transformed/material-1.12.0/res/color/m3_radiobutton_ripple_tint.xml to /home/runner/.gradle/caches/8.9/transforms/c85c7a369295bb218c7dd51f8249c26d-d6a37501-5a8e-43be-9053-e2cb18a28371/transformed/com.google.android.material/color_m3_radiobutton_ripple_tint.xml.flat
Compiling xml file /home/runner/.gradle/caches/8.9/transforms/b4d4520d3a7500151f758a57e313542a/transformed/material-1.12.0/res/color/m3_checkbox_button_icon_tint.xml to /home/runner/.gradle/caches/8.9/transforms/c85c7a369295bb218c7dd51f8249c26d-d6a37501-5a8e-43be-9053-e2cb18a28371/transformed/com.google.android.material/color_m3_checkbox_button_icon_tint.xml.flat
Compiling xml file /home/runner/.gradle/caches/8.9/transforms/b4d4520d3a7500151f758a57e313542a/transformed/material-1.12.0/res/color/m3_button_outline_color_selector.xml to /home/runner/.gradle/caches/8.9/transforms/c85c7a369295bb218c7dd51f8249c26d-d6a37501-5a8e-43be-9053-e2cb18a28371/transformed/com.google.android.material/color_m3_button_outline_color_selector.xml.flat
Compiling xml file /home/runner/.gradle/caches/8.9/transforms/b4d4520d3a7500151f758a57e313542a/transformed/material-1.12.0/res/color/m3_slider_thumb_color.xml to /home/runner/.gradle/caches/8.9/transforms/c85c7a369295bb218c7dd51f8249c26d-d6a37501-5a8e-43be-9053-e2cb18a28371/transformed/com.google.android.material/color_m3_slider_thumb_color.xml.flat
Compiling xml file /home/runner/.gradle/caches/8.9/transforms/b4d4520d3a7500151f758a57e313542a/transformed/material-1.12.0/res/color/m3_radiobutton_button_tint.xml to /home/runner/.gradle/caches/8.9/transforms/c85c7a369295bb218c7dd51f8249c26d-d6a37501-5a8e-43be-9053-e2cb18a28371/transformed/com.google.android.material/color_m3_radiobutton_button_tint.xml.flat
Compiling xml file /home/runner/.gradle/caches/8.9/transforms/b4d4520d3a7500151f758a57e313542a/transformed/material-1.12.0/res/color/material_on_surface_disabled.xml to /home/runner/.gradle/caches/8.9/transforms/c85c7a369295bb218c7dd51f8249c26d-d6a37501-5a8e-43be-9053-e2cb18a28371/transformed/com.google.android.material/color_material_on_surface_disabled.xml.flat
Compiling xml file /home/runner/.gradle/caches/8.9/transforms/b4d4520d3a7500151f758a57e313542a/transformed/material-1.12.0/res/color/m3_chip_stroke_color.xml to /home/runner/.gradle/caches/8.9/transforms/c85c7a369295bb218c7dd51f8249c26d-d6a37501-5a8e-43be-9053-e2cb18a28371/transformed/com.google.android.material/color_m3_chip_stroke_color.xml.flat
Compiling xml file /home/runner/.gradle/caches/8.9/transforms/b4d4520d3a7500151f758a57e313542a/transformed/material-1.12.0/res/color/m3_dark_default_color_secondary_text.xml to /home/runner/.gradle/caches/8.9/transforms/c85c7a369295bb218c7dd51f8249c26d-d6a37501-5a8e-43be-9053-e2cb18a28371/transformed/com.google.android.material/color_m3_dark_default_color_secondary_text.xml.flat
Compiling xml file /home/runner/.gradle/caches/8.9/transforms/b4d4520d3a7500151f758a57e313542a/transformed/material-1.12.0/res/color/m3_textfield_filled_background_color.xml to /home/runner/.gradle/caches/8.9/transforms/c85c7a369295bb218c7dd51f8249c26d-d6a37501-5a8e-43be-9053-e2cb18a28371/transformed/com.google.android.material/color_m3_textfield_filled_background_color.xml.flat
Compiling xml file /home/runner/.gradle/caches/8.9/transforms/b4d4520d3a7500151f758a57e313542a/transformed/material-1.12.0/res/color/m3_tonal_button_ripple_color_selector.xml to /home/runner/.gradle/caches/8.9/transforms/c85c7a369295bb218c7dd51f8249c26d-d6a37501-5a8e-43be-9053-e2cb18a28371/transformed/com.google.android.material/color_m3_tonal_button_ripple_color_selector.xml.flat
Compiling xml file /home/runner/.gradle/caches/8.9/transforms/b4d4520d3a7500151f758a57e313542a/transformed/material-1.12.0/res/color/material_personalized_hint_foreground_inverse.xml to /home/runner/.gradle/caches/8.9/transforms/c85c7a369295bb218c7dd51f8249c26d-d6a37501-5a8e-43be-9053-e2cb18a28371/transformed/com.google.android.material/color_material_personalized_hint_foreground_inverse.xml.flat
Compiling xml file /home/runner/.gradle/caches/8.9/transforms/b4d4520d3a7500151f758a57e313542a/transformed/material-1.12.0/res/color/mtrl_outlined_stroke_color.xml to /home/runner/.gradle/caches/8.9/transforms/c85c7a369295bb218c7dd51f8249c26d-d6a37501-5a8e-43be-9053-e2cb18a28371/transformed/com.google.android.material/color_mtrl_outlined_stroke_color.xml.flat
Compiling xml file /home/runner/.gradle/caches/8.9/transforms/b4d4520d3a7500151f758a57e313542a/transformed/material-1.12.0/res/color/m3_textfield_input_text_color.xml to /home/runner/.gradle/caches/8.9/transforms/c85c7a369295bb218c7dd51f8249c26d-d6a37501-5a8e-43be-9053-e2cb18a28371/transformed/com.google.android.material/color_m3_textfield_input_text_color.xml.flat
Compiling xml file /home/runner/.gradle/caches/8.9/transforms/b4d4520d3a7500151f758a57e313542a/transformed/material-1.12.0/res/color/material_on_surface_stroke.xml to /home/runner/.gradle/caches/8.9/transforms/c85c7a369295bb218c7dd51f8249c26d-d6a37501-5a8e-43be-9053-e2cb18a28371/transformed/com.google.android.material/color_material_on_surface_stroke.xml.flat
Compiling xml file /home/runner/.gradle/caches/8.9/transforms/b4d4520d3a7500151f758a57e313542a/transformed/material-1.12.0/res/color/mtrl_navigation_item_background_color.xml to /home/runner/.gradle/caches/8.9/transforms/c85c7a369295bb218c7dd51f8249c26d-d6a37501-5a8e-43be-9053-e2cb18a28371/transformed/com.google.android.material/color_mtrl_navigation_item_background_color.xml.flat
Compiling xml file /home/runner/.gradle/caches/8.9/transforms/b4d4520d3a7500151f758a57e313542a/transformed/material-1.12.0/res/color/mtrl_switch_track_tint.xml to /home/runner/.gradle/caches/8.9/transforms/c85c7a369295bb218c7dd51f8249c26d-d6a37501-5a8e-43be-9053-e2cb18a28371/transformed/com.google.android.material/color_mtrl_switch_track_tint.xml.flat
Compiling xml file /home/runner/.gradle/caches/8.9/transforms/b4d4520d3a7500151f758a57e313542a/transformed/material-1.12.0/res/color/material_personalized_primary_text_disable_only.xml to /home/runner/.gradle/caches/8.9/transforms/c85c7a369295bb218c7dd51f8249c26d-d6a37501-5a8e-43be-9053-e2cb18a28371/transformed/com.google.android.material/color_material_personalized_primary_text_disable_only.xml.flat
Compiling xml file /home/runner/.gradle/caches/8.9/transforms/b4d4520d3a7500151f758a57e313542a/transformed/material-1.12.0/res/color/material_cursor_color.xml to /home/runner/.gradle/caches/8.9/transforms/c85c7a369295bb218c7dd51f8249c26d-d6a37501-5a8e-43be-9053-e2cb18a28371/transformed/com.google.android.material/color_material_cursor_color.xml.flat
Compiling xml file /home/runner/.gradle/caches/8.9/transforms/b4d4520d3a7500151f758a57e313542a/transformed/material-1.12.0/res/color/material_divider_color.xml to /home/runner/.gradle/caches/8.9/transforms/c85c7a369295bb218c7dd51f8249c26d-d6a37501-5a8e-43be-9053-e2cb18a28371/transformed/com.google.android.material/color_material_divider_color.xml.flat
Compiling xml file /home/runner/.gradle/caches/8.9/transforms/b4d4520d3a7500151f758a57e313542a/transformed/material-1.12.0/res/color/m3_hint_foreground.xml to /home/runner/.gradle/caches/8.9/transforms/c85c7a369295bb218c7dd51f8249c26d-d6a37501-5a8e-43be-9053-e2cb18a28371/transformed/com.google.android.material/color_m3_hint_foreground.xml.flat
Compiling xml file /home/runner/.gradle/caches/8.9/transforms/b4d4520d3a7500151f758a57e313542a/transformed/material-1.12.0/res/color/mtrl_navigation_item_icon_tint.xml to /home/runner/.gradle/caches/8.9/transforms/c85c7a369295bb218c7dd51f8249c26d-d6a37501-5a8e-43be-9053-e2cb18a28371/transformed/com.google.android.material/color_mtrl_navigation_item_icon_tint.xml.flat
Compiling xml file /home/runner/.gradle/caches/8.9/transforms/b4d4520d3a7500151f758a57e313542a/transformed/material-1.12.0/res/color/m3_navigation_bar_item_with_indicator_icon_tint.xml to /home/runner/.gradle/caches/8.9/transforms/c85c7a369295bb218c7dd51f8249c26d-d6a37501-5a8e-43be-9053-e2cb18a28371/transformed/com.google.android.material/color_m3_navigation_bar_item_with_indicator_icon_tint.xml.flat
Compiling xml file /home/runner/.gradle/caches/8.9/transforms/b4d4520d3a7500151f758a57e313542a/transformed/material-1.12.0/res/color/m3_primary_text_disable_only.xml to /home/runner/.gradle/caches/8.9/transforms/c85c7a369295bb218c7dd51f8249c26d-d6a37501-5a8e-43be-9053-e2cb18a28371/transformed/com.google.android.material/color_m3_primary_text_disable_only.xml.flat
Compiling xml file /home/runner/.gradle/caches/8.9/transforms/b4d4520d3a7500151f758a57e313542a/transformed/material-1.12.0/res/color/material_on_background_emphasis_medium.xml to /home/runner/.gradle/caches/8.9/transforms/c85c7a369295bb218c7dd51f8249c26d-d6a37501-5a8e-43be-9053-e2cb18a28371/transformed/com.google.android.material/color_material_on_background_emphasis_medium.xml.flat
Compiling xml file /home/runner/.gradle/caches/8.9/transforms/b4d4520d3a7500151f758a57e313542a/transformed/material-1.12.0/res/layout-sw600dp-v13/mtrl_layout_snackbar.xml to /home/runner/.gradle/caches/8.9/transforms/c85c7a369295bb218c7dd51f8249c26d-d6a37501-5a8e-43be-9053-e2cb18a28371/transformed/com.google.android.material/layout-sw600dp-v13_mtrl_layout_snackbar.xml.flat
Compiling xml file /home/runner/.gradle/caches/8.9/transforms/b4d4520d3a7500151f758a57e313542a/transformed/material-1.12.0/res/layout-sw600dp-v13/design_layout_snackbar.xml to /home/runner/.gradle/caches/8.9/transforms/c85c7a369295bb218c7dd51f8249c26d-d6a37501-5a8e-43be-9053-e2cb18a28371/transformed/com.google.android.material/layout-sw600dp-v13_design_layout_snackbar.xml.flat
Compiling xml file /home/runner/.gradle/caches/8.9/transforms/b4d4520d3a7500151f758a57e313542a/transformed/material-1.12.0/res/drawable-v21/m3_tabs_background.xml to /home/runner/.gradle/caches/8.9/transforms/c85c7a369295bb218c7dd51f8249c26d-d6a37501-5a8e-43be-9053-e2cb18a28371/transformed/com.google.android.material/drawable-v21_m3_tabs_background.xml.flat
Compiling xml file /home/runner/.gradle/caches/8.9/transforms/b4d4520d3a7500151f758a57e313542a/transformed/material-1.12.0/res/drawable-v21/mtrl_navigation_bar_item_background.xml to /home/runner/.gradle/caches/8.9/transforms/c85c7a369295bb218c7dd51f8249c26d-d6a37501-5a8e-43be-9053-e2cb18a28371/transformed/com.google.android.material/drawable-v21_mtrl_navigation_bar_item_background.xml.flat
Compiling xml file /home/runner/.gradle/caches/8.9/transforms/b4d4520d3a7500151f758a57e313542a/transformed/material-1.12.0/res/drawable-v21/material_cursor_drawable.xml to /home/runner/.gradle/caches/8.9/transforms/c85c7a369295bb218c7dd51f8249c26d-d6a37501-5a8e-43be-9053-e2cb18a28371/transformed/com.google.android.material/drawable-v21_material_cursor_drawable.xml.flat
Compiling xml file /home/runner/.gradle/caches/8.9/transforms/b4d4520d3a7500151f758a57e313542a/transformed/material-1.12.0/res/anim/linear_indeterminate_line1_tail_interpolator.xml to /home/runner/.gradle/caches/8.9/transforms/c85c7a369295bb218c7dd51f8249c26d-d6a37501-5a8e-43be-9053-e2cb18a28371/transformed/com.google.android.material/anim_linear_indeterminate_line1_tail_interpolator.xml.flat
Compiling xml file /home/runner/.gradle/caches/8.9/transforms/b4d4520d3a7500151f758a57e313542a/transformed/material-1.12.0/res/anim/m3_side_sheet_exit_to_left.xml to /home/runner/.gradle/caches/8.9/transforms/c85c7a369295bb218c7dd51f8249c26d-d6a37501-5a8e-43be-9053-e2cb18a28371/transformed/com.google.android.material/anim_m3_side_sheet_exit_to_left.xml.flat
Compiling xml file /home/runner/.gradle/caches/8.9/transforms/b4d4520d3a7500151f758a57e313542a/transformed/material-1.12.0/res/anim/m3_motion_fade_exit.xml to /home/runner/.gradle/caches/8.9/transforms/c85c7a369295bb218c7dd51f8249c26d-d6a37501-5a8e-43be-9053-e2cb18a28371/transformed/com.google.android.material/anim_m3_motion_fade_exit.xml.flat
Compiling xml file /home/runner/.gradle/caches/8.9/transforms/b4d4520d3a7500151f758a57e313542a/transformed/material-1.12.0/res/anim/mtrl_bottom_sheet_slide_in.xml to /home/runner/.gradle/caches/8.9/transforms/c85c7a369295bb218c7dd51f8249c26d-d6a37501-5a8e-43be-9053-e2cb18a28371/transformed/com.google.android.material/anim_mtrl_bottom_sheet_slide_in.xml.flat
Compiling xml file /home/runner/.gradle/caches/8.9/transforms/b4d4520d3a7500151f758a57e313542a/transformed/material-1.12.0/res/anim/linear_indeterminate_line2_head_interpolator.xml to /home/runner/.gradle/caches/8.9/transforms/c85c7a369295bb218c7dd51f8249c26d-d6a37501-5a8e-43be-9053-e2cb18a28371/transformed/com.google.android.material/anim_linear_indeterminate_line2_head_interpolator.xml.flat
Compiling xml file /home/runner/.gradle/caches/8.9/transforms/b4d4520d3a7500151f758a57e313542a/transformed/material-1.12.0/res/anim/m3_bottom_sheet_slide_out.xml to /home/runner/.gradle/caches/8.9/transforms/c85c7a369295bb218c7dd51f8249c26d-d6a37501-5a8e-43be-9053-e2cb18a28371/transformed/com.google.android.material/anim_m3_bottom_sheet_slide_out.xml.flat
Compiling xml file /home/runner/.gradle/caches/8.9/transforms/b4d4520d3a7500151f758a57e313542a/transformed/material-1.12.0/res/anim/mtrl_card_lowers_interpolator.xml to /home/runner/.gradle/caches/8.9/transforms/c85c7a369295bb218c7dd51f8249c26d-d6a37501-5a8e-43be-9053-e2cb18a28371/transformed/com.google.android.material/anim_mtrl_card_lowers_interpolator.xml.flat
Compiling xml file /home/runner/.gradle/caches/8.9/transforms/b4d4520d3a7500151f758a57e313542a/transformed/material-1.12.0/res/anim/m3_side_sheet_enter_from_right.xml to /home/runner/.gradle/caches/8.9/transforms/c85c7a369295bb218c7dd51f8249c26d-d6a37501-5a8e-43be-9053-e2cb18a28371/transformed/com.google.android.material/anim_m3_side_sheet_enter_from_right.xml.flat
Compiling xml file /home/runner/.gradle/caches/8.9/transforms/b4d4520d3a7500151f758a57e313542a/transformed/material-1.12.0/res/anim/design_bottom_sheet_slide_in.xml to /home/runner/.gradle/caches/8.9/transforms/c85c7a369295bb218c7dd51f8249c26d-d6a37501-5a8e-43be-9053-e2cb18a28371/transformed/com.google.android.material/anim_design_bottom_sheet_slide_in.xml.flat
Compiling xml file /home/runner/.gradle/caches/8.9/transforms/b4d4520d3a7500151f758a57e313542a/transformed/material-1.12.0/res/anim/design_bottom_sheet_slide_out.xml to /home/runner/.gradle/caches/8.9/transforms/c85c7a369295bb218c7dd51f8249c26d-d6a37501-5a8e-43be-9053-e2cb18a28371/transformed/com.google.android.material/anim_design_bottom_sheet_slide_out.xml.flat
Compiling xml file /home/runner/.gradle/caches/8.9/transforms/b4d4520d3a7500151f758a57e313542a/transformed/material-1.12.0/res/anim/linear_indeterminate_line2_tail_interpolator.xml to /home/runner/.gradle/caches/8.9/transforms/c85c7a369295bb218c7dd51f8249c26d-d6a37501-5a8e-43be-9053-e2cb18a28371/transformed/com.google.android.material/anim_linear_indeterminate_line2_tail_interpolator.xml.flat
Compiling xml file /home/runner/.gradle/caches/8.9/transforms/b4d4520d3a7500151f758a57e313542a/transformed/material-1.12.0/res/anim/design_snackbar_in.xml to /home/runner/.gradle/caches/8.9/transforms/c85c7a369295bb218c7dd51f8249c26d-d6a37501-5a8e-43be-9053-e2cb18a28371/transformed/com.google.android.material/anim_design_snackbar_in.xml.flat
Compiling xml file /home/runner/.gradle/caches/8.9/transforms/b4d4520d3a7500151f758a57e313542a/transformed/material-1.12.0/res/anim/linear_indeterminate_line1_head_interpolator.xml to /home/runner/.gradle/caches/8.9/transforms/c85c7a369295bb218c7dd51f8249c26d-d6a37501-5a8e-43be-9053-e2cb18a28371/transformed/com.google.android.material/anim_linear_indeterminate_line1_head_interpolator.xml.flat
Compiling xml file /home/runner/.gradle/caches/8.9/transforms/b4d4520d3a7500151f758a57e313542a/transformed/material-1.12.0/res/anim/design_snackbar_out.xml to /home/runner/.gradle/caches/8.9/transforms/c85c7a369295bb218c7dd51f8249c26d-d6a37501-5a8e-43be-9053-e2cb18a28371/transformed/com.google.android.material/anim_design_snackbar_out.xml.flat
Compiling xml file /home/runner/.gradle/caches/8.9/transforms/b4d4520d3a7500151f758a57e313542a/transformed/material-1.12.0/res/anim/mtrl_bottom_sheet_slide_out.xml to /home/runner/.gradle/caches/8.9/transforms/c85c7a369295bb218c7dd51f8249c26d-d6a37501-5a8e-43be-9053-e2cb18a28371/transformed/com.google.android.material/anim_mtrl_bottom_sheet_slide_out.xml.flat
Compiling xml file /home/runner/.gradle/caches/8.9/transforms/b4d4520d3a7500151f758a57e313542a/transformed/material-1.12.0/res/anim/m3_side_sheet_exit_to_right.xml to /home/runner/.gradle/caches/8.9/transforms/c85c7a369295bb218c7dd51f8249c26d-d6a37501-5a8e-43be-9053-e2cb18a28371/transformed/com.google.android.material/anim_m3_side_sheet_exit_to_right.xml.flat
Compiling xml file /home/runner/.gradle/caches/8.9/transforms/b4d4520d3a7500151f758a57e313542a/transformed/material-1.12.0/res/anim/m3_side_sheet_enter_from_left.xml to /home/runner/.gradle/caches/8.9/transforms/c85c7a369295bb218c7dd51f8249c26d-d6a37501-5a8e-43be-9053-e2cb18a28371/transformed/com.google.android.material/anim_m3_side_sheet_enter_from_left.xml.flat
Compiling xml file /home/runner/.gradle/caches/8.9/transforms/b4d4520d3a7500151f758a57e313542a/transformed/material-1.12.0/res/anim/m3_motion_fade_enter.xml to /home/runner/.gradle/caches/8.9/transforms/c85c7a369295bb218c7dd51f8249c26d-d6a37501-5a8e-43be-9053-e2cb18a28371/transformed/com.google.android.material/anim_m3_motion_fade_enter.xml.flat
Compiling xml file /home/runner/.gradle/caches/8.9/transforms/b4d4520d3a7500151f758a57e313542a/transformed/material-1.12.0/res/anim/m3_bottom_sheet_slide_in.xml to /home/runner/.gradle/caches/8.9/transforms/c85c7a369295bb218c7dd51f8249c26d-d6a37501-5a8e-43be-9053-e2cb18a28371/transformed/com.google.android.material/anim_m3_bottom_sheet_slide_in.xml.flat
Compiling xml file /home/runner/.gradle/caches/8.9/transforms/b4d4520d3a7500151f758a57e313542a/transformed/material-1.12.0/res/animator/mtrl_btn_state_list_anim.xml to /home/runner/.gradle/caches/8.9/transforms/c85c7a369295bb218c7dd51f8249c26d-d6a37501-5a8e-43be-9053-e2cb18a28371/transformed/com.google.android.material/animator_mtrl_btn_state_list_anim.xml.flat
Compiling xml file /home/runner/.gradle/caches/8.9/transforms/b4d4520d3a7500151f758a57e313542a/transformed/material-1.12.0/res/animator/m3_card_state_list_anim.xml to /home/runner/.gradle/caches/8.9/transforms/c85c7a369295bb218c7dd51f8249c26d-d6a37501-5a8e-43be-9053-e2cb18a28371/transformed/com.google.android.material/animator_m3_card_state_list_anim.xml.flat
Compiling xml file /home/runner/.gradle/caches/8.9/transforms/b4d4520d3a7500151f758a57e313542a/transformed/material-1.12.0/res/animator/mtrl_fab_transformation_sheet_expand_spec.xml to /home/runner/.gradle/caches/8.9/transforms/c85c7a369295bb218c7dd51f8249c26d-d6a37501-5a8e-43be-9053-e2cb18a28371/transformed/com.google.android.material/animator_mtrl_fab_transformation_sheet_expand_spec.xml.flat
Compiling xml file /home/runner/.gradle/caches/8.9/transforms/b4d4520d3a7500151f758a57e313542a/transformed/material-1.12.0/res/animator/m3_extended_fab_change_size_expand_motion_spec.xml to /home/runner/.gradle/caches/8.9/transforms/c85c7a369295bb218c7dd51f8249c26d-d6a37501-5a8e-43be-9053-e2cb18a28371/transformed/com.google.android.material/animator_m3_extended_fab_change_size_expand_motion_spec.xml.flat
Compiling xml file /home/runner/.gradle/caches/8.9/transforms/b4d4520d3a7500151f758a57e313542a/transformed/material-1.12.0/res/animator/mtrl_chip_state_list_anim.xml to /home/runner/.gradle/caches/8.9/transforms/c85c7a369295bb218c7dd51f8249c26d-d6a37501-5a8e-43be-9053-e2cb18a28371/transformed/com.google.android.material/animator_mtrl_chip_state_list_anim.xml.flat
Compiling xml file /home/runner/.gradle/caches/8.9/transforms/b4d4520d3a7500151f758a57e313542a/transformed/material-1.12.0/res/animator/mtrl_extended_fab_hide_motion_spec.xml to /home/runner/.gradle/caches/8.9/transforms/c85c7a369295bb218c7dd51f8249c26d-d6a37501-5a8e-43be-9053-e2cb18a28371/transformed/com.google.android.material/animator_mtrl_extended_fab_hide_motion_spec.xml.flat
Compiling xml file /home/runner/.gradle/caches/8.9/transforms/b4d4520d3a7500151f758a57e313542a/transformed/material-1.12.0/res/animator/mtrl_extended_fab_change_size_collapse_motion_spec.xml to /home/runner/.gradle/caches/8.9/transforms/c85c7a369295bb218c7dd51f8249c26d-d6a37501-5a8e-43be-9053-e2cb18a28371/transformed/com.google.android.material/animator_mtrl_extended_fab_change_size_collapse_motion_spec.xml.flat
Compiling xml file /home/runner/.gradle/caches/8.9/transforms/b4d4520d3a7500151f758a57e313542a/transformed/material-1.12.0/res/animator/mtrl_extended_fab_change_size_expand_motion_spec.xml to /home/runner/.gradle/caches/8.9/transforms/c85c7a369295bb218c7dd51f8249c26d-d6a37501-5a8e-43be-9053-e2cb18a28371/transformed/com.google.android.material/animator_mtrl_extended_fab_change_size_expand_motion_spec.xml.flat
Compiling xml file /home/runner/.gradle/caches/8.9/transforms/b4d4520d3a7500151f758a57e313542a/transformed/material-1.12.0/res/animator/m3_card_elevated_state_list_anim.xml to /home/runner/.gradle/caches/8.9/transforms/c85c7a369295bb218c7dd51f8249c26d-d6a37501-5a8e-43be-9053-e2cb18a28371/transformed/com.google.android.material/animator_m3_card_elevated_state_list_anim.xml.flat
Compiling xml file /home/runner/.gradle/caches/8.9/transforms/b4d4520d3a7500151f758a57e313542a/transformed/material-1.12.0/res/animator/mtrl_extended_fab_state_list_animator.xml to /home/runner/.gradle/caches/8.9/transforms/c85c7a369295bb218c7dd51f8249c26d-d6a37501-5a8e-43be-9053-e2cb18a28371/transformed/com.google.android.material/animator_mtrl_extended_fab_state_list_animator.xml.flat
Compiling xml file /home/runner/.gradle/caches/8.9/transforms/b4d4520d3a7500151f758a57e313542a/transformed/material-1.12.0/res/animator/mtrl_fab_transformation_sheet_collapse_spec.xml to /home/runner/.gradle/caches/8.9/transforms/c85c7a369295bb218c7dd51f8249c26d-d6a37501-5a8e-43be-9053-e2cb18a28371/transformed/com.google.android.material/animator_mtrl_fab_transformation_sheet_collapse_spec.xml.flat
Compiling xml file /home/runner/.gradle/caches/8.9/transforms/b4d4520d3a7500151f758a57e313542a/transformed/material-1.12.0/res/animator/mtrl_card_state_list_anim.xml to /home/runner/.gradle/caches/8.9/transforms/c85c7a369295bb218c7dd51f8249c26d-d6a37501-5a8e-43be-9053-e2cb18a28371/transformed/com.google.android.material/animator_mtrl_card_state_list_anim.xml.flat
Compiling xml file /home/runner/.gradle/caches/8.9/transforms/b4d4520d3a7500151f758a57e313542a/transformed/material-1.12.0/res/animator/m3_extended_fab_change_size_collapse_motion_spec.xml to /home/runner/.gradle/caches/8.9/transforms/c85c7a369295bb218c7dd51f8249c26d-d6a37501-5a8e-43be-9053-e2cb18a28371/transformed/com.google.android.material/animator_m3_extended_fab_change_size_collapse_motion_spec.xml.flat
Compiling xml file /home/runner/.gradle/caches/8.9/transforms/b4d4520d3a7500151f758a57e313542a/transformed/material-1.12.0/res/animator/m3_extended_fab_hide_motion_spec.xml to /home/runner/.gradle/caches/8.9/transforms/c85c7a369295bb218c7dd51f8249c26d-d6a37501-5a8e-43be-9053-e2cb18a28371/transformed/com.google.android.material/animator_m3_extended_fab_hide_motion_spec.xml.flat
Compiling xml file /home/runner/.gradle/caches/8.9/transforms/b4d4520d3a7500151f758a57e313542a/transformed/material-1.12.0/res/animator/mtrl_btn_unelevated_state_list_anim.xml to /home/runner/.gradle/caches/8.9/transforms/c85c7a369295bb218c7dd51f8249c26d-d6a37501-5a8e-43be-9053-e2cb18a28371/transformed/com.google.android.material/animator_mtrl_btn_unelevated_state_list_anim.xml.flat
Compiling xml file /home/runner/.gradle/caches/8.9/transforms/b4d4520d3a7500151f758a57e313542a/transformed/material-1.12.0/res/animator/m3_elevated_chip_state_list_anim.xml to /home/runner/.gradle/caches/8.9/transforms/c85c7a369295bb218c7dd51f8249c26d-d6a37501-5a8e-43be-9053-e2cb18a28371/transformed/com.google.android.material/animator_m3_elevated_chip_state_list_anim.xml.flat
Compiling xml file /home/runner/.gradle/caches/8.9/transforms/b4d4520d3a7500151f758a57e313542a/transformed/material-1.12.0/res/animator/mtrl_fab_show_motion_spec.xml to /home/runner/.gradle/caches/8.9/transforms/c85c7a369295bb218c7dd51f8249c26d-d6a37501-5a8e-43be-9053-e2cb18a28371/transformed/com.google.android.material/animator_mtrl_fab_show_motion_spec.xml.flat
Compiling xml file /home/runner/.gradle/caches/8.9/transforms/b4d4520d3a7500151f758a57e313542a/transformed/material-1.12.0/res/animator/m3_btn_elevated_btn_state_list_anim.xml to /home/runner/.gradle/caches/8.9/transforms/c85c7a369295bb218c7dd51f8249c26d-d6a37501-5a8e-43be-9053-e2cb18a28371/transformed/com.google.android.material/animator_m3_btn_elevated_btn_state_list_anim.xml.flat
Compiling xml file /home/runner/.gradle/caches/8.9/transforms/b4d4520d3a7500151f758a57e313542a/transformed/material-1.12.0/res/animator/m3_chip_state_list_anim.xml to /home/runner/.gradle/caches/8.9/transforms/c85c7a369295bb218c7dd51f8249c26d-d6a37501-5a8e-43be-9053-e2cb18a28371/transformed/com.google.android.material/animator_m3_chip_state_list_anim.xml.flat
Compiling xml file /home/runner/.gradle/caches/8.9/transforms/b4d4520d3a7500151f758a57e313542a/transformed/material-1.12.0/res/animator/design_fab_show_motion_spec.xml to /home/runner/.gradle/caches/8.9/transforms/c85c7a369295bb218c7dd51f8249c26d-d6a37501-5a8e-43be-9053-e2cb18a28371/transformed/com.google.android.material/animator_design_fab_show_motion_spec.xml.flat
Compiling xml file /home/runner/.gradle/caches/8.9/transforms/b4d4520d3a7500151f758a57e313542a/transformed/material-1.12.0/res/animator/m3_btn_state_list_anim.xml to /home/runner/.gradle/caches/8.9/transforms/c85c7a369295bb218c7dd51f8249c26d-d6a37501-5a8e-43be-9053-e2cb18a28371/transformed/com.google.android.material/animator_m3_btn_state_list_anim.xml.flat
Compiling xml file /home/runner/.gradle/caches/8.9/transforms/b4d4520d3a7500151f758a57e313542a/transformed/material-1.12.0/res/animator/m3_extended_fab_show_motion_spec.xml to /home/runner/.gradle/caches/8.9/transforms/c85c7a369295bb218c7dd51f8249c26d-d6a37501-5a8e-43be-9053-e2cb18a28371/transformed/com.google.android.material/animator_m3_extended_fab_show_motion_spec.xml.flat
Compiling xml file /home/runner/.gradle/caches/8.9/transforms/b4d4520d3a7500151f758a57e313542a/transformed/material-1.12.0/res/animator/mtrl_extended_fab_show_motion_spec.xml to /home/runner/.gradle/caches/8.9/transforms/c85c7a369295bb218c7dd51f8249c26d-d6a37501-5a8e-43be-9053-e2cb18a28371/transformed/com.google.android.material/animator_mtrl_extended_fab_show_motion_spec.xml.flat
Compiling xml file /home/runner/.gradle/caches/8.9/transforms/b4d4520d3a7500151f758a57e313542a/transformed/material-1.12.0/res/animator/mtrl_fab_hide_motion_spec.xml to /home/runner/.gradle/caches/8.9/transforms/c85c7a369295bb218c7dd51f8249c26d-d6a37501-5a8e-43be-9053-e2cb18a28371/transformed/com.google.android.material/animator_mtrl_fab_hide_motion_spec.xml.flat
Compiling xml file /home/runner/.gradle/caches/8.9/transforms/b4d4520d3a7500151f758a57e313542a/transformed/material-1.12.0/res/animator/m3_extended_fab_state_list_animator.xml to /home/runner/.gradle/caches/8.9/transforms/c85c7a369295bb218c7dd51f8249c26d-d6a37501-5a8e-43be-9053-e2cb18a28371/transformed/com.google.android.material/animator_m3_extended_fab_state_list_animator.xml.flat
Compiling xml file /home/runner/.gradle/caches/8.9/transforms/b4d4520d3a7500151f758a57e313542a/transformed/material-1.12.0/res/animator/design_fab_hide_motion_spec.xml to /home/runner/.gradle/caches/8.9/transforms/c85c7a369295bb218c7dd51f8249c26d-d6a37501-5a8e-43be-9053-e2cb18a28371/transformed/com.google.android.material/animator_design_fab_hide_motion_spec.xml.flat
Compiling xml file /home/runner/.gradle/caches/8.9/transforms/b4d4520d3a7500151f758a57e313542a/transformed/material-1.12.0/res/color-v31/m3_dynamic_primary_text_disable_only.xml to /home/runner/.gradle/caches/8.9/transforms/c85c7a369295bb218c7dd51f8249c26d-d6a37501-5a8e-43be-9053-e2cb18a28371/transformed/com.google.android.material/color-v31_m3_dynamic_primary_text_disable_only.xml.flat
Compiling xml file /home/runner/.gradle/caches/8.9/transforms/b4d4520d3a7500151f758a57e313542a/transformed/material-1.12.0/res/color-v31/m3_dynamic_dark_default_color_primary_text.xml to /home/runner/.gradle/caches/8.9/transforms/c85c7a369295bb218c7dd51f8249c26d-d6a37501-5a8e-43be-9053-e2cb18a28371/transformed/com.google.android.material/color-v31_m3_dynamic_dark_default_color_primary_text.xml.flat
Compiling xml file /home/runner/.gradle/caches/8.9/transforms/b4d4520d3a7500151f758a57e313542a/transformed/material-1.12.0/res/color-v31/m3_ref_palette_dynamic_neutral94.xml to /home/runner/.gradle/caches/8.9/transforms/c85c7a369295bb218c7dd51f8249c26d-d6a37501-5a8e-43be-9053-e2cb18a28371/transformed/com.google.android.material/color-v31_m3_ref_palette_dynamic_neutral94.xml.flat
Compiling xml file /home/runner/.gradle/caches/8.9/transforms/b4d4520d3a7500151f758a57e313542a/transformed/material-1.12.0/res/color-v31/m3_ref_palette_dynamic_neutral6.xml to /home/runner/.gradle/caches/8.9/transforms/c85c7a369295bb218c7dd51f8249c26d-d6a37501-5a8e-43be-9053-e2cb18a28371/transformed/com.google.android.material/color-v31_m3_ref_palette_dynamic_neutral6.xml.flat
Compiling xml file /home/runner/.gradle/caches/8.9/transforms/b4d4520d3a7500151f758a57e313542a/transformed/material-1.12.0/res/color-v31/m3_ref_palette_dynamic_neutral_variant22.xml to /home/runner/.gradle/caches/8.9/transforms/c85c7a369295bb218c7dd51f8249c26d-d6a37501-5a8e-43be-9053-e2cb18a28371/transformed/com.google.android.material/color-v31_m3_ref_palette_dynamic_neutral_variant22.xml.flat
Compiling xml file /home/runner/.gradle/caches/8.9/transforms/b4d4520d3a7500151f758a57e313542a/transformed/material-1.12.0/res/color-v31/m3_ref_palette_dynamic_neutral98.xml to /home/runner/.gradle/caches/8.9/transforms/c85c7a369295bb218c7dd51f8249c26d-d6a37501-5a8e-43be-9053-e2cb18a28371/transformed/com.google.android.material/color-v31_m3_ref_palette_dynamic_neutral98.xml.flat
Compiling xml file /home/runner/.gradle/caches/8.9/transforms/b4d4520d3a7500151f758a57e313542a/transformed/material-1.12.0/res/color-v31/m3_dynamic_default_color_primary_text.xml to /home/runner/.gradle/caches/8.9/transforms/c85c7a369295bb218c7dd51f8249c26d-d6a37501-5a8e-43be-9053-e2cb18a28371/transformed/com.google.android.material/color-v31_m3_dynamic_default_color_primary_text.xml.flat
Compiling xml file /home/runner/.gradle/caches/8.9/transforms/1dde5f983d8d8b69105a239187db4900/transformed/appcompat-1.7.0/res/drawable-v23/abc_control_background_material.xml to /home/runner/.gradle/caches/8.9/transforms/c6907b42fb7c86b6206a331dae96a92b-e08984fc-0a39-48ee-8b60-2ef14ae1c2b0/transformed/androidx.appcompat/drawable-v23_abc_control_background_material.xml.flat
Compiling xml file /home/runner/.gradle/caches/8.9/transforms/b4d4520d3a7500151f758a57e313542a/transformed/material-1.12.0/res/color-v31/m3_ref_palette_dynamic_neutral_variant4.xml to /home/runner/.gradle/caches/8.9/transforms/c85c7a369295bb218c7dd51f8249c26d-d6a37501-5a8e-43be-9053-e2cb18a28371/transformed/com.google.android.material/color-v31_m3_ref_palette_dynamic_neutral_variant4.xml.flat
Compiling xml file /home/runner/.gradle/caches/8.9/transforms/1dde5f983d8d8b69105a239187db4900/transformed/appcompat-1.7.0/res/color/abc_hint_foreground_material_light.xml to /home/runner/.gradle/caches/8.9/transforms/c6907b42fb7c86b6206a331dae96a92b-e08984fc-0a39-48ee-8b60-2ef14ae1c2b0/transformed/androidx.appcompat/color_abc_hint_foreground_material_light.xml.flat
Compiling xml file /home/runner/.gradle/caches/8.9/transforms/b4d4520d3a7500151f758a57e313542a/transformed/material-1.12.0/res/color-v31/m3_ref_palette_dynamic_neutral_variant98.xml to /home/runner/.gradle/caches/8.9/transforms/c85c7a369295bb218c7dd51f8249c26d-d6a37501-5a8e-43be-9053-e2cb18a28371/transformed/com.google.android.material/color-v31_m3_ref_palette_dynamic_neutral_variant98.xml.flat
Compiling xml file /home/runner/.gradle/caches/8.9/transforms/1dde5f983d8d8b69105a239187db4900/transformed/appcompat-1.7.0/res/color/abc_tint_switch_track.xml to /home/runner/.gradle/caches/8.9/transforms/c6907b42fb7c86b6206a331dae96a92b-e08984fc-0a39-48ee-8b60-2ef14ae1c2b0/transformed/androidx.appcompat/color_abc_tint_switch_track.xml.flat
Compiling xml file /home/runner/.gradle/caches/8.9/transforms/b4d4520d3a7500151f758a57e313542a/transformed/material-1.12.0/res/color-v31/m3_ref_palette_dynamic_neutral_variant24.xml to /home/runner/.gradle/caches/8.9/transforms/c85c7a369295bb218c7dd51f8249c26d-d6a37501-5a8e-43be-9053-e2cb18a28371/transformed/com.google.android.material/color-v31_m3_ref_palette_dynamic_neutral_variant24.xml.flat
Compiling xml file /home/runner/.gradle/caches/8.9/transforms/1dde5f983d8d8b69105a239187db4900/transformed/appcompat-1.7.0/res/color/abc_tint_edittext.xml to /home/runner/.gradle/caches/8.9/transforms/c6907b42fb7c86b6206a331dae96a92b-e08984fc-0a39-48ee-8b60-2ef14ae1c2b0/transformed/androidx.appcompat/color_abc_tint_edittext.xml.flat
Compiling xml file /home/runner/.gradle/caches/8.9/transforms/1dde5f983d8d8b69105a239187db4900/transformed/appcompat-1.7.0/res/color/abc_background_cache_hint_selector_material_light.xml to /home/runner/.gradle/caches/8.9/transforms/c6907b42fb7c86b6206a331dae96a92b-e08984fc-0a39-48ee-8b60-2ef14ae1c2b0/transformed/androidx.appcompat/color_abc_background_cache_hint_selector_material_light.xml.flat
Compiling xml file /home/runner/.gradle/caches/8.9/transforms/1dde5f983d8d8b69105a239187db4900/transformed/appcompat-1.7.0/res/color/abc_tint_default.xml to /home/runner/.gradle/caches/8.9/transforms/c6907b42fb7c86b6206a331dae96a92b-e08984fc-0a39-48ee-8b60-2ef14ae1c2b0/transformed/androidx.appcompat/color_abc_tint_default.xml.flat
Compiling xml file /home/runner/.gradle/caches/8.9/transforms/1dde5f983d8d8b69105a239187db4900/transformed/appcompat-1.7.0/res/color/abc_background_cache_hint_selector_material_dark.xml to /home/runner/.gradle/caches/8.9/transforms/c6907b42fb7c86b6206a331dae96a92b-e08984fc-0a39-48ee-8b60-2ef14ae1c2b0/transformed/androidx.appcompat/color_abc_background_cache_hint_selector_material_dark.xml.flat
Compiling xml file /home/runner/.gradle/caches/8.9/transforms/1dde5f983d8d8b69105a239187db4900/transformed/appcompat-1.7.0/res/color/switch_thumb_material_light.xml to /home/runner/.gradle/caches/8.9/transforms/c6907b42fb7c86b6206a331dae96a92b-e08984fc-0a39-48ee-8b60-2ef14ae1c2b0/transformed/androidx.appcompat/color_switch_thumb_material_light.xml.flat
Compiling xml file /home/runner/.gradle/caches/8.9/transforms/1dde5f983d8d8b69105a239187db4900/transformed/appcompat-1.7.0/res/color/abc_secondary_text_material_dark.xml to /home/runner/.gradle/caches/8.9/transforms/c6907b42fb7c86b6206a331dae96a92b-e08984fc-0a39-48ee-8b60-2ef14ae1c2b0/transformed/androidx.appcompat/color_abc_secondary_text_material_dark.xml.flat
Compiling xml file /home/runner/.gradle/caches/8.9/transforms/1dde5f983d8d8b69105a239187db4900/transformed/appcompat-1.7.0/res/color/abc_secondary_text_material_light.xml to /home/runner/.gradle/caches/8.9/transforms/c6907b42fb7c86b6206a331dae96a92b-e08984fc-0a39-48ee-8b60-2ef14ae1c2b0/transformed/androidx.appcompat/color_abc_secondary_text_material_light.xml.flat
Compiling xml file /home/runner/.gradle/caches/8.9/transforms/1dde5f983d8d8b69105a239187db4900/transformed/appcompat-1.7.0/res/color/abc_hint_foreground_material_dark.xml to /home/runner/.gradle/caches/8.9/transforms/c6907b42fb7c86b6206a331dae96a92b-e08984fc-0a39-48ee-8b60-2ef14ae1c2b0/transformed/androidx.appcompat/color_abc_hint_foreground_material_dark.xml.flat
Compiling xml file /home/runner/.gradle/caches/8.9/transforms/b4d4520d3a7500151f758a57e313542a/transformed/material-1.12.0/res/color-v31/m3_dynamic_highlighted_text.xml to /home/runner/.gradle/caches/8.9/transforms/c85c7a369295bb218c7dd51f8249c26d-d6a37501-5a8e-43be-9053-e2cb18a28371/transformed/com.google.android.material/color-v31_m3_dynamic_highlighted_text.xml.flat
Compiling xml file /home/runner/.gradle/caches/8.9/transforms/b4d4520d3a7500151f758a57e313542a/transformed/material-1.12.0/res/color-v31/m3_ref_palette_dynamic_neutral_variant94.xml to /home/runner/.gradle/caches/8.9/transforms/c85c7a369295bb218c7dd51f8249c26d-d6a37501-5a8e-43be-9053-e2cb18a28371/transformed/com.google.android.material/color-v31_m3_ref_palette_dynamic_neutral_variant94.xml.flat
Compiling xml file /home/runner/.gradle/caches/8.9/transforms/b4d4520d3a7500151f758a57e313542a/transformed/material-1.12.0/res/color-v31/m3_dynamic_dark_primary_text_disable_only.xml to /home/runner/.gradle/caches/8.9/transforms/c85c7a369295bb218c7dd51f8249c26d-d6a37501-5a8e-43be-9053-e2cb18a28371/transformed/com.google.android.material/color-v31_m3_dynamic_dark_primary_text_disable_only.xml.flat
Compiling xml file /home/runner/.gradle/caches/8.9/transforms/b4d4520d3a7500151f758a57e313542a/transformed/material-1.12.0/res/color-v31/m3_ref_palette_dynamic_neutral_variant87.xml to /home/runner/.gradle/caches/8.9/transforms/c85c7a369295bb218c7dd51f8249c26d-d6a37501-5a8e-43be-9053-e2cb18a28371/transformed/com.google.android.material/color-v31_m3_ref_palette_dynamic_neutral_variant87.xml.flat
Compiling xml file /home/runner/.gradle/caches/8.9/transforms/b4d4520d3a7500151f758a57e313542a/transformed/material-1.12.0/res/color-v31/m3_dynamic_hint_foreground.xml to /home/runner/.gradle/caches/8.9/transforms/c85c7a369295bb218c7dd51f8249c26d-d6a37501-5a8e-43be-9053-e2cb18a28371/transformed/com.google.android.material/color-v31_m3_dynamic_hint_foreground.xml.flat
Compiling xml file /home/runner/.gradle/caches/8.9/transforms/b4d4520d3a7500151f758a57e313542a/transformed/material-1.12.0/res/color-v31/m3_ref_palette_dynamic_neutral87.xml to /home/runner/.gradle/caches/8.9/transforms/c85c7a369295bb218c7dd51f8249c26d-d6a37501-5a8e-43be-9053-e2cb18a28371/transformed/com.google.android.material/color-v31_m3_ref_palette_dynamic_neutral87.xml.flat
Compiling xml file /home/runner/.gradle/caches/8.9/transforms/b4d4520d3a7500151f758a57e313542a/transformed/material-1.12.0/res/color-v31/m3_ref_palette_dynamic_neutral12.xml to /home/runner/.gradle/caches/8.9/transforms/c85c7a369295bb218c7dd51f8249c26d-d6a37501-5a8e-43be-9053-e2cb18a28371/transformed/com.google.android.material/color-v31_m3_ref_palette_dynamic_neutral12.xml.flat
Compiling xml file /home/runner/.gradle/caches/8.9/transforms/b4d4520d3a7500151f758a57e313542a/transformed/material-1.12.0/res/color-v31/m3_ref_palette_dynamic_neutral_variant96.xml to /home/runner/.gradle/caches/8.9/transforms/c85c7a369295bb218c7dd51f8249c26d-d6a37501-5a8e-43be-9053-e2cb18a28371/transformed/com.google.android.material/color-v31_m3_ref_palette_dynamic_neutral_variant96.xml.flat
Compiling xml file /home/runner/.gradle/caches/8.9/transforms/b4d4520d3a7500151f758a57e313542a/transformed/material-1.12.0/res/color-v31/m3_ref_palette_dynamic_neutral92.xml to /home/runner/.gradle/caches/8.9/transforms/c85c7a369295bb218c7dd51f8249c26d-d6a37501-5a8e-43be-9053-e2cb18a28371/transformed/com.google.android.material/color-v31_m3_ref_palette_dynamic_neutral92.xml.flat
Compiling xml file /home/runner/.gradle/caches/8.9/transforms/b4d4520d3a7500151f758a57e313542a/transformed/material-1.12.0/res/color-v31/m3_dynamic_default_color_secondary_text.xml to /home/runner/.gradle/caches/8.9/transforms/c85c7a369295bb218c7dd51f8249c26d-d6a37501-5a8e-43be-9053-e2cb18a28371/transformed/com.google.android.material/color-v31_m3_dynamic_default_color_secondary_text.xml.flat
Compiling xml file /home/runner/.gradle/caches/8.9/transforms/1dde5f983d8d8b69105a239187db4900/transformed/appcompat-1.7.0/res/color/abc_primary_text_disable_only_material_light.xml to /home/runner/.gradle/caches/8.9/transforms/c6907b42fb7c86b6206a331dae96a92b-e08984fc-0a39-48ee-8b60-2ef14ae1c2b0/transformed/androidx.appcompat/color_abc_primary_text_disable_only_material_light.xml.flat
Compiling xml file /home/runner/.gradle/caches/8.9/transforms/b4d4520d3a7500151f758a57e313542a/transformed/material-1.12.0/res/color-v31/m3_ref_palette_dynamic_neutral17.xml to /home/runner/.gradle/caches/8.9/transforms/c85c7a369295bb218c7dd51f8249c26d-d6a37501-5a8e-43be-9053-e2cb18a28371/transformed/com.google.android.material/color-v31_m3_ref_palette_dynamic_neutral17.xml.flat
Compiling xml file /home/runner/.gradle/caches/8.9/transforms/1dde5f983d8d8b69105a239187db4900/transformed/appcompat-1.7.0/res/color/abc_tint_spinner.xml to /home/runner/.gradle/caches/8.9/transforms/c6907b42fb7c86b6206a331dae96a92b-e08984fc-0a39-48ee-8b60-2ef14ae1c2b0/transformed/androidx.appcompat/color_abc_tint_spinner.xml.flat
Compiling xml file /home/runner/.gradle/caches/8.9/transforms/b4d4520d3a7500151f758a57e313542a/transformed/material-1.12.0/res/color-v31/m3_dynamic_dark_hint_foreground.xml to /home/runner/.gradle/caches/8.9/transforms/c85c7a369295bb218c7dd51f8249c26d-d6a37501-5a8e-43be-9053-e2cb18a28371/transformed/com.google.android.material/color-v31_m3_dynamic_dark_hint_foreground.xml.flat
Compiling xml file /home/runner/.gradle/caches/8.9/transforms/1dde5f983d8d8b69105a239187db4900/transformed/appcompat-1.7.0/res/color/abc_primary_text_material_dark.xml to /home/runner/.gradle/caches/8.9/transforms/c6907b42fb7c86b6206a331dae96a92b-e08984fc-0a39-48ee-8b60-2ef14ae1c2b0/transformed/androidx.appcompat/color_abc_primary_text_material_dark.xml.flat
Compiling xml file /home/runner/.gradle/caches/8.9/transforms/b4d4520d3a7500151f758a57e313542a/transformed/material-1.12.0/res/color-v31/m3_ref_palette_dynamic_neutral96.xml to /home/runner/.gradle/caches/8.9/transforms/c85c7a369295bb218c7dd51f8249c26d-d6a37501-5a8e-43be-9053-e2cb18a28371/transformed/com.google.android.material/color-v31_m3_ref_palette_dynamic_neutral96.xml.flat
Compiling xml file /home/runner/.gradle/caches/8.9/transforms/1dde5f983d8d8b69105a239187db4900/transformed/appcompat-1.7.0/res/color/abc_btn_colored_text_material.xml to /home/runner/.gradle/caches/8.9/transforms/c6907b42fb7c86b6206a331dae96a92b-e08984fc-0a39-48ee-8b60-2ef14ae1c2b0/transformed/androidx.appcompat/color_abc_btn_colored_text_material.xml.flat
Compiling xml file /home/runner/.gradle/caches/8.9/transforms/b4d4520d3a7500151f758a57e313542a/transformed/material-1.12.0/res/color-v31/m3_ref_palette_dynamic_neutral22.xml to /home/runner/.gradle/caches/8.9/transforms/c85c7a369295bb218c7dd51f8249c26d-d6a37501-5a8e-43be-9053-e2cb18a28371/transformed/com.google.android.material/color-v31_m3_ref_palette_dynamic_neutral22.xml.flat
Compiling xml file /home/runner/.gradle/caches/8.9/transforms/1dde5f983d8d8b69105a239187db4900/transformed/appcompat-1.7.0/res/color/abc_tint_btn_checkable.xml to /home/runner/.gradle/caches/8.9/transforms/c6907b42fb7c86b6206a331dae96a92b-e08984fc-0a39-48ee-8b60-2ef14ae1c2b0/transformed/androidx.appcompat/color_abc_tint_btn_checkable.xml.flat
Compiling xml file /home/runner/.gradle/caches/8.9/transforms/1dde5f983d8d8b69105a239187db4900/transformed/appcompat-1.7.0/res/color/abc_search_url_text.xml to /home/runner/.gradle/caches/8.9/transforms/c6907b42fb7c86b6206a331dae96a92b-e08984fc-0a39-48ee-8b60-2ef14ae1c2b0/transformed/androidx.appcompat/color_abc_search_url_text.xml.flat
Compiling xml file /home/runner/.gradle/caches/8.9/transforms/1dde5f983d8d8b69105a239187db4900/transformed/appcompat-1.7.0/res/color/switch_thumb_material_dark.xml to /home/runner/.gradle/caches/8.9/transforms/c6907b42fb7c86b6206a331dae96a92b-e08984fc-0a39-48ee-8b60-2ef14ae1c2b0/transformed/androidx.appcompat/color_switch_thumb_material_dark.xml.flat
Compiling xml file /home/runner/.gradle/caches/8.9/transforms/1dde5f983d8d8b69105a239187db4900/transformed/appcompat-1.7.0/res/color/abc_primary_text_disable_only_material_dark.xml to /home/runner/.gradle/caches/8.9/transforms/c6907b42fb7c86b6206a331dae96a92b-e08984fc-0a39-48ee-8b60-2ef14ae1c2b0/transformed/androidx.appcompat/color_abc_primary_text_disable_only_material_dark.xml.flat
Compiling xml file /home/runner/.gradle/caches/8.9/transforms/1dde5f983d8d8b69105a239187db4900/transformed/appcompat-1.7.0/res/color/abc_tint_seek_thumb.xml to /home/runner/.gradle/caches/8.9/transforms/c6907b42fb7c86b6206a331dae96a92b-e08984fc-0a39-48ee-8b60-2ef14ae1c2b0/transformed/androidx.appcompat/color_abc_tint_seek_thumb.xml.flat
Compiling xml file /home/runner/.gradle/caches/8.9/transforms/1dde5f983d8d8b69105a239187db4900/transformed/appcompat-1.7.0/res/color/abc_primary_text_material_light.xml to /home/runner/.gradle/caches/8.9/transforms/c6907b42fb7c86b6206a331dae96a92b-e08984fc-0a39-48ee-8b60-2ef14ae1c2b0/transformed/androidx.appcompat/color_abc_primary_text_material_light.xml.flat
Compiling xml file /home/runner/.gradle/caches/8.9/transforms/1dde5f983d8d8b69105a239187db4900/transformed/appcompat-1.7.0/res/color-v21/abc_btn_colored_borderless_text_material.xml to /home/runner/.gradle/caches/8.9/transforms/c6907b42fb7c86b6206a331dae96a92b-e08984fc-0a39-48ee-8b60-2ef14ae1c2b0/transformed/androidx.appcompat/color-v21_abc_btn_colored_borderless_text_material.xml.flat
Compiling xml file /home/runner/.gradle/caches/8.9/transforms/1dde5f983d8d8b69105a239187db4900/transformed/appcompat-1.7.0/res/drawable-v21/abc_btn_colored_material.xml to /home/runner/.gradle/caches/8.9/transforms/c6907b42fb7c86b6206a331dae96a92b-e08984fc-0a39-48ee-8b60-2ef14ae1c2b0/transformed/androidx.appcompat/drawable-v21_abc_btn_colored_material.xml.flat
Compiling xml file /home/runner/.gradle/caches/8.9/transforms/1dde5f983d8d8b69105a239187db4900/transformed/appcompat-1.7.0/res/drawable-v21/abc_list_divider_material.xml to /home/runner/.gradle/caches/8.9/transforms/c6907b42fb7c86b6206a331dae96a92b-e08984fc-0a39-48ee-8b60-2ef14ae1c2b0/transformed/androidx.appcompat/drawable-v21_abc_list_divider_material.xml.flat
Compiling xml file /home/runner/.gradle/caches/8.9/transforms/1dde5f983d8d8b69105a239187db4900/transformed/appcompat-1.7.0/res/drawable-v21/abc_dialog_material_background.xml to /home/runner/.gradle/caches/8.9/transforms/c6907b42fb7c86b6206a331dae96a92b-e08984fc-0a39-48ee-8b60-2ef14ae1c2b0/transformed/androidx.appcompat/drawable-v21_abc_dialog_material_background.xml.flat
Compiling xml file /home/runner/.gradle/caches/8.9/transforms/b4d4520d3a7500151f758a57e313542a/transformed/material-1.12.0/res/color-v31/m3_ref_palette_dynamic_neutral_variant92.xml to /home/runner/.gradle/caches/8.9/transforms/c85c7a369295bb218c7dd51f8249c26d-d6a37501-5a8e-43be-9053-e2cb18a28371/transformed/com.google.android.material/color-v31_m3_ref_palette_dynamic_neutral_variant92.xml.flat
Compiling xml file /home/runner/.gradle/caches/8.9/transforms/b4d4520d3a7500151f758a57e313542a/transformed/material-1.12.0/res/color-v31/m3_ref_palette_dynamic_neutral_variant12.xml to /home/runner/.gradle/caches/8.9/transforms/c85c7a369295bb218c7dd51f8249c26d-d6a37501-5a8e-43be-9053-e2cb18a28371/transformed/com.google.android.material/color-v31_m3_ref_palette_dynamic_neutral_variant12.xml.flat
Compiling xml file /home/runner/.gradle/caches/8.9/transforms/b4d4520d3a7500151f758a57e313542a/transformed/material-1.12.0/res/color-v31/m3_ref_palette_dynamic_neutral_variant17.xml to /home/runner/.gradle/caches/8.9/transforms/c85c7a369295bb218c7dd51f8249c26d-d6a37501-5a8e-43be-9053-e2cb18a28371/transformed/com.google.android.material/color-v31_m3_ref_palette_dynamic_neutral_variant17.xml.flat
Compiling xml file /home/runner/.gradle/caches/8.9/transforms/b4d4520d3a7500151f758a57e313542a/transformed/material-1.12.0/res/color-v31/m3_ref_palette_dynamic_neutral4.xml to /home/runner/.gradle/caches/8.9/transforms/c85c7a369295bb218c7dd51f8249c26d-d6a37501-5a8e-43be-9053-e2cb18a28371/transformed/com.google.android.material/color-v31_m3_ref_palette_dynamic_neutral4.xml.flat
Compiling xml file /home/runner/.gradle/caches/8.9/transforms/b4d4520d3a7500151f758a57e313542a/transformed/material-1.12.0/res/color-v31/m3_ref_palette_dynamic_neutral_variant6.xml to /home/runner/.gradle/caches/8.9/transforms/c85c7a369295bb218c7dd51f8249c26d-d6a37501-5a8e-43be-9053-e2cb18a28371/transformed/com.google.android.material/color-v31_m3_ref_palette_dynamic_neutral_variant6.xml.flat
Compiling xml file /home/runner/.gradle/caches/8.9/transforms/b4d4520d3a7500151f758a57e313542a/transformed/material-1.12.0/res/color-v31/m3_dynamic_dark_highlighted_text.xml to /home/runner/.gradle/caches/8.9/transforms/c85c7a369295bb218c7dd51f8249c26d-d6a37501-5a8e-43be-9053-e2cb18a28371/transformed/com.google.android.material/color-v31_m3_dynamic_dark_highlighted_text.xml.flat
Compiling xml file /home/runner/.gradle/caches/8.9/transforms/b4d4520d3a7500151f758a57e313542a/transformed/material-1.12.0/res/color-v31/m3_ref_palette_dynamic_neutral24.xml to /home/runner/.gradle/caches/8.9/transforms/c85c7a369295bb218c7dd51f8249c26d-d6a37501-5a8e-43be-9053-e2cb18a28371/transformed/com.google.android.material/color-v31_m3_ref_palette_dynamic_neutral24.xml.flat
Compiling xml file /home/runner/.gradle/caches/8.9/transforms/b4d4520d3a7500151f758a57e313542a/transformed/material-1.12.0/res/color-v31/m3_dynamic_dark_default_color_secondary_text.xml to /home/runner/.gradle/caches/8.9/transforms/c85c7a369295bb218c7dd51f8249c26d-d6a37501-5a8e-43be-9053-e2cb18a28371/transformed/com.google.android.material/color-v31_m3_dynamic_dark_default_color_secondary_text.xml.flat
Compiling xml file /home/runner/.gradle/caches/8.9/transforms/b4d4520d3a7500151f758a57e313542a/transformed/material-1.12.0/res/layout/design_bottom_navigation_item.xml to /home/runner/.gradle/caches/8.9/transforms/c85c7a369295bb218c7dd51f8249c26d-d6a37501-5a8e-43be-9053-e2cb18a28371/transformed/com.google.android.material/layout_design_bottom_navigation_item.xml.flat
Compiling xml file /home/runner/.gradle/caches/8.9/transforms/b4d4520d3a7500151f758a57e313542a/transformed/material-1.12.0/res/layout/mtrl_calendar_vertical.xml to /home/runner/.gradle/caches/8.9/transforms/c85c7a369295bb218c7dd51f8249c26d-d6a37501-5a8e-43be-9053-e2cb18a28371/transformed/com.google.android.material/layout_mtrl_calendar_vertical.xml.flat
Compiling xml file /home/runner/.gradle/caches/8.9/transforms/b4d4520d3a7500151f758a57e313542a/transformed/material-1.12.0/res/layout/design_layout_snackbar_include.xml to /home/runner/.gradle/caches/8.9/transforms/c85c7a369295bb218c7dd51f8249c26d-d6a37501-5a8e-43be-9053-e2cb18a28371/transformed/com.google.android.material/layout_design_layout_snackbar_include.xml.flat
Compiling xml file /home/runner/.gradle/caches/8.9/transforms/1dde5f983d8d8b69105a239187db4900/transformed/appcompat-1.7.0/res/drawable-v21/abc_action_bar_item_background_material.xml to /home/runner/.gradle/caches/8.9/transforms/c6907b42fb7c86b6206a331dae96a92b-e08984fc-0a39-48ee-8b60-2ef14ae1c2b0/transformed/androidx.appcompat/drawable-v21_abc_action_bar_item_background_material.xml.flat
Compiling xml file /home/runner/.gradle/caches/8.9/transforms/1dde5f983d8d8b69105a239187db4900/transformed/appcompat-1.7.0/res/drawable-v21/abc_edit_text_material.xml to /home/runner/.gradle/caches/8.9/transforms/c6907b42fb7c86b6206a331dae96a92b-e08984fc-0a39-48ee-8b60-2ef14ae1c2b0/transformed/androidx.appcompat/drawable-v21_abc_edit_text_material.xml.flat
Compiling xml file /home/runner/.gradle/caches/8.9/transforms/1dde5f983d8d8b69105a239187db4900/transformed/appcompat-1.7.0/res/anim/btn_radio_to_off_mtrl_ring_outer_animation.xml to /home/runner/.gradle/caches/8.9/transforms/c6907b42fb7c86b6206a331dae96a92b-e08984fc-0a39-48ee-8b60-2ef14ae1c2b0/transformed/androidx.appcompat/anim_btn_radio_to_off_mtrl_ring_outer_animation.xml.flat
Compiling xml file /home/runner/.gradle/caches/8.9/transforms/1dde5f983d8d8b69105a239187db4900/transformed/appcompat-1.7.0/res/anim/abc_shrink_fade_out_from_bottom.xml to /home/runner/.gradle/caches/8.9/transforms/c6907b42fb7c86b6206a331dae96a92b-e08984fc-0a39-48ee-8b60-2ef14ae1c2b0/transformed/androidx.appcompat/anim_abc_shrink_fade_out_from_bottom.xml.flat
Compiling xml file /home/runner/.gradle/caches/8.9/transforms/b4d4520d3a7500151f758a57e313542a/transformed/material-1.12.0/res/layout/mtrl_picker_header_selection_text.xml to /home/runner/.gradle/caches/8.9/transforms/c85c7a369295bb218c7dd51f8249c26d-d6a37501-5a8e-43be-9053-e2cb18a28371/transformed/com.google.android.material/layout_mtrl_picker_header_selection_text.xml.flat
Compiling xml file /home/runner/.gradle/caches/8.9/transforms/1dde5f983d8d8b69105a239187db4900/transformed/appcompat-1.7.0/res/anim/abc_fade_in.xml to /home/runner/.gradle/caches/8.9/transforms/c6907b42fb7c86b6206a331dae96a92b-e08984fc-0a39-48ee-8b60-2ef14ae1c2b0/transformed/androidx.appcompat/anim_abc_fade_in.xml.flat
Compiling xml file /home/runner/.gradle/caches/8.9/transforms/b4d4520d3a7500151f758a57e313542a/transformed/material-1.12.0/res/layout/mtrl_alert_select_dialog_singlechoice.xml to /home/runner/.gradle/caches/8.9/transforms/c85c7a369295bb218c7dd51f8249c26d-d6a37501-5a8e-43be-9053-e2cb18a28371/transformed/com.google.android.material/layout_mtrl_alert_select_dialog_singlechoice.xml.flat
Compiling xml file /home/runner/.gradle/caches/8.9/transforms/1dde5f983d8d8b69105a239187db4900/transformed/appcompat-1.7.0/res/anim/abc_tooltip_exit.xml to /home/runner/.gradle/caches/8.9/transforms/c6907b42fb7c86b6206a331dae96a92b-e08984fc-0a39-48ee-8b60-2ef14ae1c2b0/transformed/androidx.appcompat/anim_abc_tooltip_exit.xml.flat
Compiling xml file /home/runner/.gradle/caches/8.9/transforms/1dde5f983d8d8b69105a239187db4900/transformed/appcompat-1.7.0/res/anim/abc_slide_out_bottom.xml to /home/runner/.gradle/caches/8.9/transforms/c6907b42fb7c86b6206a331dae96a92b-e08984fc-0a39-48ee-8b60-2ef14ae1c2b0/transformed/androidx.appcompat/anim_abc_slide_out_bottom.xml.flat
Compiling xml file /home/runner/.gradle/caches/8.9/transforms/1dde5f983d8d8b69105a239187db4900/transformed/appcompat-1.7.0/res/anim/btn_checkbox_to_checked_box_outer_merged_animation.xml to /home/runner/.gradle/caches/8.9/transforms/c6907b42fb7c86b6206a331dae96a92b-e08984fc-0a39-48ee-8b60-2ef14ae1c2b0/transformed/androidx.appcompat/anim_btn_checkbox_to_checked_box_outer_merged_animation.xml.flat
Compiling xml file /home/runner/.gradle/caches/8.9/transforms/1dde5f983d8d8b69105a239187db4900/transformed/appcompat-1.7.0/res/anim/btn_radio_to_on_mtrl_dot_group_animation.xml to /home/runner/.gradle/caches/8.9/transforms/c6907b42fb7c86b6206a331dae96a92b-e08984fc-0a39-48ee-8b60-2ef14ae1c2b0/transformed/androidx.appcompat/anim_btn_radio_to_on_mtrl_dot_group_animation.xml.flat
Compiling xml file /home/runner/.gradle/caches/8.9/transforms/1dde5f983d8d8b69105a239187db4900/transformed/appcompat-1.7.0/res/anim/abc_popup_enter.xml to /home/runner/.gradle/caches/8.9/transforms/c6907b42fb7c86b6206a331dae96a92b-e08984fc-0a39-48ee-8b60-2ef14ae1c2b0/transformed/androidx.appcompat/anim_abc_popup_enter.xml.flat
Compiling xml file /home/runner/.gradle/caches/8.9/transforms/1dde5f983d8d8b69105a239187db4900/transformed/appcompat-1.7.0/res/anim/btn_checkbox_to_unchecked_check_path_merged_animation.xml to /home/runner/.gradle/caches/8.9/transforms/c6907b42fb7c86b6206a331dae96a92b-e08984fc-0a39-48ee-8b60-2ef14ae1c2b0/transformed/androidx.appcompat/anim_btn_checkbox_to_unchecked_check_path_merged_animation.xml.flat
Compiling xml file /home/runner/.gradle/caches/8.9/transforms/1dde5f983d8d8b69105a239187db4900/transformed/appcompat-1.7.0/res/anim/abc_grow_fade_in_from_bottom.xml to /home/runner/.gradle/caches/8.9/transforms/c6907b42fb7c86b6206a331dae96a92b-e08984fc-0a39-48ee-8b60-2ef14ae1c2b0/transformed/androidx.appcompat/anim_abc_grow_fade_in_from_bottom.xml.flat
Compiling xml file /home/runner/.gradle/caches/8.9/transforms/1dde5f983d8d8b69105a239187db4900/transformed/appcompat-1.7.0/res/anim/abc_fade_out.xml to /home/runner/.gradle/caches/8.9/transforms/c6907b42fb7c86b6206a331dae96a92b-e08984fc-0a39-48ee-8b60-2ef14ae1c2b0/transformed/androidx.appcompat/anim_abc_fade_out.xml.flat
Compiling xml file /home/runner/.gradle/caches/8.9/transforms/1dde5f983d8d8b69105a239187db4900/transformed/appcompat-1.7.0/res/anim/abc_tooltip_enter.xml to /home/runner/.gradle/caches/8.9/transforms/c6907b42fb7c86b6206a331dae96a92b-e08984fc-0a39-48ee-8b60-2ef14ae1c2b0/transformed/androidx.appcompat/anim_abc_tooltip_enter.xml.flat
Compiling xml file /home/runner/.gradle/caches/8.9/transforms/1dde5f983d8d8b69105a239187db4900/transformed/appcompat-1.7.0/res/anim/btn_checkbox_to_unchecked_box_inner_merged_animation.xml to /home/runner/.gradle/caches/8.9/transforms/c6907b42fb7c86b6206a331dae96a92b-e08984fc-0a39-48ee-8b60-2ef14ae1c2b0/transformed/androidx.appcompat/anim_btn_checkbox_to_unchecked_box_inner_merged_animation.xml.flat
Compiling xml file /home/runner/.gradle/caches/8.9/transforms/1dde5f983d8d8b69105a239187db4900/transformed/appcompat-1.7.0/res/anim/btn_radio_to_off_mtrl_ring_outer_path_animation.xml to /home/runner/.gradle/caches/8.9/transforms/c6907b42fb7c86b6206a331dae96a92b-e08984fc-0a39-48ee-8b60-2ef14ae1c2b0/transformed/androidx.appcompat/anim_btn_radio_to_off_mtrl_ring_outer_path_animation.xml.flat
Compiling xml file /home/runner/.gradle/caches/8.9/transforms/b4d4520d3a7500151f758a57e313542a/transformed/material-1.12.0/res/layout/m3_auto_complete_simple_item.xml to /home/runner/.gradle/caches/8.9/transforms/c85c7a369295bb218c7dd51f8249c26d-d6a37501-5a8e-43be-9053-e2cb18a28371/transformed/com.google.android.material/layout_m3_auto_complete_simple_item.xml.flat
Compiling xml file /home/runner/.gradle/caches/8.9/transforms/b4d4520d3a7500151f758a57e313542a/transformed/material-1.12.0/res/layout/mtrl_calendar_day.xml to /home/runner/.gradle/caches/8.9/transforms/c85c7a369295bb218c7dd51f8249c26d-d6a37501-5a8e-43be-9053-e2cb18a28371/transformed/com.google.android.material/layout_mtrl_calendar_day.xml.flat
Compiling xml file /home/runner/.gradle/caches/8.9/transforms/b4d4520d3a7500151f758a57e313542a/transformed/material-1.12.0/res/layout/design_navigation_item_subheader.xml to /home/runner/.gradle/caches/8.9/transforms/c85c7a369295bb218c7dd51f8249c26d-d6a37501-5a8e-43be-9053-e2cb18a28371/transformed/com.google.android.material/layout_design_navigation_item_subheader.xml.flat
Compiling xml file /home/runner/.gradle/caches/8.9/transforms/b4d4520d3a7500151f758a57e313542a/transformed/material-1.12.0/res/layout/material_chip_input_combo.xml to /home/runner/.gradle/caches/8.9/transforms/c85c7a369295bb218c7dd51f8249c26d-d6a37501-5a8e-43be-9053-e2cb18a28371/transformed/com.google.android.material/layout_material_chip_input_combo.xml.flat
Compiling xml file /home/runner/.gradle/caches/8.9/transforms/b4d4520d3a7500151f758a57e313542a/transformed/material-1.12.0/res/layout/design_navigation_item_header.xml to /home/runner/.gradle/caches/8.9/transforms/c85c7a369295bb218c7dd51f8249c26d-d6a37501-5a8e-43be-9053-e2cb18a28371/transformed/com.google.android.material/layout_design_navigation_item_header.xml.flat
Compiling xml file /home/runner/.gradle/caches/8.9/transforms/b4d4520d3a7500151f758a57e313542a/transformed/material-1.12.0/res/layout/design_menu_item_action_area.xml to /home/runner/.gradle/caches/8.9/transforms/c85c7a369295bb218c7dd51f8249c26d-d6a37501-5a8e-43be-9053-e2cb18a28371/transformed/com.google.android.material/layout_design_menu_item_action_area.xml.flat
Compiling xml file /home/runner/.gradle/caches/8.9/transforms/b4d4520d3a7500151f758a57e313542a/transformed/material-1.12.0/res/layout/material_timepicker.xml to /home/runner/.gradle/caches/8.9/transforms/c85c7a369295bb218c7dd51f8249c26d-d6a37501-5a8e-43be-9053-e2cb18a28371/transformed/com.google.android.material/layout_material_timepicker.xml.flat
Compiling xml file /home/runner/.gradle/caches/8.9/transforms/b4d4520d3a7500151f758a57e313542a/transformed/material-1.12.0/res/layout/material_textinput_timepicker.xml to /home/runner/.gradle/caches/8.9/transforms/c85c7a369295bb218c7dd51f8249c26d-d6a37501-5a8e-43be-9053-e2cb18a28371/transformed/com.google.android.material/layout_material_textinput_timepicker.xml.flat
Compiling xml file /home/runner/.gradle/caches/8.9/transforms/b4d4520d3a7500151f758a57e313542a/transformed/material-1.12.0/res/layout/mtrl_auto_complete_simple_item.xml to /home/runner/.gradle/caches/8.9/transforms/c85c7a369295bb218c7dd51f8249c26d-d6a37501-5a8e-43be-9053-e2cb18a28371/transformed/com.google.android.material/layout_mtrl_auto_complete_simple_item.xml.flat
Compiling xml file /home/runner/.gradle/caches/8.9/transforms/b4d4520d3a7500151f758a57e313542a/transformed/material-1.12.0/res/layout/mtrl_alert_select_dialog_item.xml to /home/runner/.gradle/caches/8.9/transforms/c85c7a369295bb218c7dd51f8249c26d-d6a37501-5a8e-43be-9053-e2cb18a28371/transformed/com.google.android.material/layout_mtrl_alert_select_dialog_item.xml.flat
Compiling xml file /home/runner/.gradle/caches/8.9/transforms/b4d4520d3a7500151f758a57e313542a/transformed/material-1.12.0/res/layout/material_timepicker_dialog.xml to /home/runner/.gradle/caches/8.9/transforms/c85c7a369295bb218c7dd51f8249c26d-d6a37501-5a8e-43be-9053-e2cb18a28371/transformed/com.google.android.material/layout_material_timepicker_dialog.xml.flat
Compiling xml file /home/runner/.gradle/caches/8.9/transforms/b4d4520d3a7500151f758a57e313542a/transformed/material-1.12.0/res/layout/material_clock_display.xml to /home/runner/.gradle/caches/8.9/transforms/c85c7a369295bb218c7dd51f8249c26d-d6a37501-5a8e-43be-9053-e2cb18a28371/transformed/com.google.android.material/layout_material_clock_display.xml.flat
Compiling xml file /home/runner/.gradle/caches/8.9/transforms/1dde5f983d8d8b69105a239187db4900/transformed/appcompat-1.7.0/res/anim/btn_radio_to_on_mtrl_ring_outer_path_animation.xml to /home/runner/.gradle/caches/8.9/transforms/c6907b42fb7c86b6206a331dae96a92b-e08984fc-0a39-48ee-8b60-2ef14ae1c2b0/transformed/androidx.appcompat/anim_btn_radio_to_on_mtrl_ring_outer_path_animation.xml.flat
Compiling xml file /home/runner/.gradle/caches/8.9/transforms/1dde5f983d8d8b69105a239187db4900/transformed/appcompat-1.7.0/res/anim/btn_checkbox_to_checked_box_inner_merged_animation.xml to /home/runner/.gradle/caches/8.9/transforms/c6907b42fb7c86b6206a331dae96a92b-e08984fc-0a39-48ee-8b60-2ef14ae1c2b0/transformed/androidx.appcompat/anim_btn_checkbox_to_checked_box_inner_merged_animation.xml.flat
Compiling xml file /home/runner/.gradle/caches/8.9/transforms/1dde5f983d8d8b69105a239187db4900/transformed/appcompat-1.7.0/res/anim/abc_popup_exit.xml to /home/runner/.gradle/caches/8.9/transforms/c6907b42fb7c86b6206a331dae96a92b-e08984fc-0a39-48ee-8b60-2ef14ae1c2b0/transformed/androidx.appcompat/anim_abc_popup_exit.xml.flat
Compiling xml file /home/runner/.gradle/caches/8.9/transforms/1dde5f983d8d8b69105a239187db4900/transformed/appcompat-1.7.0/res/anim/btn_checkbox_to_unchecked_icon_null_animation.xml to /home/runner/.gradle/caches/8.9/transforms/c6907b42fb7c86b6206a331dae96a92b-e08984fc-0a39-48ee-8b60-2ef14ae1c2b0/transformed/androidx.appcompat/anim_btn_checkbox_to_unchecked_icon_null_animation.xml.flat
Compiling xml file /home/runner/.gradle/caches/8.9/transforms/1dde5f983d8d8b69105a239187db4900/transformed/appcompat-1.7.0/res/anim/btn_checkbox_to_checked_icon_null_animation.xml to /home/runner/.gradle/caches/8.9/transforms/c6907b42fb7c86b6206a331dae96a92b-e08984fc-0a39-48ee-8b60-2ef14ae1c2b0/transformed/androidx.appcompat/anim_btn_checkbox_to_checked_icon_null_animation.xml.flat
Compiling xml file /home/runner/.gradle/caches/8.9/transforms/1dde5f983d8d8b69105a239187db4900/transformed/appcompat-1.7.0/res/anim/abc_slide_in_bottom.xml to /home/runner/.gradle/caches/8.9/transforms/c6907b42fb7c86b6206a331dae96a92b-e08984fc-0a39-48ee-8b60-2ef14ae1c2b0/transformed/androidx.appcompat/anim_abc_slide_in_bottom.xml.flat
Compiling xml file /home/runner/.gradle/caches/8.9/transforms/1dde5f983d8d8b69105a239187db4900/transformed/appcompat-1.7.0/res/anim/abc_slide_out_top.xml to /home/runner/.gradle/caches/8.9/transforms/c6907b42fb7c86b6206a331dae96a92b-e08984fc-0a39-48ee-8b60-2ef14ae1c2b0/transformed/androidx.appcompat/anim_abc_slide_out_top.xml.flat
Compiling xml file /home/runner/.gradle/caches/8.9/transforms/1dde5f983d8d8b69105a239187db4900/transformed/appcompat-1.7.0/res/anim/btn_radio_to_off_mtrl_dot_group_animation.xml to /home/runner/.gradle/caches/8.9/transforms/c6907b42fb7c86b6206a331dae96a92b-e08984fc-0a39-48ee-8b60-2ef14ae1c2b0/transformed/androidx.appcompat/anim_btn_radio_to_off_mtrl_dot_group_animation.xml.flat
Compiling xml file /home/runner/.gradle/caches/8.9/transforms/1dde5f983d8d8b69105a239187db4900/transformed/appcompat-1.7.0/res/anim/btn_radio_to_on_mtrl_ring_outer_animation.xml to /home/runner/.gradle/caches/8.9/transforms/c6907b42fb7c86b6206a331dae96a92b-e08984fc-0a39-48ee-8b60-2ef14ae1c2b0/transformed/androidx.appcompat/anim_btn_radio_to_on_mtrl_ring_outer_animation.xml.flat
Compiling xml file /home/runner/.gradle/caches/8.9/transforms/1dde5f983d8d8b69105a239187db4900/transformed/appcompat-1.7.0/res/anim/abc_slide_in_top.xml to /home/runner/.gradle/caches/8.9/transforms/c6907b42fb7c86b6206a331dae96a92b-e08984fc-0a39-48ee-8b60-2ef14ae1c2b0/transformed/androidx.appcompat/anim_abc_slide_in_top.xml.flat
Compiling xml file /home/runner/.gradle/caches/8.9/transforms/b4d4520d3a7500151f758a57e313542a/transformed/material-1.12.0/res/layout/mtrl_calendar_days_of_week.xml to /home/runner/.gradle/caches/8.9/transforms/c85c7a369295bb218c7dd51f8249c26d-d6a37501-5a8e-43be-9053-e2cb18a28371/transformed/com.google.android.material/layout_mtrl_calendar_days_of_week.xml.flat
Compiling xml file /home/runner/.gradle/caches/8.9/transforms/b4d4520d3a7500151f758a57e313542a/transformed/material-1.12.0/res/layout/design_navigation_menu.xml to /home/runner/.gradle/caches/8.9/transforms/c85c7a369295bb218c7dd51f8249c26d-d6a37501-5a8e-43be-9053-e2cb18a28371/transformed/com.google.android.material/layout_design_navigation_menu.xml.flat
Compiling xml file /home/runner/.gradle/caches/8.9/transforms/b4d4520d3a7500151f758a57e313542a/transformed/material-1.12.0/res/layout/mtrl_layout_snackbar_include.xml to /home/runner/.gradle/caches/8.9/transforms/c85c7a369295bb218c7dd51f8249c26d-d6a37501-5a8e-43be-9053-e2cb18a28371/transformed/com.google.android.material/layout_mtrl_layout_snackbar_include.xml.flat
Compiling xml file /home/runner/.gradle/caches/8.9/transforms/b4d4520d3a7500151f758a57e313542a/transformed/material-1.12.0/res/layout/material_clockface_textview.xml to /home/runner/.gradle/caches/8.9/transforms/c85c7a369295bb218c7dd51f8249c26d-d6a37501-5a8e-43be-9053-e2cb18a28371/transformed/com.google.android.material/layout_material_clockface_textview.xml.flat
Compiling xml file /home/runner/.gradle/caches/8.9/transforms/b4d4520d3a7500151f758a57e313542a/transformed/material-1.12.0/res/layout/m3_alert_dialog_actions.xml to /home/runner/.gradle/caches/8.9/transforms/c85c7a369295bb218c7dd51f8249c26d-d6a37501-5a8e-43be-9053-e2cb18a28371/transformed/com.google.android.material/layout_m3_alert_dialog_actions.xml.flat
Compiling xml file /home/runner/.gradle/caches/8.9/transforms/b4d4520d3a7500151f758a57e313542a/transformed/material-1.12.0/res/layout/mtrl_calendar_month.xml to /home/runner/.gradle/caches/8.9/transforms/c85c7a369295bb218c7dd51f8249c26d-d6a37501-5a8e-43be-9053-e2cb18a28371/transformed/com.google.android.material/layout_mtrl_calendar_month.xml.flat
Compiling xml file /home/runner/.gradle/caches/8.9/transforms/b4d4520d3a7500151f758a57e313542a/transformed/material-1.12.0/res/layout/mtrl_picker_actions.xml to /home/runner/.gradle/caches/8.9/transforms/c85c7a369295bb218c7dd51f8249c26d-d6a37501-5a8e-43be-9053-e2cb18a28371/transformed/com.google.android.material/layout_mtrl_picker_actions.xml.flat
Compiling xml file /home/runner/.gradle/caches/8.9/transforms/b4d4520d3a7500151f758a57e313542a/transformed/material-1.12.0/res/layout/mtrl_alert_select_dialog_multichoice.xml to /home/runner/.gradle/caches/8.9/transforms/c85c7a369295bb218c7dd51f8249c26d-d6a37501-5a8e-43be-9053-e2cb18a28371/transformed/com.google.android.material/layout_mtrl_alert_select_dialog_multichoice.xml.flat
Compiling xml file /home/runner/.gradle/caches/8.9/transforms/b4d4520d3a7500151f758a57e313542a/transformed/material-1.12.0/res/layout/design_navigation_item_separator.xml to /home/runner/.gradle/caches/8.9/transforms/c85c7a369295bb218c7dd51f8249c26d-d6a37501-5a8e-43be-9053-e2cb18a28371/transformed/com.google.android.material/layout_design_navigation_item_separator.xml.flat
Compiling xml file /home/runner/.gradle/caches/8.9/transforms/b4d4520d3a7500151f758a57e313542a/transformed/material-1.12.0/res/layout/mtrl_picker_header_toggle.xml to /home/runner/.gradle/caches/8.9/transforms/c85c7a369295bb218c7dd51f8249c26d-d6a37501-5a8e-43be-9053-e2cb18a28371/transformed/com.google.android.material/layout_mtrl_picker_header_toggle.xml.flat
Compiling xml file /home/runner/.gradle/caches/8.9/transforms/b4d4520d3a7500151f758a57e313542a/transformed/material-1.12.0/res/layout/material_clockface_view.xml to /home/runner/.gradle/caches/8.9/transforms/c85c7a369295bb218c7dd51f8249c26d-d6a37501-5a8e-43be-9053-e2cb18a28371/transformed/com.google.android.material/layout_material_clockface_view.xml.flat
Compiling xml file /home/runner/.gradle/caches/8.9/transforms/b4d4520d3a7500151f758a57e313542a/transformed/material-1.12.0/res/layout/mtrl_layout_snackbar.xml to /home/runner/.gradle/caches/8.9/transforms/c85c7a369295bb218c7dd51f8249c26d-d6a37501-5a8e-43be-9053-e2cb18a28371/transformed/com.google.android.material/layout_mtrl_layout_snackbar.xml.flat
Compiling xml file /home/runner/.gradle/caches/8.9/transforms/b4d4520d3a7500151f758a57e313542a/transformed/material-1.12.0/res/layout/mtrl_calendar_day_of_week.xml to /home/runner/.gradle/caches/8.9/transforms/c85c7a369295bb218c7dd51f8249c26d-d6a37501-5a8e-43be-9053-e2cb18a28371/transformed/com.google.android.material/layout_mtrl_calendar_day_of_week.xml.flat
Compiling xml file /home/runner/.gradle/caches/8.9/transforms/b4d4520d3a7500151f758a57e313542a/transformed/material-1.12.0/res/layout/mtrl_picker_text_input_date_range.xml to /home/runner/.gradle/caches/8.9/transforms/c85c7a369295bb218c7dd51f8249c26d-d6a37501-5a8e-43be-9053-e2cb18a28371/transformed/com.google.android.material/layout_mtrl_picker_text_input_date_range.xml.flat
Compiling xml file /home/runner/.gradle/caches/8.9/transforms/b4d4520d3a7500151f758a57e313542a/transformed/material-1.12.0/res/layout/material_time_chip.xml to /home/runner/.gradle/caches/8.9/transforms/c85c7a369295bb218c7dd51f8249c26d-d6a37501-5a8e-43be-9053-e2cb18a28371/transformed/com.google.android.material/layout_material_time_chip.xml.flat
Compiling xml file /home/runner/.gradle/caches/8.9/transforms/b4d4520d3a7500151f758a57e313542a/transformed/material-1.12.0/res/layout/mtrl_picker_dialog.xml to /home/runner/.gradle/caches/8.9/transforms/c85c7a369295bb218c7dd51f8249c26d-d6a37501-5a8e-43be-9053-e2cb18a28371/transformed/com.google.android.material/layout_mtrl_picker_dialog.xml.flat
Compiling xml file /home/runner/.gradle/caches/8.9/transforms/b4d4520d3a7500151f758a57e313542a/transformed/material-1.12.0/res/layout/design_text_input_start_icon.xml to /home/runner/.gradle/caches/8.9/transforms/c85c7a369295bb218c7dd51f8249c26d-d6a37501-5a8e-43be-9053-e2cb18a28371/transformed/com.google.android.material/layout_design_text_input_start_icon.xml.flat
Compiling xml file /home/runner/.gradle/caches/8.9/transforms/b4d4520d3a7500151f758a57e313542a/transformed/material-1.12.0/res/layout/mtrl_search_view.xml to /home/runner/.gradle/caches/8.9/transforms/c85c7a369295bb218c7dd51f8249c26d-d6a37501-5a8e-43be-9053-e2cb18a28371/transformed/com.google.android.material/layout_mtrl_search_view.xml.flat
Compiling xml file /home/runner/.gradle/caches/8.9/transforms/b4d4520d3a7500151f758a57e313542a/transformed/material-1.12.0/res/layout/design_navigation_menu_item.xml to /home/runner/.gradle/caches/8.9/transforms/c85c7a369295bb218c7dd51f8249c26d-d6a37501-5a8e-43be-9053-e2cb18a28371/transformed/com.google.android.material/layout_design_navigation_menu_item.xml.flat
Compiling xml file /home/runner/.gradle/caches/8.9/transforms/b4d4520d3a7500151f758a57e313542a/transformed/material-1.12.0/res/layout/design_layout_tab_text.xml to /home/runner/.gradle/caches/8.9/transforms/c85c7a369295bb218c7dd51f8249c26d-d6a37501-5a8e-43be-9053-e2cb18a28371/transformed/com.google.android.material/layout_design_layout_tab_text.xml.flat
Compiling xml file /home/runner/.gradle/caches/8.9/transforms/b4d4520d3a7500151f758a57e313542a/transformed/material-1.12.0/res/layout/material_timepicker_textinput_display.xml to /home/runner/.gradle/caches/8.9/transforms/c85c7a369295bb218c7dd51f8249c26d-d6a37501-5a8e-43be-9053-e2cb18a28371/transformed/com.google.android.material/layout_material_timepicker_textinput_display.xml.flat
Compiling xml file /home/runner/.gradle/caches/8.9/transforms/b4d4520d3a7500151f758a57e313542a/transformed/material-1.12.0/res/layout/mtrl_alert_dialog_title.xml to /home/runner/.gradle/caches/8.9/transforms/c85c7a369295bb218c7dd51f8249c26d-d6a37501-5a8e-43be-9053-e2cb18a28371/transformed/com.google.android.material/layout_mtrl_alert_dialog_title.xml.flat
Compiling xml file /home/runner/.gradle/caches/8.9/transforms/b4d4520d3a7500151f758a57e313542a/transformed/material-1.12.0/res/layout/mtrl_navigation_rail_item.xml to /home/runner/.gradle/caches/8.9/transforms/c85c7a369295bb218c7dd51f8249c26d-d6a37501-5a8e-43be-9053-e2cb18a28371/transformed/com.google.android.material/layout_mtrl_navigation_rail_item.xml.flat
Compiling xml file /home/runner/.gradle/caches/8.9/transforms/b4d4520d3a7500151f758a57e313542a/transformed/material-1.12.0/res/layout/design_layout_tab_icon.xml to /home/runner/.gradle/caches/8.9/transforms/c85c7a369295bb218c7dd51f8249c26d-d6a37501-5a8e-43be-9053-e2cb18a28371/transformed/com.google.android.material/layout_design_layout_tab_icon.xml.flat
Compiling xml file /home/runner/.gradle/caches/8.9/transforms/b4d4520d3a7500151f758a57e313542a/transformed/material-1.12.0/res/layout/material_clock_display_divider.xml to /home/runner/.gradle/caches/8.9/transforms/c85c7a369295bb218c7dd51f8249c26d-d6a37501-5a8e-43be-9053-e2cb18a28371/transformed/com.google.android.material/layout_material_clock_display_divider.xml.flat
Compiling xml file /home/runner/.gradle/caches/8.9/transforms/b4d4520d3a7500151f758a57e313542a/transformed/material-1.12.0/res/layout/design_bottom_sheet_dialog.xml to /home/runner/.gradle/caches/8.9/transforms/c85c7a369295bb218c7dd51f8249c26d-d6a37501-5a8e-43be-9053-e2cb18a28371/transformed/com.google.android.material/layout_design_bottom_sheet_dialog.xml.flat
Compiling xml file /home/runner/.gradle/caches/8.9/transforms/b4d4520d3a7500151f758a57e313542a/transformed/material-1.12.0/res/layout/mtrl_picker_header_dialog.xml to /home/runner/.gradle/caches/8.9/transforms/c85c7a369295bb218c7dd51f8249c26d-d6a37501-5a8e-43be-9053-e2cb18a28371/transformed/com.google.android.material/layout_mtrl_picker_header_dialog.xml.flat
Compiling xml file /home/runner/.gradle/caches/8.9/transforms/b4d4520d3a7500151f758a57e313542a/transformed/material-1.12.0/res/layout/material_radial_view_group.xml to /home/runner/.gradle/caches/8.9/transforms/c85c7a369295bb218c7dd51f8249c26d-d6a37501-5a8e-43be-9053-e2cb18a28371/transformed/com.google.android.material/layout_material_radial_view_group.xml.flat
Compiling xml file /home/runner/.gradle/caches/8.9/transforms/b4d4520d3a7500151f758a57e313542a/transformed/material-1.12.0/res/layout/mtrl_calendar_year.xml to /home/runner/.gradle/caches/8.9/transforms/c85c7a369295bb218c7dd51f8249c26d-d6a37501-5a8e-43be-9053-e2cb18a28371/transformed/com.google.android.material/layout_mtrl_calendar_year.xml.flat
Compiling xml file /home/runner/.gradle/caches/8.9/transforms/b4d4520d3a7500151f758a57e313542a/transformed/material-1.12.0/res/layout/m3_side_sheet_dialog.xml to /home/runner/.gradle/caches/8.9/transforms/c85c7a369295bb218c7dd51f8249c26d-d6a37501-5a8e-43be-9053-e2cb18a28371/transformed/com.google.android.material/layout_m3_side_sheet_dialog.xml.flat
Compiling xml file /home/runner/.gradle/caches/8.9/transforms/b4d4520d3a7500151f758a57e313542a/transformed/material-1.12.0/res/layout/mtrl_alert_dialog_actions.xml to /home/runner/.gradle/caches/8.9/transforms/c85c7a369295bb218c7dd51f8249c26d-d6a37501-5a8e-43be-9053-e2cb18a28371/transformed/com.google.android.material/layout_mtrl_alert_dialog_actions.xml.flat
Compiling xml file /home/runner/.gradle/caches/8.9/transforms/b4d4520d3a7500151f758a57e313542a/transformed/material-1.12.0/res/layout/material_clock_period_toggle.xml to /home/runner/.gradle/caches/8.9/transforms/c85c7a369295bb218c7dd51f8249c26d-d6a37501-5a8e-43be-9053-e2cb18a28371/transformed/com.google.android.material/layout_material_clock_period_toggle.xml.flat
Compiling xml file /home/runner/.gradle/caches/8.9/transforms/b4d4520d3a7500151f758a57e313542a/transformed/material-1.12.0/res/layout/mtrl_picker_fullscreen.xml to /home/runner/.gradle/caches/8.9/transforms/c85c7a369295bb218c7dd51f8249c26d-d6a37501-5a8e-43be-9053-e2cb18a28371/transformed/com.google.android.material/layout_mtrl_picker_fullscreen.xml.flat
Compiling xml file /home/runner/.gradle/caches/8.9/transforms/b4d4520d3a7500151f758a57e313542a/transformed/material-1.12.0/res/layout/design_navigation_item.xml to /home/runner/.gradle/caches/8.9/transforms/c85c7a369295bb218c7dd51f8249c26d-d6a37501-5a8e-43be-9053-e2cb18a28371/transformed/com.google.android.material/layout_design_navigation_item.xml.flat
Compiling xml file /home/runner/.gradle/caches/8.9/transforms/b4d4520d3a7500151f758a57e313542a/transformed/material-1.12.0/res/layout/mtrl_search_bar.xml to /home/runner/.gradle/caches/8.9/transforms/c85c7a369295bb218c7dd51f8249c26d-d6a37501-5a8e-43be-9053-e2cb18a28371/transformed/com.google.android.material/layout_mtrl_search_bar.xml.flat
Compiling xml file /home/runner/.gradle/caches/8.9/transforms/b4d4520d3a7500151f758a57e313542a/transformed/material-1.12.0/res/layout/mtrl_calendar_month_labeled.xml to /home/runner/.gradle/caches/8.9/transforms/c85c7a369295bb218c7dd51f8249c26d-d6a37501-5a8e-43be-9053-e2cb18a28371/transformed/com.google.android.material/layout_mtrl_calendar_month_labeled.xml.flat
Compiling xml file /home/runner/.gradle/caches/8.9/transforms/b4d4520d3a7500151f758a57e313542a/transformed/material-1.12.0/res/layout/m3_alert_dialog.xml to /home/runner/.gradle/caches/8.9/transforms/c85c7a369295bb218c7dd51f8249c26d-d6a37501-5a8e-43be-9053-e2cb18a28371/transformed/com.google.android.material/layout_m3_alert_dialog.xml.flat
Compiling xml file /home/runner/.gradle/caches/8.9/transforms/b4d4520d3a7500151f758a57e313542a/transformed/material-1.12.0/res/layout/mtrl_picker_header_title_text.xml to /home/runner/.gradle/caches/8.9/transforms/c85c7a369295bb218c7dd51f8249c26d-d6a37501-5a8e-43be-9053-e2cb18a28371/transformed/com.google.android.material/layout_mtrl_picker_header_title_text.xml.flat
Compiling xml file /home/runner/.gradle/caches/8.9/transforms/b4d4520d3a7500151f758a57e313542a/transformed/material-1.12.0/res/layout/mtrl_calendar_horizontal.xml to /home/runner/.gradle/caches/8.9/transforms/c85c7a369295bb218c7dd51f8249c26d-d6a37501-5a8e-43be-9053-e2cb18a28371/transformed/com.google.android.material/layout_mtrl_calendar_horizontal.xml.flat
Compiling xml file /home/runner/.gradle/caches/8.9/transforms/b4d4520d3a7500151f758a57e313542a/transformed/material-1.12.0/res/layout/mtrl_calendar_month_navigation.xml to /home/runner/.gradle/caches/8.9/transforms/c85c7a369295bb218c7dd51f8249c26d-d6a37501-5a8e-43be-9053-e2cb18a28371/transformed/com.google.android.material/layout_mtrl_calendar_month_navigation.xml.flat
Compiling xml file /home/runner/.gradle/caches/8.9/transforms/b4d4520d3a7500151f758a57e313542a/transformed/material-1.12.0/res/layout/mtrl_picker_header_fullscreen.xml to /home/runner/.gradle/caches/8.9/transforms/c85c7a369295bb218c7dd51f8249c26d-d6a37501-5a8e-43be-9053-e2cb18a28371/transformed/com.google.android.material/layout_mtrl_picker_header_fullscreen.xml.flat
Compiling xml file /home/runner/.gradle/caches/8.9/transforms/b4d4520d3a7500151f758a57e313542a/transformed/material-1.12.0/res/layout/mtrl_calendar_months.xml to /home/runner/.gradle/caches/8.9/transforms/c85c7a369295bb218c7dd51f8249c26d-d6a37501-5a8e-43be-9053-e2cb18a28371/transformed/com.google.android.material/layout_mtrl_calendar_months.xml.flat
Compiling xml file /home/runner/.gradle/caches/8.9/transforms/b4d4520d3a7500151f758a57e313542a/transformed/material-1.12.0/res/layout/mtrl_alert_dialog.xml to /home/runner/.gradle/caches/8.9/transforms/c85c7a369295bb218c7dd51f8249c26d-d6a37501-5a8e-43be-9053-e2cb18a28371/transformed/com.google.android.material/layout_mtrl_alert_dialog.xml.flat
Compiling xml file /home/runner/.gradle/caches/8.9/transforms/b4d4520d3a7500151f758a57e313542a/transformed/material-1.12.0/res/layout/mtrl_picker_text_input_date.xml to /home/runner/.gradle/caches/8.9/transforms/c85c7a369295bb218c7dd51f8249c26d-d6a37501-5a8e-43be-9053-e2cb18a28371/transformed/com.google.android.material/layout_mtrl_picker_text_input_date.xml.flat
Compiling xml file /home/runner/.gradle/caches/8.9/transforms/b4d4520d3a7500151f758a57e313542a/transformed/material-1.12.0/res/layout/material_time_input.xml to /home/runner/.gradle/caches/8.9/transforms/c85c7a369295bb218c7dd51f8249c26d-d6a37501-5a8e-43be-9053-e2cb18a28371/transformed/com.google.android.material/layout_material_time_input.xml.flat
Compiling xml file /home/runner/.gradle/caches/8.9/transforms/b4d4520d3a7500151f758a57e313542a/transformed/material-1.12.0/res/layout/m3_alert_dialog_title.xml to /home/runner/.gradle/caches/8.9/transforms/c85c7a369295bb218c7dd51f8249c26d-d6a37501-5a8e-43be-9053-e2cb18a28371/transformed/com.google.android.material/layout_m3_alert_dialog_title.xml.flat
Compiling xml file /home/runner/.gradle/caches/8.9/transforms/b4d4520d3a7500151f758a57e313542a/transformed/material-1.12.0/res/layout/design_layout_snackbar.xml to /home/runner/.gradle/caches/8.9/transforms/c85c7a369295bb218c7dd51f8249c26d-d6a37501-5a8e-43be-9053-e2cb18a28371/transformed/com.google.android.material/layout_design_layout_snackbar.xml.flat
Compiling xml file /home/runner/.gradle/caches/8.9/transforms/b4d4520d3a7500151f758a57e313542a/transformed/material-1.12.0/res/layout/design_text_input_end_icon.xml to /home/runner/.gradle/caches/8.9/transforms/c85c7a369295bb218c7dd51f8249c26d-d6a37501-5a8e-43be-9053-e2cb18a28371/transformed/com.google.android.material/layout_design_text_input_end_icon.xml.flat
Compiling xml file /home/runner/.gradle/caches/8.9/transforms/1dde5f983d8d8b69105a239187db4900/transformed/appcompat-1.7.0/res/layout/abc_search_dropdown_item_icons_2line.xml to /home/runner/.gradle/caches/8.9/transforms/c6907b42fb7c86b6206a331dae96a92b-e08984fc-0a39-48ee-8b60-2ef14ae1c2b0/transformed/androidx.appcompat/layout_abc_search_dropdown_item_icons_2line.xml.flat
Compiling xml file /home/runner/.gradle/caches/8.9/transforms/1dde5f983d8d8b69105a239187db4900/transformed/appcompat-1.7.0/res/layout/abc_list_menu_item_radio.xml to /home/runner/.gradle/caches/8.9/transforms/c6907b42fb7c86b6206a331dae96a92b-e08984fc-0a39-48ee-8b60-2ef14ae1c2b0/transformed/androidx.appcompat/layout_abc_list_menu_item_radio.xml.flat
Compiling xml file /home/runner/.gradle/caches/8.9/transforms/1dde5f983d8d8b69105a239187db4900/transformed/appcompat-1.7.0/res/layout/abc_cascading_menu_item_layout.xml to /home/runner/.gradle/caches/8.9/transforms/c6907b42fb7c86b6206a331dae96a92b-e08984fc-0a39-48ee-8b60-2ef14ae1c2b0/transformed/androidx.appcompat/layout_abc_cascading_menu_item_layout.xml.flat
Compiling xml file /home/runner/.gradle/caches/8.9/transforms/1dde5f983d8d8b69105a239187db4900/transformed/appcompat-1.7.0/res/layout/abc_popup_menu_item_layout.xml to /home/runner/.gradle/caches/8.9/transforms/c6907b42fb7c86b6206a331dae96a92b-e08984fc-0a39-48ee-8b60-2ef14ae1c2b0/transformed/androidx.appcompat/layout_abc_popup_menu_item_layout.xml.flat
Compiling xml file /home/runner/.gradle/caches/8.9/transforms/1dde5f983d8d8b69105a239187db4900/transformed/appcompat-1.7.0/res/layout/abc_list_menu_item_checkbox.xml to /home/runner/.gradle/caches/8.9/transforms/c6907b42fb7c86b6206a331dae96a92b-e08984fc-0a39-48ee-8b60-2ef14ae1c2b0/transformed/androidx.appcompat/layout_abc_list_menu_item_checkbox.xml.flat
Compiling xml file /home/runner/.gradle/caches/8.9/transforms/1dde5f983d8d8b69105a239187db4900/transformed/appcompat-1.7.0/res/layout/select_dialog_singlechoice_material.xml to /home/runner/.gradle/caches/8.9/transforms/c6907b42fb7c86b6206a331dae96a92b-e08984fc-0a39-48ee-8b60-2ef14ae1c2b0/transformed/androidx.appcompat/layout_select_dialog_singlechoice_material.xml.flat
Compiling xml file /home/runner/.gradle/caches/8.9/transforms/1dde5f983d8d8b69105a239187db4900/transformed/appcompat-1.7.0/res/layout/abc_action_menu_layout.xml to /home/runner/.gradle/caches/8.9/transforms/c6907b42fb7c86b6206a331dae96a92b-e08984fc-0a39-48ee-8b60-2ef14ae1c2b0/transformed/androidx.appcompat/layout_abc_action_menu_layout.xml.flat
Compiling xml file /home/runner/.gradle/caches/8.9/transforms/1dde5f983d8d8b69105a239187db4900/transformed/appcompat-1.7.0/res/layout/abc_expanded_menu_layout.xml to /home/runner/.gradle/caches/8.9/transforms/c6907b42fb7c86b6206a331dae96a92b-e08984fc-0a39-48ee-8b60-2ef14ae1c2b0/transformed/androidx.appcompat/layout_abc_expanded_menu_layout.xml.flat
Compiling xml file /home/runner/.gradle/caches/8.9/transforms/1dde5f983d8d8b69105a239187db4900/transformed/appcompat-1.7.0/res/layout/abc_search_view.xml to /home/runner/.gradle/caches/8.9/transforms/c6907b42fb7c86b6206a331dae96a92b-e08984fc-0a39-48ee-8b60-2ef14ae1c2b0/transformed/androidx.appcompat/layout_abc_search_view.xml.flat
Compiling xml file /home/runner/.gradle/caches/8.9/transforms/1dde5f983d8d8b69105a239187db4900/transformed/appcompat-1.7.0/res/layout/abc_screen_simple_overlay_action_mode.xml to /home/runner/.gradle/caches/8.9/transforms/c6907b42fb7c86b6206a331dae96a92b-e08984fc-0a39-48ee-8b60-2ef14ae1c2b0/transformed/androidx.appcompat/layout_abc_screen_simple_overlay_action_mode.xml.flat
Compiling xml file /home/runner/.gradle/caches/8.9/transforms/1dde5f983d8d8b69105a239187db4900/transformed/appcompat-1.7.0/res/layout/abc_activity_chooser_view_list_item.xml to /home/runner/.gradle/caches/8.9/transforms/c6907b42fb7c86b6206a331dae96a92b-e08984fc-0a39-48ee-8b60-2ef14ae1c2b0/transformed/androidx.appcompat/layout_abc_activity_chooser_view_list_item.xml.flat
Compiling xml file /home/runner/.gradle/caches/8.9/transforms/1dde5f983d8d8b69105a239187db4900/transformed/appcompat-1.7.0/res/layout/abc_screen_toolbar.xml to /home/runner/.gradle/caches/8.9/transforms/c6907b42fb7c86b6206a331dae96a92b-e08984fc-0a39-48ee-8b60-2ef14ae1c2b0/transformed/androidx.appcompat/layout_abc_screen_toolbar.xml.flat
Compiling xml file /home/runner/.gradle/caches/8.9/transforms/1dde5f983d8d8b69105a239187db4900/transformed/appcompat-1.7.0/res/layout/abc_screen_simple.xml to /home/runner/.gradle/caches/8.9/transforms/c6907b42fb7c86b6206a331dae96a92b-e08984fc-0a39-48ee-8b60-2ef14ae1c2b0/transformed/androidx.appcompat/layout_abc_screen_simple.xml.flat
Compiling xml file /home/runner/.gradle/caches/8.9/transforms/1dde5f983d8d8b69105a239187db4900/transformed/appcompat-1.7.0/res/layout/abc_popup_menu_header_item_layout.xml to /home/runner/.gradle/caches/8.9/transforms/c6907b42fb7c86b6206a331dae96a92b-e08984fc-0a39-48ee-8b60-2ef14ae1c2b0/transformed/androidx.appcompat/layout_abc_popup_menu_header_item_layout.xml.flat
Compiling xml file /home/runner/.gradle/caches/8.9/transforms/1dde5f983d8d8b69105a239187db4900/transformed/appcompat-1.7.0/res/layout/abc_dialog_title_material.xml to /home/runner/.gradle/caches/8.9/transforms/c6907b42fb7c86b6206a331dae96a92b-e08984fc-0a39-48ee-8b60-2ef14ae1c2b0/transformed/androidx.appcompat/layout_abc_dialog_title_material.xml.flat
Compiling xml file /home/runner/.gradle/caches/8.9/transforms/1dde5f983d8d8b69105a239187db4900/transformed/appcompat-1.7.0/res/layout/abc_action_mode_bar.xml to /home/runner/.gradle/caches/8.9/transforms/c6907b42fb7c86b6206a331dae96a92b-e08984fc-0a39-48ee-8b60-2ef14ae1c2b0/transformed/androidx.appcompat/layout_abc_action_mode_bar.xml.flat
Compiling xml file /home/runner/.gradle/caches/8.9/transforms/1dde5f983d8d8b69105a239187db4900/transformed/appcompat-1.7.0/res/layout/abc_action_mode_close_item_material.xml to /home/runner/.gradle/caches/8.9/transforms/c6907b42fb7c86b6206a331dae96a92b-e08984fc-0a39-48ee-8b60-2ef14ae1c2b0/transformed/androidx.appcompat/layout_abc_action_mode_close_item_material.xml.flat
Compiling xml file /home/runner/.gradle/caches/8.9/transforms/1dde5f983d8d8b69105a239187db4900/transformed/appcompat-1.7.0/res/layout/abc_tooltip.xml to /home/runner/.gradle/caches/8.9/transforms/c6907b42fb7c86b6206a331dae96a92b-e08984fc-0a39-48ee-8b60-2ef14ae1c2b0/transformed/androidx.appcompat/layout_abc_tooltip.xml.flat
Compiling xml file /home/runner/.gradle/caches/8.9/transforms/1dde5f983d8d8b69105a239187db4900/transformed/appcompat-1.7.0/res/layout/abc_list_menu_item_layout.xml to /home/runner/.gradle/caches/8.9/transforms/c6907b42fb7c86b6206a331dae96a92b-e08984fc-0a39-48ee-8b60-2ef14ae1c2b0/transformed/androidx.appcompat/layout_abc_list_menu_item_layout.xml.flat
Compiling xml file /home/runner/.gradle/caches/8.9/transforms/1dde5f983d8d8b69105a239187db4900/transformed/appcompat-1.7.0/res/layout/select_dialog_item_material.xml to /home/runner/.gradle/caches/8.9/transforms/c6907b42fb7c86b6206a331dae96a92b-e08984fc-0a39-48ee-8b60-2ef14ae1c2b0/transformed/androidx.appcompat/layout_select_dialog_item_material.xml.flat
Compiling xml file /home/runner/.gradle/caches/8.9/transforms/1dde5f983d8d8b69105a239187db4900/transformed/appcompat-1.7.0/res/layout/abc_select_dialog_material.xml to /home/runner/.gradle/caches/8.9/transforms/c6907b42fb7c86b6206a331dae96a92b-e08984fc-0a39-48ee-8b60-2ef14ae1c2b0/transformed/androidx.appcompat/layout_abc_select_dialog_material.xml.flat
Compiling xml file /home/runner/.gradle/caches/8.9/transforms/1dde5f983d8d8b69105a239187db4900/transformed/appcompat-1.7.0/res/layout/abc_alert_dialog_button_bar_material.xml to /home/runner/.gradle/caches/8.9/transforms/c6907b42fb7c86b6206a331dae96a92b-e08984fc-0a39-48ee-8b60-2ef14ae1c2b0/transformed/androidx.appcompat/layout_abc_alert_dialog_button_bar_material.xml.flat
Compiling xml file /home/runner/.gradle/caches/8.9/transforms/1dde5f983d8d8b69105a239187db4900/transformed/appcompat-1.7.0/res/layout/select_dialog_multichoice_material.xml to /home/runner/.gradle/caches/8.9/transforms/c6907b42fb7c86b6206a331dae96a92b-e08984fc-0a39-48ee-8b60-2ef14ae1c2b0/transformed/androidx.appcompat/layout_select_dialog_multichoice_material.xml.flat
Compiling xml file /home/runner/.gradle/caches/8.9/transforms/1dde5f983d8d8b69105a239187db4900/transformed/appcompat-1.7.0/res/layout/abc_alert_dialog_title_material.xml to /home/runner/.gradle/caches/8.9/transforms/c6907b42fb7c86b6206a331dae96a92b-e08984fc-0a39-48ee-8b60-2ef14ae1c2b0/transformed/androidx.appcompat/layout_abc_alert_dialog_title_material.xml.flat
Stored cache entry for AarResourcesCompilerTransform: /home/runner/.gradle/caches/8.9/transforms/b4d4520d3a7500151f758a57e313542a/transformed/material-1.12.0 with cache key 469fafccba81490454762e0eb842a629
Compiling xml file /home/runner/.gradle/caches/8.9/transforms/1dde5f983d8d8b69105a239187db4900/transformed/appcompat-1.7.0/res/layout/abc_activity_chooser_view.xml to /home/runner/.gradle/caches/8.9/transforms/c6907b42fb7c86b6206a331dae96a92b-e08984fc-0a39-48ee-8b60-2ef14ae1c2b0/transformed/androidx.appcompat/layout_abc_activity_chooser_view.xml.flat
Compiling xml file /home/runner/.gradle/caches/8.9/transforms/1dde5f983d8d8b69105a239187db4900/transformed/appcompat-1.7.0/res/layout/abc_action_bar_up_container.xml to /home/runner/.gradle/caches/8.9/transforms/c6907b42fb7c86b6206a331dae96a92b-e08984fc-0a39-48ee-8b60-2ef14ae1c2b0/transformed/androidx.appcompat/layout_abc_action_bar_up_container.xml.flat
Compiling xml file /home/runner/.gradle/caches/8.9/transforms/1dde5f983d8d8b69105a239187db4900/transformed/appcompat-1.7.0/res/layout/abc_alert_dialog_material.xml to /home/runner/.gradle/caches/8.9/transforms/c6907b42fb7c86b6206a331dae96a92b-e08984fc-0a39-48ee-8b60-2ef14ae1c2b0/transformed/androidx.appcompat/layout_abc_alert_dialog_material.xml.flat
Compiling xml file /home/runner/.gradle/caches/8.9/transforms/1dde5f983d8d8b69105a239187db4900/transformed/appcompat-1.7.0/res/layout/abc_action_menu_item_layout.xml to /home/runner/.gradle/caches/8.9/transforms/c6907b42fb7c86b6206a331dae96a92b-e08984fc-0a39-48ee-8b60-2ef14ae1c2b0/transformed/androidx.appcompat/layout_abc_action_menu_item_layout.xml.flat
Build cache key for AarResourcesCompilerTransform: /home/runner/.gradle/caches/8.9/transforms/62454a3cca38d4b1256266a06e5b4e28/transformed/recyclerview-1.3.2 is 89068d0944dbdd13a416ca0439ce744f
Compiling xml file /home/runner/.gradle/caches/8.9/transforms/1dde5f983d8d8b69105a239187db4900/transformed/appcompat-1.7.0/res/layout/support_simple_spinner_dropdown_item.xml to /home/runner/.gradle/caches/8.9/transforms/c6907b42fb7c86b6206a331dae96a92b-e08984fc-0a39-48ee-8b60-2ef14ae1c2b0/transformed/androidx.appcompat/layout_support_simple_spinner_dropdown_item.xml.flat
Compiling xml file /home/runner/.gradle/caches/8.9/transforms/1dde5f983d8d8b69105a239187db4900/transformed/appcompat-1.7.0/res/layout/abc_screen_content_include.xml to /home/runner/.gradle/caches/8.9/transforms/c6907b42fb7c86b6206a331dae96a92b-e08984fc-0a39-48ee-8b60-2ef14ae1c2b0/transformed/androidx.appcompat/layout_abc_screen_content_include.xml.flat
Compiling xml file /home/runner/.gradle/caches/8.9/transforms/1dde5f983d8d8b69105a239187db4900/transformed/appcompat-1.7.0/res/layout/abc_list_menu_item_icon.xml to /home/runner/.gradle/caches/8.9/transforms/c6907b42fb7c86b6206a331dae96a92b-e08984fc-0a39-48ee-8b60-2ef14ae1c2b0/transformed/androidx.appcompat/layout_abc_list_menu_item_icon.xml.flat
Compiling xml file /home/runner/.gradle/caches/8.9/transforms/1dde5f983d8d8b69105a239187db4900/transformed/appcompat-1.7.0/res/layout/abc_action_bar_title_item.xml to /home/runner/.gradle/caches/8.9/transforms/c6907b42fb7c86b6206a331dae96a92b-e08984fc-0a39-48ee-8b60-2ef14ae1c2b0/transformed/androidx.appcompat/layout_abc_action_bar_title_item.xml.flat
Compiling file /home/runner/.gradle/caches/8.9/transforms/b9c68220fce63fb5e94ecc1589f37798/transformed/media3-ui-1.4.1/res/font/roboto_medium_numbers.ttf to /home/runner/.gradle/caches/8.9/transforms/39c2e6c39ba1bddaf2bb9fccf5eb8ed3-f479fa15-06b3-4898-aeaa-ee34aae46785/transformed/androidx.media3.ui/font_roboto_medium_numbers.ttf.flat
Stored cache entry for AarResourcesCompilerTransform: /home/runner/.gradle/caches/8.9/transforms/62454a3cca38d4b1256266a06e5b4e28/transformed/recyclerview-1.3.2 with cache key 89068d0944dbdd13a416ca0439ce744f
Build cache key for AarResourcesCompilerTransform: /home/runner/.gradle/caches/8.9/transforms/eba4b3f404cb9221119411cdcd7f8625/transformed/glide-4.16.0 is 9b26e07de432bf54bb4bed886f1ba5c7
Stored cache entry for AarResourcesCompilerTransform: /home/runner/.gradle/caches/8.9/transforms/eba4b3f404cb9221119411cdcd7f8625/transformed/glide-4.16.0 with cache key 9b26e07de432bf54bb4bed886f1ba5c7
Build cache key for AarResourcesCompilerTransform: /home/runner/.gradle/caches/8.9/transforms/38a168702c942661d7f4f8fd4756d72e/transformed/fragment-1.8.2 is e56b3602ac51594d1f62c6a4d3171e3c
Compiling xml file /home/runner/.gradle/caches/8.9/transforms/38a168702c942661d7f4f8fd4756d72e/transformed/fragment-1.8.2/res/anim-v21/fragment_fast_out_extra_slow_in.xml to /home/runner/.gradle/caches/8.9/transforms/cd7379a6e938aa9e817690a6607e094f-c705c05f-3e99-449b-822f-711d3e749d85/transformed/androidx.fragment/anim-v21_fragment_fast_out_extra_slow_in.xml.flat
Compiling xml file /home/runner/.gradle/caches/8.9/transforms/38a168702c942661d7f4f8fd4756d72e/transformed/fragment-1.8.2/res/animator/fragment_close_enter.xml to /home/runner/.gradle/caches/8.9/transforms/cd7379a6e938aa9e817690a6607e094f-c705c05f-3e99-449b-822f-711d3e749d85/transformed/androidx.fragment/animator_fragment_close_enter.xml.flat
Compiling xml file /home/runner/.gradle/caches/8.9/transforms/38a168702c942661d7f4f8fd4756d72e/transformed/fragment-1.8.2/res/animator/fragment_open_enter.xml to /home/runner/.gradle/caches/8.9/transforms/cd7379a6e938aa9e817690a6607e094f-c705c05f-3e99-449b-822f-711d3e749d85/transformed/androidx.fragment/animator_fragment_open_enter.xml.flat
Compiling xml file /home/runner/.gradle/caches/8.9/transforms/38a168702c942661d7f4f8fd4756d72e/transformed/fragment-1.8.2/res/animator/fragment_fade_enter.xml to /home/runner/.gradle/caches/8.9/transforms/cd7379a6e938aa9e817690a6607e094f-c705c05f-3e99-449b-822f-711d3e749d85/transformed/androidx.fragment/animator_fragment_fade_enter.xml.flat
Compiling xml file /home/runner/.gradle/caches/8.9/transforms/38a168702c942661d7f4f8fd4756d72e/transformed/fragment-1.8.2/res/animator/fragment_fade_exit.xml to /home/runner/.gradle/caches/8.9/transforms/cd7379a6e938aa9e817690a6607e094f-c705c05f-3e99-449b-822f-711d3e749d85/transformed/androidx.fragment/animator_fragment_fade_exit.xml.flat
Compiling xml file /home/runner/.gradle/caches/8.9/transforms/38a168702c942661d7f4f8fd4756d72e/transformed/fragment-1.8.2/res/animator/fragment_close_exit.xml to /home/runner/.gradle/caches/8.9/transforms/cd7379a6e938aa9e817690a6607e094f-c705c05f-3e99-449b-822f-711d3e749d85/transformed/androidx.fragment/animator_fragment_close_exit.xml.flat
Compiling xml file /home/runner/.gradle/caches/8.9/transforms/38a168702c942661d7f4f8fd4756d72e/transformed/fragment-1.8.2/res/animator/fragment_open_exit.xml to /home/runner/.gradle/caches/8.9/transforms/cd7379a6e938aa9e817690a6607e094f-c705c05f-3e99-449b-822f-711d3e749d85/transformed/androidx.fragment/animator_fragment_open_exit.xml.flat
Stored cache entry for AarResourcesCompilerTransform: /home/runner/.gradle/caches/8.9/transforms/38a168702c942661d7f4f8fd4756d72e/transformed/fragment-1.8.2 with cache key e56b3602ac51594d1f62c6a4d3171e3c
Build cache key for AarResourcesCompilerTransform: /home/runner/.gradle/caches/8.9/transforms/0b21b549e485c41d8939f4345317a927/transformed/swiperefreshlayout-1.1.0 is 43e7f068b2e8fce181bd716c8f4e7ded
Stored cache entry for AarResourcesCompilerTransform: /home/runner/.gradle/caches/8.9/transforms/0b21b549e485c41d8939f4345317a927/transformed/swiperefreshlayout-1.1.0 with cache key 43e7f068b2e8fce181bd716c8f4e7ded
Build cache key for AarResourcesCompilerTransform: /home/runner/.gradle/caches/8.9/transforms/10b18663614225c920b6298f756da05b/transformed/palette-1.0.0 is d74565ee5c7ddfb2c0826e74f8891569
Stored cache entry for AarResourcesCompilerTransform: /home/runner/.gradle/caches/8.9/transforms/10b18663614225c920b6298f756da05b/transformed/palette-1.0.0 with cache key d74565ee5c7ddfb2c0826e74f8891569
Build cache key for AarResourcesCompilerTransform: /home/runner/.gradle/caches/8.9/transforms/9d1c947f318e9e7fc379378e64cb04ee/transformed/transition-1.5.0 is 4360c5aff0263cde8ef0e14313354312
Stored cache entry for AarResourcesCompilerTransform: /home/runner/.gradle/caches/8.9/transforms/9d1c947f318e9e7fc379378e64cb04ee/transformed/transition-1.5.0 with cache key 4360c5aff0263cde8ef0e14313354312
Build cache key for AarResourcesCompilerTransform: /home/runner/.gradle/caches/8.9/transforms/f4be888dc301859ee5f0f579bb6b38e7/transformed/dynamicanimation-1.0.0 is 1b487088d54f7ca2b291bae0ff942918
Stored cache entry for AarResourcesCompilerTransform: /home/runner/.gradle/caches/8.9/transforms/f4be888dc301859ee5f0f579bb6b38e7/transformed/dynamicanimation-1.0.0 with cache key 1b487088d54f7ca2b291bae0ff942918
Build cache key for AarResourcesCompilerTransform: /home/runner/.gradle/caches/8.9/transforms/77afff4facff46d9e0ffea40c9ced703/transformed/legacy-support-core-utils-1.0.0 is 0bd455df0a8fa73f8b93347457040928
Stored cache entry for AarResourcesCompilerTransform: /home/runner/.gradle/caches/8.9/transforms/77afff4facff46d9e0ffea40c9ced703/transformed/legacy-support-core-utils-1.0.0 with cache key 0bd455df0a8fa73f8b93347457040928
Build cache key for AarResourcesCompilerTransform: /home/runner/.gradle/caches/8.9/transforms/67ea28c3055e9d64bcc9ee19a46f8200/transformed/loader-1.0.0 is 3494485220d7f48f9efe6143357760f3
Stored cache entry for AarResourcesCompilerTransform: /home/runner/.gradle/caches/8.9/transforms/67ea28c3055e9d64bcc9ee19a46f8200/transformed/loader-1.0.0 with cache key 3494485220d7f48f9efe6143357760f3
Build cache key for AarResourcesCompilerTransform: /home/runner/.gradle/caches/8.9/transforms/f2c0c8c587af567fe0b24f144dc84797/transformed/lifecycle-runtime-release is 6c61d6caaaa2754509368d412bf1e07b
Stored cache entry for AarResourcesCompilerTransform: /home/runner/.gradle/caches/8.9/transforms/f2c0c8c587af567fe0b24f144dc84797/transformed/lifecycle-runtime-release with cache key 6c61d6caaaa2754509368d412bf1e07b
Build cache key for AarResourcesCompilerTransform: /home/runner/.gradle/caches/8.9/transforms/9ac45b03335b27bdae47388c3ef681b3/transformed/activity-1.8.1 is be15df096d3cec15b73289be692f87f5
Stored cache entry for AarResourcesCompilerTransform: /home/runner/.gradle/caches/8.9/transforms/9ac45b03335b27bdae47388c3ef681b3/transformed/activity-1.8.1 with cache key be15df096d3cec15b73289be692f87f5
Build cache key for AarResourcesCompilerTransform: /home/runner/.gradle/caches/8.9/transforms/d082fb77384557313e4b1a3ce8e0a50e/transformed/emoji2-views-helper-1.3.0 is df1c54baf232bb1e7198ad71f7f88420
Stored cache entry for AarResourcesCompilerTransform: /home/runner/.gradle/caches/8.9/transforms/d082fb77384557313e4b1a3ce8e0a50e/transformed/emoji2-views-helper-1.3.0 with cache key df1c54baf232bb1e7198ad71f7f88420
Build cache key for AarResourcesCompilerTransform: /home/runner/.gradle/caches/8.9/transforms/27fbc6f33c0ec7c17234cf593774cb95/transformed/emoji2-1.3.0 is 67fb2fd95d8244d0197816bfd757d421
Stored cache entry for AarResourcesCompilerTransform: /home/runner/.gradle/caches/8.9/transforms/27fbc6f33c0ec7c17234cf593774cb95/transformed/emoji2-1.3.0 with cache key 67fb2fd95d8244d0197816bfd757d421
Build cache key for AarResourcesCompilerTransform: /home/runner/.gradle/caches/8.9/transforms/58242d362fcb8c56fa7ec6def399333d/transformed/savedstate-1.2.1 is b84d2f679544d4aa63bbe273f7d40e4d
Stored cache entry for AarResourcesCompilerTransform: /home/runner/.gradle/caches/8.9/transforms/58242d362fcb8c56fa7ec6def399333d/transformed/savedstate-1.2.1 with cache key b84d2f679544d4aa63bbe273f7d40e4d
Build cache key for AarResourcesCompilerTransform: /home/runner/.gradle/caches/8.9/transforms/5773aed0a93405f51ae7deaa3b4737d0/transformed/lifecycle-viewmodel-2.8.4 is 032a732ff55ce4a60394f84b1aa7ce14
Stored cache entry for AarResourcesCompilerTransform: /home/runner/.gradle/caches/8.9/transforms/5773aed0a93405f51ae7deaa3b4737d0/transformed/lifecycle-viewmodel-2.8.4 with cache key 032a732ff55ce4a60394f84b1aa7ce14
Build cache key for AarResourcesCompilerTransform: /home/runner/.gradle/caches/8.9/transforms/4536204e998e995808ae26cae95d9f11/transformed/lifecycle-viewmodel-release is 80eff034376a10cb54fb316c8da3d429
Stored cache entry for AarResourcesCompilerTransform: /home/runner/.gradle/caches/8.9/transforms/4536204e998e995808ae26cae95d9f11/transformed/lifecycle-viewmodel-release with cache key 80eff034376a10cb54fb316c8da3d429
Stored cache entry for AarResourcesCompilerTransform: /home/runner/.gradle/caches/8.9/transforms/1dde5f983d8d8b69105a239187db4900/transformed/appcompat-1.7.0 with cache key 41180591f087264ab91ace05b0891edf
Build cache key for AarResourcesCompilerTransform: /home/runner/.gradle/caches/8.9/transforms/cf94723d294267e6a8224b89f6f05948/transformed/lifecycle-process-2.8.4 is 3225e33229cd8966cceb616fc68928a3
Build cache key for AarResourcesCompilerTransform: /home/runner/.gradle/caches/8.9/transforms/c88b66ac669ebd352465d3b4158ebfa2/transformed/lifecycle-livedata-core-ktx-2.8.4 is aad8bcf45be9c633bf4a67301e21c6c8
Stored cache entry for AarResourcesCompilerTransform: /home/runner/.gradle/caches/8.9/transforms/cf94723d294267e6a8224b89f6f05948/transformed/lifecycle-process-2.8.4 with cache key 3225e33229cd8966cceb616fc68928a3
Stored cache entry for AarResourcesCompilerTransform: /home/runner/.gradle/caches/8.9/transforms/c88b66ac669ebd352465d3b4158ebfa2/transformed/lifecycle-livedata-core-ktx-2.8.4 with cache key aad8bcf45be9c633bf4a67301e21c6c8
Build cache key for AarResourcesCompilerTransform: /home/runner/.gradle/caches/8.9/transforms/304301d79c98426692113d043e9a1632/transformed/lifecycle-viewmodel-savedstate-2.8.4 is a682c475f64ee5115488271fa88144f6
Build cache key for AarResourcesCompilerTransform: /home/runner/.gradle/caches/8.9/transforms/f6d9851cfc4344c98341530c09a2d146/transformed/lifecycle-livedata-core-2.8.4 is 5f5f50f03ff1e0fe1a68687557cae60c
Stored cache entry for AarResourcesCompilerTransform: /home/runner/.gradle/caches/8.9/transforms/304301d79c98426692113d043e9a1632/transformed/lifecycle-viewmodel-savedstate-2.8.4 with cache key a682c475f64ee5115488271fa88144f6
Stored cache entry for AarResourcesCompilerTransform: /home/runner/.gradle/caches/8.9/transforms/f6d9851cfc4344c98341530c09a2d146/transformed/lifecycle-livedata-core-2.8.4 with cache key 5f5f50f03ff1e0fe1a68687557cae60c
Build cache key for AarResourcesCompilerTransform: /home/runner/.gradle/caches/8.9/transforms/a94955b321dcfee0badac9caa8c8b552/transformed/lifecycle-livedata-2.8.4 is 66d9f9d3c8d992063e817d722a0031b4
Stored cache entry for AarResourcesCompilerTransform: /home/runner/.gradle/caches/8.9/transforms/a94955b321dcfee0badac9caa8c8b552/transformed/lifecycle-livedata-2.8.4 with cache key 66d9f9d3c8d992063e817d722a0031b4
Build cache key for AarResourcesCompilerTransform: /home/runner/.gradle/caches/8.9/transforms/70a4404f78ff4408ba72cdeb9a417244/transformed/customview-poolingcontainer-1.0.0 is 8864d84e6527f5535c065c8758564e28
Build cache key for AarResourcesCompilerTransform: /home/runner/.gradle/caches/8.9/transforms/f3c10adefffb4712327042b936c625b1/transformed/core-ktx-1.13.0 is e9d6e7da0730e35216e549b0292eea18
Stored cache entry for AarResourcesCompilerTransform: /home/runner/.gradle/caches/8.9/transforms/70a4404f78ff4408ba72cdeb9a417244/transformed/customview-poolingcontainer-1.0.0 with cache key 8864d84e6527f5535c065c8758564e28
Build cache key for AarResourcesCompilerTransform: /home/runner/.gradle/caches/8.9/transforms/43625918a943aabeb509bfc3c0312b33/transformed/drawerlayout-1.1.1 is 3067d0a5898e40a1c6eafe48ac8cd8da
Stored cache entry for AarResourcesCompilerTransform: /home/runner/.gradle/caches/8.9/transforms/f3c10adefffb4712327042b936c625b1/transformed/core-ktx-1.13.0 with cache key e9d6e7da0730e35216e549b0292eea18
Build cache key for AarResourcesCompilerTransform: /home/runner/.gradle/caches/8.9/transforms/70ee23c0e0e0c37dfe41d6c34d471261/transformed/coordinatorlayout-1.1.0 is 29f63c7696da11221053e114799520ea
Stored cache entry for AarResourcesCompilerTransform: /home/runner/.gradle/caches/8.9/transforms/43625918a943aabeb509bfc3c0312b33/transformed/drawerlayout-1.1.1 with cache key 3067d0a5898e40a1c6eafe48ac8cd8da
Stored cache entry for AarResourcesCompilerTransform: /home/runner/.gradle/caches/8.9/transforms/70ee23c0e0e0c37dfe41d6c34d471261/transformed/coordinatorlayout-1.1.0 with cache key 29f63c7696da11221053e114799520ea
Build cache key for AarResourcesCompilerTransform: /home/runner/.gradle/caches/8.9/transforms/d4073ce150f09b8411f5a4751160ea57/transformed/vectordrawable-animated-1.1.0 is 46c344efdeb2534a8b661a428268ecb4
Build cache key for AarResourcesCompilerTransform: /home/runner/.gradle/caches/8.9/transforms/b8f7ed74e747393379cf17addd3ed887/transformed/vectordrawable-1.1.0 is 9fa45b4fb3c404f8f1f28641dd2b305b
Stored cache entry for AarResourcesCompilerTransform: /home/runner/.gradle/caches/8.9/transforms/d4073ce150f09b8411f5a4751160ea57/transformed/vectordrawable-animated-1.1.0 with cache key 46c344efdeb2534a8b661a428268ecb4
Stored cache entry for AarResourcesCompilerTransform: /home/runner/.gradle/caches/8.9/transforms/b8f7ed74e747393379cf17addd3ed887/transformed/vectordrawable-1.1.0 with cache key 9fa45b4fb3c404f8f1f28641dd2b305b
Build cache key for AarResourcesCompilerTransform: /home/runner/.gradle/caches/8.9/transforms/99a4e4e56fab2ebb59654ca188732776/transformed/viewpager-1.0.0 is e5a5e8ae3fd297e1d241ee2bd2fb0592
Build cache key for AarResourcesCompilerTransform: /home/runner/.gradle/caches/8.9/transforms/47e61816cad352fbb2cb2109c88c93c4/transformed/media-1.7.0 is d5c5c0eb7851847c5eb39a7ff7d9e224
Stored cache entry for AarResourcesCompilerTransform: /home/runner/.gradle/caches/8.9/transforms/99a4e4e56fab2ebb59654ca188732776/transformed/viewpager-1.0.0 with cache key e5a5e8ae3fd297e1d241ee2bd2fb0592
Compiling xml file /home/runner/.gradle/caches/8.9/transforms/47e61816cad352fbb2cb2109c88c93c4/transformed/media-1.7.0/res/layout/notification_template_big_media_custom.xml to /home/runner/.gradle/caches/8.9/transforms/c378bd8d23980627d7740c1e6cffcee1-c154f248-1de3-4181-ba9b-7ad90fb0a8b6/transformed/androidx.media/layout_notification_template_big_media_custom.xml.flat
Compiling xml file /home/runner/.gradle/caches/8.9/transforms/47e61816cad352fbb2cb2109c88c93c4/transformed/media-1.7.0/res/layout/notification_template_big_media_narrow.xml to /home/runner/.gradle/caches/8.9/transforms/c378bd8d23980627d7740c1e6cffcee1-c154f248-1de3-4181-ba9b-7ad90fb0a8b6/transformed/androidx.media/layout_notification_template_big_media_narrow.xml.flat
Compiling xml file /home/runner/.gradle/caches/8.9/transforms/47e61816cad352fbb2cb2109c88c93c4/transformed/media-1.7.0/res/layout/notification_template_big_media.xml to /home/runner/.gradle/caches/8.9/transforms/c378bd8d23980627d7740c1e6cffcee1-c154f248-1de3-4181-ba9b-7ad90fb0a8b6/transformed/androidx.media/layout_notification_template_big_media.xml.flat
Compiling xml file /home/runner/.gradle/caches/8.9/transforms/47e61816cad352fbb2cb2109c88c93c4/transformed/media-1.7.0/res/layout/notification_media_action.xml to /home/runner/.gradle/caches/8.9/transforms/c378bd8d23980627d7740c1e6cffcee1-c154f248-1de3-4181-ba9b-7ad90fb0a8b6/transformed/androidx.media/layout_notification_media_action.xml.flat
Compiling xml file /home/runner/.gradle/caches/8.9/transforms/47e61816cad352fbb2cb2109c88c93c4/transformed/media-1.7.0/res/layout/notification_template_media.xml to /home/runner/.gradle/caches/8.9/transforms/c378bd8d23980627d7740c1e6cffcee1-c154f248-1de3-4181-ba9b-7ad90fb0a8b6/transformed/androidx.media/layout_notification_template_media.xml.flat
Build cache key for AarResourcesCompilerTransform: /home/runner/.gradle/caches/8.9/transforms/ccb7155b84759ab93dd66aa5571c786b/transformed/customview-1.1.0 is 5e31c9a94f6e591696e9939fc1aee180
Stored cache entry for AarResourcesCompilerTransform: /home/runner/.gradle/caches/8.9/transforms/ccb7155b84759ab93dd66aa5571c786b/transformed/customview-1.1.0 with cache key 5e31c9a94f6e591696e9939fc1aee180
Compiling xml file /home/runner/.gradle/caches/8.9/transforms/47e61816cad352fbb2cb2109c88c93c4/transformed/media-1.7.0/res/layout/notification_template_big_media_narrow_custom.xml to /home/runner/.gradle/caches/8.9/transforms/c378bd8d23980627d7740c1e6cffcee1-c154f248-1de3-4181-ba9b-7ad90fb0a8b6/transformed/androidx.media/layout_notification_template_big_media_narrow_custom.xml.flat
Compiling xml file /home/runner/.gradle/caches/8.9/transforms/47e61816cad352fbb2cb2109c88c93c4/transformed/media-1.7.0/res/layout/notification_media_cancel_action.xml to /home/runner/.gradle/caches/8.9/transforms/c378bd8d23980627d7740c1e6cffcee1-c154f248-1de3-4181-ba9b-7ad90fb0a8b6/transformed/androidx.media/layout_notification_media_cancel_action.xml.flat
Compiling xml file /home/runner/.gradle/caches/8.9/transforms/47e61816cad352fbb2cb2109c88c93c4/transformed/media-1.7.0/res/layout/notification_template_media_custom.xml to /home/runner/.gradle/caches/8.9/transforms/c378bd8d23980627d7740c1e6cffcee1-c154f248-1de3-4181-ba9b-7ad90fb0a8b6/transformed/androidx.media/layout_notification_template_media_custom.xml.flat
Build cache key for AarResourcesCompilerTransform: /home/runner/.gradle/caches/8.9/transforms/c71f5b93f765c81b68c6363ac2a86f13/transformed/core-1.13.0 is dccb143979d09dc14db031b0fa96daac
Compiling xml file /home/runner/.gradle/caches/8.9/transforms/47e61816cad352fbb2cb2109c88c93c4/transformed/media-1.7.0/res/layout/notification_template_lines_media.xml to /home/runner/.gradle/caches/8.9/transforms/c378bd8d23980627d7740c1e6cffcee1-c154f248-1de3-4181-ba9b-7ad90fb0a8b6/transformed/androidx.media/layout_notification_template_lines_media.xml.flat
Compiling xml file /home/runner/.gradle/caches/8.9/transforms/c71f5b93f765c81b68c6363ac2a86f13/transformed/core-1.13.0/res/drawable/notification_icon_background.xml to /home/runner/.gradle/caches/8.9/transforms/a641fd570486bcd6fdedee3f11f5d736-e6dd4d37-3e3b-41ab-81eb-a780faa4c91b/transformed/androidx.core/drawable_notification_icon_background.xml.flat
Compiling xml file /home/runner/.gradle/caches/8.9/transforms/c71f5b93f765c81b68c6363ac2a86f13/transformed/core-1.13.0/res/drawable/notification_bg.xml to /home/runner/.gradle/caches/8.9/transforms/a641fd570486bcd6fdedee3f11f5d736-e6dd4d37-3e3b-41ab-81eb-a780faa4c91b/transformed/androidx.core/drawable_notification_bg.xml.flat
Compiling xml file /home/runner/.gradle/caches/8.9/transforms/c71f5b93f765c81b68c6363ac2a86f13/transformed/core-1.13.0/res/drawable/notification_tile_bg.xml to /home/runner/.gradle/caches/8.9/transforms/a641fd570486bcd6fdedee3f11f5d736-e6dd4d37-3e3b-41ab-81eb-a780faa4c91b/transformed/androidx.core/drawable_notification_tile_bg.xml.flat
Compiling xml file /home/runner/.gradle/caches/8.9/transforms/c71f5b93f765c81b68c6363ac2a86f13/transformed/core-1.13.0/res/drawable/notification_bg_low.xml to /home/runner/.gradle/caches/8.9/transforms/a641fd570486bcd6fdedee3f11f5d736-e6dd4d37-3e3b-41ab-81eb-a780faa4c91b/transformed/androidx.core/drawable_notification_bg_low.xml.flat
Compiling xml file /home/runner/.gradle/caches/8.9/transforms/c71f5b93f765c81b68c6363ac2a86f13/transformed/core-1.13.0/res/layout-v21/notification_template_icon_group.xml to /home/runner/.gradle/caches/8.9/transforms/a641fd570486bcd6fdedee3f11f5d736-e6dd4d37-3e3b-41ab-81eb-a780faa4c91b/transformed/androidx.core/layout-v21_notification_template_icon_group.xml.flat
Compiling xml file /home/runner/.gradle/caches/8.9/transforms/c71f5b93f765c81b68c6363ac2a86f13/transformed/core-1.13.0/res/layout-v21/notification_template_custom_big.xml to /home/runner/.gradle/caches/8.9/transforms/a641fd570486bcd6fdedee3f11f5d736-e6dd4d37-3e3b-41ab-81eb-a780faa4c91b/transformed/androidx.core/layout-v21_notification_template_custom_big.xml.flat
Compiling xml file /home/runner/.gradle/caches/8.9/transforms/c71f5b93f765c81b68c6363ac2a86f13/transformed/core-1.13.0/res/layout-v21/notification_action.xml to /home/runner/.gradle/caches/8.9/transforms/a641fd570486bcd6fdedee3f11f5d736-e6dd4d37-3e3b-41ab-81eb-a780faa4c91b/transformed/androidx.core/layout-v21_notification_action.xml.flat
Compiling xml file /home/runner/.gradle/caches/8.9/transforms/c71f5b93f765c81b68c6363ac2a86f13/transformed/core-1.13.0/res/layout-v21/notification_action_tombstone.xml to /home/runner/.gradle/caches/8.9/transforms/a641fd570486bcd6fdedee3f11f5d736-e6dd4d37-3e3b-41ab-81eb-a780faa4c91b/transformed/androidx.core/layout-v21_notification_action_tombstone.xml.flat
Stored cache entry for AarResourcesCompilerTransform: /home/runner/.gradle/caches/8.9/transforms/47e61816cad352fbb2cb2109c88c93c4/transformed/media-1.7.0 with cache key d5c5c0eb7851847c5eb39a7ff7d9e224
Compiling xml file /home/runner/.gradle/caches/8.9/transforms/c71f5b93f765c81b68c6363ac2a86f13/transformed/core-1.13.0/res/drawable-anydpi-v21/ic_call_decline_low.xml to /home/runner/.gradle/caches/8.9/transforms/a641fd570486bcd6fdedee3f11f5d736-e6dd4d37-3e3b-41ab-81eb-a780faa4c91b/transformed/androidx.core/drawable-anydpi-v21_ic_call_decline_low.xml.flat
Compiling xml file /home/runner/.gradle/caches/8.9/transforms/c71f5b93f765c81b68c6363ac2a86f13/transformed/core-1.13.0/res/drawable-anydpi-v21/ic_call_answer.xml to /home/runner/.gradle/caches/8.9/transforms/a641fd570486bcd6fdedee3f11f5d736-e6dd4d37-3e3b-41ab-81eb-a780faa4c91b/transformed/androidx.core/drawable-anydpi-v21_ic_call_answer.xml.flat
Compiling xml file /home/runner/.gradle/caches/8.9/transforms/c71f5b93f765c81b68c6363ac2a86f13/transformed/core-1.13.0/res/drawable-anydpi-v21/ic_call_answer_video_low.xml to /home/runner/.gradle/caches/8.9/transforms/a641fd570486bcd6fdedee3f11f5d736-e6dd4d37-3e3b-41ab-81eb-a780faa4c91b/transformed/androidx.core/drawable-anydpi-v21_ic_call_answer_video_low.xml.flat
Compiling xml file /home/runner/.gradle/caches/8.9/transforms/c71f5b93f765c81b68c6363ac2a86f13/transformed/core-1.13.0/res/drawable-anydpi-v21/ic_call_answer_video.xml to /home/runner/.gradle/caches/8.9/transforms/a641fd570486bcd6fdedee3f11f5d736-e6dd4d37-3e3b-41ab-81eb-a780faa4c91b/transformed/androidx.core/drawable-anydpi-v21_ic_call_answer_video.xml.flat
Compiling xml file /home/runner/.gradle/caches/8.9/transforms/c71f5b93f765c81b68c6363ac2a86f13/transformed/core-1.13.0/res/drawable-anydpi-v21/ic_call_decline.xml to /home/runner/.gradle/caches/8.9/transforms/a641fd570486bcd6fdedee3f11f5d736-e6dd4d37-3e3b-41ab-81eb-a780faa4c91b/transformed/androidx.core/drawable-anydpi-v21_ic_call_decline.xml.flat
Compiling xml file /home/runner/.gradle/caches/8.9/transforms/c71f5b93f765c81b68c6363ac2a86f13/transformed/core-1.13.0/res/drawable-anydpi-v21/ic_call_answer_low.xml to /home/runner/.gradle/caches/8.9/transforms/a641fd570486bcd6fdedee3f11f5d736-e6dd4d37-3e3b-41ab-81eb-a780faa4c91b/transformed/androidx.core/drawable-anydpi-v21_ic_call_answer_low.xml.flat
Compiling xml file /home/runner/.gradle/caches/8.9/transforms/c71f5b93f765c81b68c6363ac2a86f13/transformed/core-1.13.0/res/drawable-v21/notification_action_background.xml to /home/runner/.gradle/caches/8.9/transforms/a641fd570486bcd6fdedee3f11f5d736-e6dd4d37-3e3b-41ab-81eb-a780faa4c91b/transformed/androidx.core/drawable-v21_notification_action_background.xml.flat
Compiling xml file /home/runner/.gradle/caches/8.9/transforms/c71f5b93f765c81b68c6363ac2a86f13/transformed/core-1.13.0/res/layout/custom_dialog.xml to /home/runner/.gradle/caches/8.9/transforms/a641fd570486bcd6fdedee3f11f5d736-e6dd4d37-3e3b-41ab-81eb-a780faa4c91b/transformed/androidx.core/layout_custom_dialog.xml.flat
Compiling xml file /home/runner/.gradle/caches/8.9/transforms/c71f5b93f765c81b68c6363ac2a86f13/transformed/core-1.13.0/res/layout/notification_template_icon_group.xml to /home/runner/.gradle/caches/8.9/transforms/a641fd570486bcd6fdedee3f11f5d736-e6dd4d37-3e3b-41ab-81eb-a780faa4c91b/transformed/androidx.core/layout_notification_template_icon_group.xml.flat
Compiling xml file /home/runner/.gradle/caches/8.9/transforms/c71f5b93f765c81b68c6363ac2a86f13/transformed/core-1.13.0/res/layout/notification_template_custom_big.xml to /home/runner/.gradle/caches/8.9/transforms/a641fd570486bcd6fdedee3f11f5d736-e6dd4d37-3e3b-41ab-81eb-a780faa4c91b/transformed/androidx.core/layout_notification_template_custom_big.xml.flat
Compiling xml file /home/runner/.gradle/caches/8.9/transforms/c71f5b93f765c81b68c6363ac2a86f13/transformed/core-1.13.0/res/layout/notification_action.xml to /home/runner/.gradle/caches/8.9/transforms/a641fd570486bcd6fdedee3f11f5d736-e6dd4d37-3e3b-41ab-81eb-a780faa4c91b/transformed/androidx.core/layout_notification_action.xml.flat
Compiling xml file /home/runner/.gradle/caches/8.9/transforms/c71f5b93f765c81b68c6363ac2a86f13/transformed/core-1.13.0/res/layout/ime_base_split_test_activity.xml to /home/runner/.gradle/caches/8.9/transforms/a641fd570486bcd6fdedee3f11f5d736-e6dd4d37-3e3b-41ab-81eb-a780faa4c91b/transformed/androidx.core/layout_ime_base_split_test_activity.xml.flat
Compiling xml file /home/runner/.gradle/caches/8.9/transforms/c71f5b93f765c81b68c6363ac2a86f13/transformed/core-1.13.0/res/layout/ime_secondary_split_test_activity.xml to /home/runner/.gradle/caches/8.9/transforms/a641fd570486bcd6fdedee3f11f5d736-e6dd4d37-3e3b-41ab-81eb-a780faa4c91b/transformed/androidx.core/layout_ime_secondary_split_test_activity.xml.flat
Compiling xml file /home/runner/.gradle/caches/8.9/transforms/c71f5b93f765c81b68c6363ac2a86f13/transformed/core-1.13.0/res/layout/notification_action_tombstone.xml to /home/runner/.gradle/caches/8.9/transforms/a641fd570486bcd6fdedee3f11f5d736-e6dd4d37-3e3b-41ab-81eb-a780faa4c91b/transformed/androidx.core/layout_notification_action_tombstone.xml.flat
Compiling xml file /home/runner/.gradle/caches/8.9/transforms/c71f5b93f765c81b68c6363ac2a86f13/transformed/core-1.13.0/res/layout/notification_template_part_chronometer.xml to /home/runner/.gradle/caches/8.9/transforms/a641fd570486bcd6fdedee3f11f5d736-e6dd4d37-3e3b-41ab-81eb-a780faa4c91b/transformed/androidx.core/layout_notification_template_part_chronometer.xml.flat
Compiling xml file /home/runner/.gradle/caches/8.9/transforms/c71f5b93f765c81b68c6363ac2a86f13/transformed/core-1.13.0/res/layout/notification_template_part_time.xml to /home/runner/.gradle/caches/8.9/transforms/a641fd570486bcd6fdedee3f11f5d736-e6dd4d37-3e3b-41ab-81eb-a780faa4c91b/transformed/androidx.core/layout_notification_template_part_time.xml.flat
Compiling xml file /home/runner/.gradle/caches/8.9/transforms/787953bedcf891eaa3abe20dc151e7f8/transformed/media3-session-1.4.1/res/layout/media3_notification_template_big_media_narrow.xml to /home/runner/.gradle/caches/8.9/transforms/0618ca56dd219651d35ac27662691c1a-c260d0d9-e773-4f67-b067-e41ac54cea2c/transformed/androidx.media3.session/layout_media3_notification_template_big_media_narrow.xml.flat
Compiling xml file /home/runner/.gradle/caches/8.9/transforms/787953bedcf891eaa3abe20dc151e7f8/transformed/media3-session-1.4.1/res/layout/media3_notification_template_lines_media.xml to /home/runner/.gradle/caches/8.9/transforms/0618ca56dd219651d35ac27662691c1a-c260d0d9-e773-4f67-b067-e41ac54cea2c/transformed/androidx.media3.session/layout_media3_notification_template_lines_media.xml.flat
Compiling xml file /home/runner/.gradle/caches/8.9/transforms/787953bedcf891eaa3abe20dc151e7f8/transformed/media3-session-1.4.1/res/layout/media3_notification_template_media.xml to /home/runner/.gradle/caches/8.9/transforms/0618ca56dd219651d35ac27662691c1a-c260d0d9-e773-4f67-b067-e41ac54cea2c/transformed/androidx.media3.session/layout_media3_notification_template_media.xml.flat
Compiling xml file /home/runner/.gradle/caches/8.9/transforms/787953bedcf891eaa3abe20dc151e7f8/transformed/media3-session-1.4.1/res/layout/media3_notification_template_big_media_custom.xml to /home/runner/.gradle/caches/8.9/transforms/0618ca56dd219651d35ac27662691c1a-c260d0d9-e773-4f67-b067-e41ac54cea2c/transformed/androidx.media3.session/layout_media3_notification_template_big_media_custom.xml.flat
Compiling xml file /home/runner/.gradle/caches/8.9/transforms/787953bedcf891eaa3abe20dc151e7f8/transformed/media3-session-1.4.1/res/layout/media3_notification_template_big_media_narrow_custom.xml to /home/runner/.gradle/caches/8.9/transforms/0618ca56dd219651d35ac27662691c1a-c260d0d9-e773-4f67-b067-e41ac54cea2c/transformed/androidx.media3.session/layout_media3_notification_template_big_media_narrow_custom.xml.flat
Compiling xml file /home/runner/.gradle/caches/8.9/transforms/787953bedcf891eaa3abe20dc151e7f8/transformed/media3-session-1.4.1/res/layout/media3_notification_media_cancel_action.xml to /home/runner/.gradle/caches/8.9/transforms/0618ca56dd219651d35ac27662691c1a-c260d0d9-e773-4f67-b067-e41ac54cea2c/transformed/androidx.media3.session/layout_media3_notification_media_cancel_action.xml.flat
Compiling xml file /home/runner/.gradle/caches/8.9/transforms/787953bedcf891eaa3abe20dc151e7f8/transformed/media3-session-1.4.1/res/layout/media3_notification_template_media_custom.xml to /home/runner/.gradle/caches/8.9/transforms/0618ca56dd219651d35ac27662691c1a-c260d0d9-e773-4f67-b067-e41ac54cea2c/transformed/androidx.media3.session/layout_media3_notification_template_media_custom.xml.flat
Compiling xml file /home/runner/.gradle/caches/8.9/transforms/787953bedcf891eaa3abe20dc151e7f8/transformed/media3-session-1.4.1/res/layout/media3_notification_media_action.xml to /home/runner/.gradle/caches/8.9/transforms/0618ca56dd219651d35ac27662691c1a-c260d0d9-e773-4f67-b067-e41ac54cea2c/transformed/androidx.media3.session/layout_media3_notification_media_action.xml.flat
Compiling xml file /home/runner/.gradle/caches/8.9/transforms/787953bedcf891eaa3abe20dc151e7f8/transformed/media3-session-1.4.1/res/layout/media3_notification_template_big_media.xml to /home/runner/.gradle/caches/8.9/transforms/0618ca56dd219651d35ac27662691c1a-c260d0d9-e773-4f67-b067-e41ac54cea2c/transformed/androidx.media3.session/layout_media3_notification_template_big_media.xml.flat
Stored cache entry for AarResourcesCompilerTransform: /home/runner/.gradle/caches/8.9/transforms/c71f5b93f765c81b68c6363ac2a86f13/transformed/core-1.13.0 with cache key dccb143979d09dc14db031b0fa96daac
Build cache key for AarResourcesCompilerTransform: /home/runner/.gradle/caches/8.9/transforms/d252cf611dfeee4f1fd88b3f1f95271f/transformed/profileinstaller-1.3.1 is 6ce5be3f81dd85f51a734da8261f5d3f
Build cache key for AarResourcesCompilerTransform: /home/runner/.gradle/caches/8.9/transforms/125eb447ec418e197792928f7ac156f5/transformed/cursoradapter-1.0.0 is 924c4ad994f5f9ea33704283111fd8d0
Stored cache entry for AarResourcesCompilerTransform: /home/runner/.gradle/caches/8.9/transforms/125eb447ec418e197792928f7ac156f5/transformed/cursoradapter-1.0.0 with cache key 924c4ad994f5f9ea33704283111fd8d0
Stored cache entry for AarResourcesCompilerTransform: /home/runner/.gradle/caches/8.9/transforms/d252cf611dfeee4f1fd88b3f1f95271f/transformed/profileinstaller-1.3.1 with cache key 6ce5be3f81dd85f51a734da8261f5d3f
Build cache key for AarResourcesCompilerTransform: /home/runner/.gradle/caches/8.9/transforms/e57c5ec95d97095f7ddd08f083c26acd/transformed/cardview-1.0.0 is 6669226a92b5392531ec8db7f2855b77
Build cache key for AarResourcesCompilerTransform: /home/runner/.gradle/caches/8.9/transforms/4e8e304324599b458d61b8fae777970c/transformed/interpolator-1.0.0 is f395f4de1d28b5d80aa176285a64e2e2
Stored cache entry for AarResourcesCompilerTransform: /home/runner/.gradle/caches/8.9/transforms/4e8e304324599b458d61b8fae777970c/transformed/interpolator-1.0.0 with cache key f395f4de1d28b5d80aa176285a64e2e2
Build cache key for AarResourcesCompilerTransform: /home/runner/.gradle/caches/8.9/transforms/d76f7faec08758676fd25dae129ae9e7/transformed/versionedparcelable-1.1.1 is 919f185d6f853f495a9711b83610878a
Stored cache entry for AarResourcesCompilerTransform: /home/runner/.gradle/caches/8.9/transforms/e57c5ec95d97095f7ddd08f083c26acd/transformed/cardview-1.0.0 with cache key 6669226a92b5392531ec8db7f2855b77
Stored cache entry for AarResourcesCompilerTransform: /home/runner/.gradle/caches/8.9/transforms/d76f7faec08758676fd25dae129ae9e7/transformed/versionedparcelable-1.1.1 with cache key 919f185d6f853f495a9711b83610878a
Build cache key for AarResourcesCompilerTransform: /home/runner/.gradle/caches/8.9/transforms/b681ba03f7bc5356d20eb93dbc4f69bc/transformed/gifdecoder-4.16.0 is c58738dcdc6e2b9cba1ba20dcbea5867
Stored cache entry for AarResourcesCompilerTransform: /home/runner/.gradle/caches/8.9/transforms/b681ba03f7bc5356d20eb93dbc4f69bc/transformed/gifdecoder-4.16.0 with cache key c58738dcdc6e2b9cba1ba20dcbea5867
Build cache key for AarResourcesCompilerTransform: /home/runner/.gradle/caches/8.9/transforms/fb24fd81fb948482846358d35ccc42a2/transformed/startup-runtime-1.1.1 is 3fd6bc2726c6680ab3f51edac64d5550
Build cache key for AarResourcesCompilerTransform: /home/runner/.gradle/caches/8.9/transforms/5ac024980d164243ba39af4fe37c887f/transformed/exifinterface-1.3.6 is 31147e0963e254d59f4e686e9ff3ef44
Stored cache entry for AarResourcesCompilerTransform: /home/runner/.gradle/caches/8.9/transforms/fb24fd81fb948482846358d35ccc42a2/transformed/startup-runtime-1.1.1 with cache key 3fd6bc2726c6680ab3f51edac64d5550
Build cache key for AarResourcesCompilerTransform: /home/runner/.gradle/caches/8.9/transforms/c713cbc1f0158f5129ff92fe7dbf94b9/transformed/tracing-1.0.0 is 49814e0b4c7a90a328f785db49b1e65a
Stored cache entry for AarResourcesCompilerTransform: /home/runner/.gradle/caches/8.9/transforms/5ac024980d164243ba39af4fe37c887f/transformed/exifinterface-1.3.6 with cache key 31147e0963e254d59f4e686e9ff3ef44
Build cache key for AarResourcesCompilerTransform: /home/runner/.gradle/caches/8.9/transforms/c6f03c1e6772935c5ccd227794005cc7/transformed/core-runtime-2.2.0 is dba2e7734cef63a35c50b167ece409cc
Stored cache entry for AarResourcesCompilerTransform: /home/runner/.gradle/caches/8.9/transforms/c713cbc1f0158f5129ff92fe7dbf94b9/transformed/tracing-1.0.0 with cache key 49814e0b4c7a90a328f785db49b1e65a
Stored cache entry for AarResourcesCompilerTransform: /home/runner/.gradle/caches/8.9/transforms/c6f03c1e6772935c5ccd227794005cc7/transformed/core-runtime-2.2.0 with cache key dba2e7734cef63a35c50b167ece409cc
Build cache key for AarResourcesCompilerTransform: /home/runner/.gradle/caches/8.9/transforms/9a0b92f9f6b3c890fc34cb4403a07da6/transformed/documentfile-1.0.0 is 77a4bc2f13868dbc3a599cbd80b08682
Build cache key for AarResourcesCompilerTransform: /home/runner/.gradle/caches/8.9/transforms/955be4a975cbcd5ce3b32db831311006/transformed/localbroadcastmanager-1.0.0 is 7edb1dfe6d2e4b127825eed408bacbec
Stored cache entry for AarResourcesCompilerTransform: /home/runner/.gradle/caches/8.9/transforms/955be4a975cbcd5ce3b32db831311006/transformed/localbroadcastmanager-1.0.0 with cache key 7edb1dfe6d2e4b127825eed408bacbec
Stored cache entry for AarResourcesCompilerTransform: /home/runner/.gradle/caches/8.9/transforms/9a0b92f9f6b3c890fc34cb4403a07da6/transformed/documentfile-1.0.0 with cache key 77a4bc2f13868dbc3a599cbd80b08682
Build cache key for AarResourcesCompilerTransform: /home/runner/.gradle/caches/8.9/transforms/17976e65923912d1f5a695e89a707860/transformed/print-1.0.0 is 5ebab91963295187c3ea978e3aa98c02
Build cache key for AarResourcesCompilerTransform: /home/runner/.gradle/caches/8.9/transforms/5d63084fa3f6b3d2d1c088d876e5b51c/transformed/annotation-experimental-1.4.0 is a322d3772adf9eafe99d1a75c5af0d37
Stored cache entry for AarResourcesCompilerTransform: /home/runner/.gradle/caches/8.9/transforms/17976e65923912d1f5a695e89a707860/transformed/print-1.0.0 with cache key 5ebab91963295187c3ea978e3aa98c02
Stored cache entry for AarResourcesCompilerTransform: /home/runner/.gradle/caches/8.9/transforms/5d63084fa3f6b3d2d1c088d876e5b51c/transformed/annotation-experimental-1.4.0 with cache key a322d3772adf9eafe99d1a75c5af0d37
Compiling xml file /home/runner/.gradle/caches/8.9/transforms/b9c68220fce63fb5e94ecc1589f37798/transformed/media3-ui-1.4.1/res/layout/exo_player_view.xml to /home/runner/.gradle/caches/8.9/transforms/39c2e6c39ba1bddaf2bb9fccf5eb8ed3-f479fa15-06b3-4898-aeaa-ee34aae46785/transformed/androidx.media3.ui/layout_exo_player_view.xml.flat
Compiling xml file /home/runner/.gradle/caches/8.9/transforms/b9c68220fce63fb5e94ecc1589f37798/transformed/media3-ui-1.4.1/res/layout/exo_player_control_ffwd_button.xml to /home/runner/.gradle/caches/8.9/transforms/39c2e6c39ba1bddaf2bb9fccf5eb8ed3-f479fa15-06b3-4898-aeaa-ee34aae46785/transformed/androidx.media3.ui/layout_exo_player_control_ffwd_button.xml.flat
Compiling xml file /home/runner/.gradle/caches/8.9/transforms/b9c68220fce63fb5e94ecc1589f37798/transformed/media3-ui-1.4.1/res/layout/exo_styled_settings_list_item.xml to /home/runner/.gradle/caches/8.9/transforms/39c2e6c39ba1bddaf2bb9fccf5eb8ed3-f479fa15-06b3-4898-aeaa-ee34aae46785/transformed/androidx.media3.ui/layout_exo_styled_settings_list_item.xml.flat
Compiling xml file /home/runner/.gradle/caches/8.9/transforms/b9c68220fce63fb5e94ecc1589f37798/transformed/media3-ui-1.4.1/res/layout/exo_styled_settings_list.xml to /home/runner/.gradle/caches/8.9/transforms/39c2e6c39ba1bddaf2bb9fccf5eb8ed3-f479fa15-06b3-4898-aeaa-ee34aae46785/transformed/androidx.media3.ui/layout_exo_styled_settings_list.xml.flat
Compiling xml file /home/runner/.gradle/caches/8.9/transforms/b9c68220fce63fb5e94ecc1589f37798/transformed/media3-ui-1.4.1/res/layout/exo_player_control_view.xml to /home/runner/.gradle/caches/8.9/transforms/39c2e6c39ba1bddaf2bb9fccf5eb8ed3-f479fa15-06b3-4898-aeaa-ee34aae46785/transformed/androidx.media3.ui/layout_exo_player_control_view.xml.flat
Compiling xml file /home/runner/.gradle/caches/8.9/transforms/b9c68220fce63fb5e94ecc1589f37798/transformed/media3-ui-1.4.1/res/layout/exo_list_divider.xml to /home/runner/.gradle/caches/8.9/transforms/39c2e6c39ba1bddaf2bb9fccf5eb8ed3-f479fa15-06b3-4898-aeaa-ee34aae46785/transformed/androidx.media3.ui/layout_exo_list_divider.xml.flat
Compiling xml file /home/runner/.gradle/caches/8.9/transforms/b9c68220fce63fb5e94ecc1589f37798/transformed/media3-ui-1.4.1/res/layout/exo_legacy_player_control_view.xml to /home/runner/.gradle/caches/8.9/transforms/39c2e6c39ba1bddaf2bb9fccf5eb8ed3-f479fa15-06b3-4898-aeaa-ee34aae46785/transformed/androidx.media3.ui/layout_exo_legacy_player_control_view.xml.flat
Compiling xml file /home/runner/.gradle/caches/8.9/transforms/b9c68220fce63fb5e94ecc1589f37798/transformed/media3-ui-1.4.1/res/layout/exo_styled_sub_settings_list_item.xml to /home/runner/.gradle/caches/8.9/transforms/39c2e6c39ba1bddaf2bb9fccf5eb8ed3-f479fa15-06b3-4898-aeaa-ee34aae46785/transformed/androidx.media3.ui/layout_exo_styled_sub_settings_list_item.xml.flat
Compiling xml file /home/runner/.gradle/caches/8.9/transforms/b9c68220fce63fb5e94ecc1589f37798/transformed/media3-ui-1.4.1/res/layout/exo_player_control_rewind_button.xml to /home/runner/.gradle/caches/8.9/transforms/39c2e6c39ba1bddaf2bb9fccf5eb8ed3-f479fa15-06b3-4898-aeaa-ee34aae46785/transformed/androidx.media3.ui/layout_exo_player_control_rewind_button.xml.flat
Compiling xml file /home/runner/.gradle/caches/8.9/transforms/b9c68220fce63fb5e94ecc1589f37798/transformed/media3-ui-1.4.1/res/layout/exo_track_selection_dialog.xml to /home/runner/.gradle/caches/8.9/transforms/39c2e6c39ba1bddaf2bb9fccf5eb8ed3-f479fa15-06b3-4898-aeaa-ee34aae46785/transformed/androidx.media3.ui/layout_exo_track_selection_dialog.xml.flat
Stored cache entry for AarResourcesCompilerTransform: /home/runner/.gradle/caches/8.9/transforms/787953bedcf891eaa3abe20dc151e7f8/transformed/media3-session-1.4.1 with cache key 72537c25fe8340b533c6738c8bd54d7c
Stored cache entry for AarResourcesCompilerTransform: /home/runner/.gradle/caches/8.9/transforms/b9c68220fce63fb5e94ecc1589f37798/transformed/media3-ui-1.4.1 with cache key 4b44fa7243887f9de75ec93b5386977f
Build cache key for task ':app:processDebugResources' is 151ab8390ba7ae40f32004358f359bf6
Task ':app:processDebugResources' is not up-to-date because:
  No history is available.
The input changes require a full rebuild for incremental task ':app:processDebugResources'.
Android resource linking failed:
process = AAPT2 aapt2-8.5.2-11315950-linux Daemon #0:
command = /home/runner/.gradle/caches/8.9/transforms/682f0826836c014d15f0ea343225e135/transformed/aapt2-8.5.2-11315950-linux/aapt2 link -I\
        /usr/local/lib/android/sdk/platforms/android-35/android.jar\
        --manifest\
        /home/runner/work/Kzmwpwnsmms/Kzmwpwnsmms/android/app/build/intermediates/packaged_manifests/debug/processDebugManifestForPackage/AndroidManifest.xml\
        -o\
        /home/runner/work/Kzmwpwnsmms/Kzmwpwnsmms/android/app/build/intermediates/processed_res/debug/processDebugResources/out/resources-debug.ap_\
        -R\
        @/home/runner/work/Kzmwpwnsmms/Kzmwpwnsmms/android/app/build/intermediates/incremental/processDebugResources/resources-list-for-resources-debug.ap_.txt\
        --auto-add-overlay\
        --custom-package\
        com.anibeat.app\
        -0\
        apk\
        -c\
        ru,en\
        --output-text-symbols\
        /home/runner/work/Kzmwpwnsmms/Kzmwpwnsmms/android/app/build/intermediates/runtime_symbol_list/debug/processDebugResources/R.txt\
        --no-version-vectors\
        --proguard-minimal-keep-rules\
        --no-proguard-location-reference\
        --emit-ids\
        /home/runner/work/Kzmwpwnsmms/Kzmwpwnsmms/android/app/build/intermediates/stable_resource_ids_file/debug/processDebugResources/stableIds.txt

> Task :app:checkDebugDuplicateClasses
Transforming viewbinding-8.5.2.aar (androidx.databinding:viewbinding:8.5.2) with AarToClassTransform
Transforming material-1.12.0.aar (com.google.android.material:material:1.12.0) with AarToClassTransform
Caching disabled for AarToClassTransform: /home/runner/.gradle/caches/modules-2/files-2.1/com.google.android.material/material/1.12.0/e493b7ac7fc4b8ca48527e0199f9961652711ac3/material-1.12.0.aar because:
  Caching not enabled.
Caching disabled for AarToClassTransform: /home/runner/.gradle/caches/modules-2/files-2.1/androidx.databinding/viewbinding/8.5.2/d2347620225b9ed2cc6766985c1baec81dbdc3c8/viewbinding-8.5.2.aar because:
  Caching not enabled.
Transforming constraintlayout-2.1.4.aar (androidx.constraintlayout:constraintlayout:2.1.4) with AarToClassTransform
Transforming appcompat-resources-1.7.0.aar (androidx.appcompat:appcompat-resources:1.7.0) with AarToClassTransform
Transforming appcompat-1.7.0.aar (androidx.appcompat:appcompat:1.7.0) with AarToClassTransform
Transforming viewpager2-1.1.0.aar (androidx.viewpager2:viewpager2:1.1.0) with AarToClassTransform
Transforming media3-exoplayer-1.4.1.aar (androidx.media3:media3-exoplayer:1.4.1) with AarToClassTransform
Transforming media3-session-1.4.1.aar (androidx.media3:media3-session:1.4.1) with AarToClassTransform
Transforming media3-datasource-okhttp-1.4.1.aar (androidx.media3:media3-datasource-okhttp:1.4.1) with AarToClassTransform
Transforming media3-extractor-1.4.1.aar (androidx.media3:media3-extractor:1.4.1) with AarToClassTransform
Transforming media3-container-1.4.1.aar (androidx.media3:media3-container:1.4.1) with AarToClassTransform
Transforming media3-datasource-1.4.1.aar (androidx.media3:media3-datasource:1.4.1) with AarToClassTransform
Transforming media3-decoder-1.4.1.aar (androidx.media3:media3-decoder:1.4.1) with AarToClassTransform
Transforming media3-database-1.4.1.aar (androidx.media3:media3-database:1.4.1) with AarToClassTransform
Transforming media3-common-1.4.1.aar (androidx.media3:media3-common:1.4.1) with AarToClassTransform
Transforming media3-ui-1.4.1.aar (androidx.media3:media3-ui:1.4.1) with AarToClassTransform
Transforming recyclerview-1.3.2.aar (androidx.recyclerview:recyclerview:1.3.2) with AarToClassTransform
Transforming glide-4.16.0.aar (com.github.bumptech.glide:glide:4.16.0) with AarToClassTransform
Transforming fragment-1.8.2.aar (androidx.fragment:fragment:1.8.2) with AarToClassTransform
Transforming swiperefreshlayout-1.1.0.aar (androidx.swiperefreshlayout:swiperefreshlayout:1.1.0) with AarToClassTransform
Transforming palette-1.0.0.aar (androidx.palette:palette:1.0.0) with AarToClassTransform
Transforming okhttp-urlconnection-4.12.0.jar (com.squareup.okhttp3:okhttp-urlconnection:4.12.0) with IdentityTransform
Transforming okhttp-4.12.0.jar (com.squareup.okhttp3:okhttp:4.12.0) with IdentityTransform
Transforming gson-2.11.0.jar (com.google.code.gson:gson:2.11.0) with IdentityTransform
Transforming guava-33.0.0-android.jar (com.google.guava:guava:33.0.0-android) with IdentityTransform
Transforming transition-1.5.0.aar (androidx.transition:transition:1.5.0) with AarToClassTransform
Transforming dynamicanimation-1.0.0.aar (androidx.dynamicanimation:dynamicanimation:1.0.0) with AarToClassTransform
Transforming legacy-support-core-utils-1.0.0.aar (androidx.legacy:legacy-support-core-utils:1.0.0) with AarToClassTransform
Transforming legacy-support-core-utils-1.0.0.aar (androidx.legacy:legacy-support-core-utils:1.0.0) with AarToClassTransform
Transforming loader-1.0.0.aar (androidx.loader:loader:1.0.0) with AarToClassTransform
Transforming loader-1.0.0.aar (androidx.loader:loader:1.0.0) with AarToClassTransform
Transforming lifecycle-runtime-release.aar (androidx.lifecycle:lifecycle-runtime-android:2.8.4) with AarToClassTransform
Transforming activity-1.8.1.aar (androidx.activity:activity:1.8.1) with AarToClassTransform
Transforming emoji2-views-helper-1.3.0.aar (androidx.emoji2:emoji2-views-helper:1.3.0) with AarToClassTransform
Transforming emoji2-1.3.0.aar (androidx.emoji2:emoji2:1.3.0) with AarToClassTransform
Transforming savedstate-1.2.1.aar (androidx.savedstate:savedstate:1.2.1) with AarToClassTransform
Transforming lifecycle-common-jvm-2.8.4.jar (androidx.lifecycle:lifecycle-common-jvm:2.8.4) with IdentityTransform
Transforming lifecycle-viewmodel-2.8.4.aar (androidx.lifecycle:lifecycle-viewmodel:2.8.4) with AarToClassTransform
Transforming lifecycle-viewmodel-release.aar (androidx.lifecycle:lifecycle-viewmodel-android:2.8.4) with AarToClassTransform
Transforming lifecycle-process-2.8.4.aar (androidx.lifecycle:lifecycle-process:2.8.4) with AarToClassTransform
Transforming lifecycle-livedata-core-ktx-2.8.4.aar (androidx.lifecycle:lifecycle-livedata-core-ktx:2.8.4) with AarToClassTransform
Transforming lifecycle-viewmodel-savedstate-2.8.4.aar (androidx.lifecycle:lifecycle-viewmodel-savedstate:2.8.4) with AarToClassTransform
Transforming lifecycle-livedata-core-2.8.4.aar (androidx.lifecycle:lifecycle-livedata-core:2.8.4) with AarToClassTransform
Transforming lifecycle-livedata-2.8.4.aar (androidx.lifecycle:lifecycle-livedata:2.8.4) with AarToClassTransform
Transforming lifecycle-livedata-2.8.4.aar (androidx.lifecycle:lifecycle-livedata:2.8.4) with AarToClassTransform
Transforming customview-poolingcontainer-1.0.0.aar (androidx.customview:customview-poolingcontainer:1.0.0) with AarToClassTransform
Transforming core-ktx-1.13.0.aar (androidx.core:core-ktx:1.13.0) with AarToClassTransform
Transforming drawerlayout-1.1.1.aar (androidx.drawerlayout:drawerlayout:1.1.1) with AarToClassTransform
Transforming coordinatorlayout-1.1.0.aar (androidx.coordinatorlayout:coordinatorlayout:1.1.0) with AarToClassTransform
Transforming vectordrawable-animated-1.1.0.aar (androidx.vectordrawable:vectordrawable-animated:1.1.0) with AarToClassTransform
Transforming vectordrawable-1.1.0.aar (androidx.vectordrawable:vectordrawable:1.1.0) with AarToClassTransform
Transforming vectordrawable-1.1.0.aar (androidx.vectordrawable:vectordrawable:1.1.0) with AarToClassTransform
Transforming viewpager-1.0.0.aar (androidx.viewpager:viewpager:1.0.0) with AarToClassTransform
Transforming media-1.7.0.aar (androidx.media:media:1.7.0) with AarToClassTransform
Transforming customview-1.1.0.aar (androidx.customview:customview:1.1.0) with AarToClassTransform
Transforming customview-1.1.0.aar (androidx.customview:customview:1.1.0) with AarToClassTransform
Transforming customview-1.1.0.aar (androidx.customview:customview:1.1.0) with AarToClassTransform
Transforming customview-1.1.0.aar (androidx.customview:customview:1.1.0) with AarToClassTransform
Transforming core-1.13.0.aar (androidx.core:core:1.13.0) with AarToClassTransform
Transforming core-1.13.0.aar (androidx.core:core:1.13.0) with AarToClassTransform
Transforming core-1.13.0.aar (androidx.core:core:1.13.0) with AarToClassTransform
Transforming core-1.13.0.aar (androidx.core:core:1.13.0) with AarToClassTransform
Transforming core-1.13.0.aar (androidx.core:core:1.13.0) with AarToClassTransform
Transforming core-1.13.0.aar (androidx.core:core:1.13.0) with AarToClassTransform
Transforming core-1.13.0.aar (androidx.core:core:1.13.0) with AarToClassTransform
Transforming core-1.13.0.aar (androidx.core:core:1.13.0) with AarToClassTransform
Transforming core-1.13.0.aar (androidx.core:core:1.13.0) with AarToClassTransform
Transforming core-1.13.0.aar (androidx.core:core:1.13.0) with AarToClassTransform
Transforming core-1.13.0.aar (androidx.core:core:1.13.0) with AarToClassTransform
Transforming cursoradapter-1.0.0.aar (androidx.cursoradapter:cursoradapter:1.0.0) with AarToClassTransform
Transforming profileinstaller-1.3.1.aar (androidx.profileinstaller:profileinstaller:1.3.1) with AarToClassTransform
Transforming resourceinspection-annotation-1.0.1.jar (androidx.resourceinspection:resourceinspection-annotation:1.0.1) with IdentityTransform
Transforming cardview-1.0.0.aar (androidx.cardview:cardview:1.0.0) with AarToClassTransform
Transforming interpolator-1.0.0.aar (androidx.interpolator:interpolator:1.0.0) with AarToClassTransform
Transforming interpolator-1.0.0.aar (androidx.interpolator:interpolator:1.0.0) with AarToClassTransform
Transforming interpolator-1.0.0.aar (androidx.interpolator:interpolator:1.0.0) with AarToClassTransform
Transforming versionedparcelable-1.1.1.aar (androidx.versionedparcelable:versionedparcelable:1.1.1) with AarToClassTransform
Transforming collection-1.2.0.jar (androidx.collection:collection:1.2.0) with IdentityTransform
Transforming exifinterface-1.3.6.aar (androidx.exifinterface:exifinterface:1.3.6) with AarToClassTransform
Transforming gifdecoder-4.16.0.aar (com.github.bumptech.glide:gifdecoder:4.16.0) with AarToClassTransform
Transforming startup-runtime-1.1.1.aar (androidx.startup:startup-runtime:1.1.1) with AarToClassTransform
Transforming tracing-1.0.0.aar (androidx.tracing:tracing:1.0.0) with AarToClassTransform
Transforming core-runtime-2.2.0.aar (androidx.arch.core:core-runtime:2.2.0) with AarToClassTransform
Transforming core-common-2.2.0.jar (androidx.arch.core:core-common:2.2.0) with IdentityTransform
Transforming concurrent-futures-1.1.0.jar (androidx.concurrent:concurrent-futures:1.1.0) with IdentityTransform
Transforming documentfile-1.0.0.aar (androidx.documentfile:documentfile:1.0.0) with AarToClassTransform
Transforming localbroadcastmanager-1.0.0.aar (androidx.localbroadcastmanager:localbroadcastmanager:1.0.0) with AarToClassTransform
Transforming print-1.0.0.aar (androidx.print:print:1.0.0) with AarToClassTransform
Transforming annotation-experimental-1.4.0.aar (androidx.annotation:annotation-experimental:1.4.0) with AarToClassTransform
Transforming annotation-jvm-1.8.2.jar (androidx.annotation:annotation-jvm:1.8.2) with IdentityTransform
Transforming okio-jvm-3.6.0.jar (com.squareup.okio:okio-jvm:3.6.0) with IdentityTransform
Transforming kotlinx-coroutines-core-jvm-1.7.3.jar (org.jetbrains.kotlinx:kotlinx-coroutines-core-jvm:1.7.3) with IdentityTransform
Transforming kotlinx-coroutines-android-1.7.3.jar (org.jetbrains.kotlinx:kotlinx-coroutines-android:1.7.3) with IdentityTransform
Transforming kotlin-stdlib-jdk8-1.9.10.jar (org.jetbrains.kotlin:kotlin-stdlib-jdk8:1.9.10) with IdentityTransform
Transforming kotlin-stdlib-jdk7-1.9.10.jar (org.jetbrains.kotlin:kotlin-stdlib-jdk7:1.9.10) with IdentityTransform
Transforming kotlin-stdlib-1.9.10.jar (org.jetbrains.kotlin:kotlin-stdlib:1.9.10) with IdentityTransform
Transforming error_prone_annotations-2.27.0.jar (com.google.errorprone:error_prone_annotations:2.27.0) with IdentityTransform
Transforming constraintlayout-core-1.0.4.jar (androidx.constraintlayout:constraintlayout-core:1.0.4) with IdentityTransform
Transforming disklrucache-4.16.0.jar (com.github.bumptech.glide:disklrucache:4.16.0) with IdentityTransform
Transforming annotations-4.16.0.jar (com.github.bumptech.glide:annotations:4.16.0) with IdentityTransform
Transforming failureaccess-1.0.2.jar (com.google.guava:failureaccess:1.0.2) with IdentityTransform
Transforming listenablefuture-9999.0-empty-to-avoid-conflict-with-guava.jar (com.google.guava:listenablefuture:9999.0-empty-to-avoid-conflict-with-guava) with IdentityTransform
Transforming jsr305-3.0.2.jar (com.google.code.findbugs:jsr305:3.0.2) with IdentityTransform
Transforming checker-qual-3.41.0.jar (org.checkerframework:checker-qual:3.41.0) with IdentityTransform
Transforming kotlin-stdlib-common-1.9.10.jar (org.jetbrains.kotlin:kotlin-stdlib-common:1.9.10) with IdentityTransform
Transforming annotations-23.0.0.jar (org.jetbrains:annotations:23.0.0) with IdentityTransform
Caching disabled for AarToClassTransform: /home/runner/.gradle/caches/modules-2/files-2.1/androidx.appcompat/appcompat-resources/1.7.0/2a42c0283578a8a40fc83b45b5cd06924bd1a385/appcompat-resources-1.7.0.aar because:
  Caching not enabled.
Transforming viewbinding-8.5.2.aar (androidx.databinding:viewbinding:8.5.2) with EnumerateClassesTransform
Transforming appcompat-resources-1.7.0.aar (androidx.appcompat:appcompat-resources:1.7.0) with EnumerateClassesTransform
Build cache key for EnumerateClassesTransform: /home/runner/.gradle/caches/8.9/transforms/5e81f57e6d7f5930b263d2393bcbd749/transformed/appcompat-resources-1.7.0-runtime.jar is ce0656b73f5207a47c17f9250a04686f
Build cache key for EnumerateClassesTransform: /home/runner/.gradle/caches/8.9/transforms/6dabb78998a948696582b5b8b0fe0195/transformed/viewbinding-8.5.2-runtime.jar is 54ecb0e9867de2c58c84c2d440489da6
Stored cache entry for EnumerateClassesTransform: /home/runner/.gradle/caches/8.9/transforms/5e81f57e6d7f5930b263d2393bcbd749/transformed/appcompat-resources-1.7.0-runtime.jar with cache key ce0656b73f5207a47c17f9250a04686f
Caching disabled for AarToClassTransform: /home/runner/.gradle/caches/modules-2/files-2.1/androidx.appcompat/appcompat/1.7.0/d44656e67ab2123393e5f3e957ecc3641a600c7b/appcompat-1.7.0.aar because:
  Caching not enabled.
Stored cache entry for EnumerateClassesTransform: /home/runner/.gradle/caches/8.9/transforms/6dabb78998a948696582b5b8b0fe0195/transformed/viewbinding-8.5.2-runtime.jar with cache key 54ecb0e9867de2c58c84c2d440489da6
Caching disabled for AarToClassTransform: /home/runner/.gradle/caches/modules-2/files-2.1/androidx.viewpager2/viewpager2/1.1.0/13a5c2ab8c8fa2b50702f4ae487aa17db796eb4e/viewpager2-1.1.0.aar because:
  Caching not enabled.
Transforming viewpager2-1.1.0.aar (androidx.viewpager2:viewpager2:1.1.0) with EnumerateClassesTransform
Build cache key for EnumerateClassesTransform: /home/runner/.gradle/caches/8.9/transforms/402bafa3228c7ae31ee91d9bd41ee52c/transformed/viewpager2-1.1.0-runtime.jar is a8be955a322a8b9ac79b358c822c8798
Stored cache entry for EnumerateClassesTransform: /home/runner/.gradle/caches/8.9/transforms/402bafa3228c7ae31ee91d9bd41ee52c/transformed/viewpager2-1.1.0-runtime.jar with cache key a8be955a322a8b9ac79b358c822c8798
Caching disabled for AarToClassTransform: /home/runner/.gradle/caches/modules-2/files-2.1/androidx.media3/media3-exoplayer/1.4.1/57c5d8d4a13e187c95186bfe7b82c7068a6b54e9/media3-exoplayer-1.4.1.aar because:
  Caching not enabled.
Transforming appcompat-1.7.0.aar (androidx.appcompat:appcompat:1.7.0) with EnumerateClassesTransform
Build cache key for EnumerateClassesTransform: /home/runner/.gradle/caches/8.9/transforms/882368b4ab29b9113711e743b61d96cf/transformed/appcompat-1.7.0-runtime.jar is 3b497224b2d6cc8c000205e101bb4e33
Stored cache entry for EnumerateClassesTransform: /home/runner/.gradle/caches/8.9/transforms/882368b4ab29b9113711e743b61d96cf/transformed/appcompat-1.7.0-runtime.jar with cache key 3b497224b2d6cc8c000205e101bb4e33
Caching disabled for AarToClassTransform: /home/runner/.gradle/caches/modules-2/files-2.1/androidx.media3/media3-session/1.4.1/349ecc8b32e78399348799464d598d10024bb296/media3-session-1.4.1.aar because:
  Caching not enabled.
Transforming media3-session-1.4.1.aar (androidx.media3:media3-session:1.4.1) with EnumerateClassesTransform
Build cache key for EnumerateClassesTransform: /home/runner/.gradle/caches/8.9/transforms/350c253003f393b8253975158c1baf7e/transformed/media3-session-1.4.1-runtime.jar is 7dc061dbdf524b0a8c8f2aa8aef8cdb1
Transforming material-1.12.0.aar (com.google.android.material:material:1.12.0) with EnumerateClassesTransform
Stored cache entry for EnumerateClassesTransform: /home/runner/.gradle/caches/8.9/transforms/350c253003f393b8253975158c1baf7e/transformed/media3-session-1.4.1-runtime.jar with cache key 7dc061dbdf524b0a8c8f2aa8aef8cdb1
Caching disabled for AarToClassTransform: /home/runner/.gradle/caches/modules-2/files-2.1/androidx.media3/media3-datasource-okhttp/1.4.1/c497996052e545aa1810fc1c6ca73a59dddc9b22/media3-datasource-okhttp-1.4.1.aar because:
  Caching not enabled.
Transforming media3-exoplayer-1.4.1.aar (androidx.media3:media3-exoplayer:1.4.1) with EnumerateClassesTransform
Transforming media3-datasource-okhttp-1.4.1.aar (androidx.media3:media3-datasource-okhttp:1.4.1) with EnumerateClassesTransform
Build cache key for EnumerateClassesTransform: /home/runner/.gradle/caches/8.9/transforms/d8bd51bc9b9891ed5b8e7fa7a9d74023/transformed/media3-datasource-okhttp-1.4.1-runtime.jar is ef38ecac51de0558980f851a46bfc21c
Build cache key for EnumerateClassesTransform: /home/runner/.gradle/caches/8.9/transforms/55b85245d15f3ded9d238cbabed08c89/transformed/material-1.12.0-runtime.jar is 2334ed72a42d7303d3443d23b490b296
Stored cache entry for EnumerateClassesTransform: /home/runner/.gradle/caches/8.9/transforms/d8bd51bc9b9891ed5b8e7fa7a9d74023/transformed/media3-datasource-okhttp-1.4.1-runtime.jar with cache key ef38ecac51de0558980f851a46bfc21c
Caching disabled for AarToClassTransform: /home/runner/.gradle/caches/modules-2/files-2.1/androidx.media3/media3-extractor/1.4.1/eb3c0677cb202c70ecaba0bf4a31d56a6ba607c8/media3-extractor-1.4.1.aar because:
  Caching not enabled.
Stored cache entry for EnumerateClassesTransform: /home/runner/.gradle/caches/8.9/transforms/55b85245d15f3ded9d238cbabed08c89/transformed/material-1.12.0-runtime.jar with cache key 2334ed72a42d7303d3443d23b490b296
Caching disabled for AarToClassTransform: /home/runner/.gradle/caches/modules-2/files-2.1/androidx.media3/media3-container/1.4.1/a475312c1b14def1d8c3b9e82bc605b79e434803/media3-container-1.4.1.aar because:
  Caching not enabled.
Transforming media3-container-1.4.1.aar (androidx.media3:media3-container:1.4.1) with EnumerateClassesTransform
Build cache key for EnumerateClassesTransform: /home/runner/.gradle/caches/8.9/transforms/fdf447f6b4b5c434dc723f32e2975e81/transformed/media3-exoplayer-1.4.1-runtime.jar is c6d1663aecce3c9de9ac63016525a70e
Build cache key for EnumerateClassesTransform: /home/runner/.gradle/caches/8.9/transforms/79425e5860b410cb89d74d07d1aa3468/transformed/media3-container-1.4.1-runtime.jar is cb3161fb826118a2d959f54283d87e22
Stored cache entry for EnumerateClassesTransform: /home/runner/.gradle/caches/8.9/transforms/79425e5860b410cb89d74d07d1aa3468/transformed/media3-container-1.4.1-runtime.jar with cache key cb3161fb826118a2d959f54283d87e22
Stored cache entry for EnumerateClassesTransform: /home/runner/.gradle/caches/8.9/transforms/fdf447f6b4b5c434dc723f32e2975e81/transformed/media3-exoplayer-1.4.1-runtime.jar with cache key c6d1663aecce3c9de9ac63016525a70e
Caching disabled for AarToClassTransform: /home/runner/.gradle/caches/modules-2/files-2.1/androidx.media3/media3-datasource/1.4.1/e1da53904b9e567685638063798076e3e1bebacf/media3-datasource-1.4.1.aar because:
  Caching not enabled.
Caching disabled for AarToClassTransform: /home/runner/.gradle/caches/modules-2/files-2.1/androidx.media3/media3-decoder/1.4.1/a708bc2c0b8dabe2d081ff12afaed8d46466628d/media3-decoder-1.4.1.aar because:
  Caching not enabled.
Transforming media3-decoder-1.4.1.aar (androidx.media3:media3-decoder:1.4.1) with EnumerateClassesTransform
Build cache key for EnumerateClassesTransform: /home/runner/.gradle/caches/8.9/transforms/251ed2c70019ab116ca1dd1553c898a4/transformed/media3-decoder-1.4.1-runtime.jar is cfea5d3519cb27e2255f34ab87a2785e
Stored cache entry for EnumerateClassesTransform: /home/runner/.gradle/caches/8.9/transforms/251ed2c70019ab116ca1dd1553c898a4/transformed/media3-decoder-1.4.1-runtime.jar with cache key cfea5d3519cb27e2255f34ab87a2785e
Caching disabled for AarToClassTransform: /home/runner/.gradle/caches/modules-2/files-2.1/androidx.media3/media3-database/1.4.1/2000ab8702e42ae279cbc331e4cbb3fa84b7477f/media3-database-1.4.1.aar because:
  Caching not enabled.
Transforming media3-database-1.4.1.aar (androidx.media3:media3-database:1.4.1) with EnumerateClassesTransform
Transforming media3-extractor-1.4.1.aar (androidx.media3:media3-extractor:1.4.1) with EnumerateClassesTransform
Build cache key for EnumerateClassesTransform: /home/runner/.gradle/caches/8.9/transforms/52dc62eed305946d1dd1b8a81c4df46c/transformed/media3-database-1.4.1-runtime.jar is 0293183cbcb10a7ce1d8ab868fb13c3b
Transforming media3-datasource-1.4.1.aar (androidx.media3:media3-datasource:1.4.1) with EnumerateClassesTransform
Stored cache entry for EnumerateClassesTransform: /home/runner/.gradle/caches/8.9/transforms/52dc62eed305946d1dd1b8a81c4df46c/transformed/media3-database-1.4.1-runtime.jar with cache key 0293183cbcb10a7ce1d8ab868fb13c3b
Build cache key for EnumerateClassesTransform: /home/runner/.gradle/caches/8.9/transforms/5e7a5fc3191d435ccf0c152b550b7a76/transformed/media3-datasource-1.4.1-runtime.jar is a6802aef925ea7c0707c96b7207bd46e
Caching disabled for AarToClassTransform: /home/runner/.gradle/caches/modules-2/files-2.1/androidx.media3/media3-common/1.4.1/92239509499be6acaf58ed5800f9f9c2aa5cdf27/media3-common-1.4.1.aar because:
  Caching not enabled.
Stored cache entry for EnumerateClassesTransform: /home/runner/.gradle/caches/8.9/transforms/5e7a5fc3191d435ccf0c152b550b7a76/transformed/media3-datasource-1.4.1-runtime.jar with cache key a6802aef925ea7c0707c96b7207bd46e
Caching disabled for AarToClassTransform: /home/runner/.gradle/caches/modules-2/files-2.1/androidx.media3/media3-ui/1.4.1/95308f5a6ed8f6c11afbfc321a724f0e2b81560e/media3-ui-1.4.1.aar because:
  Caching not enabled.
Build cache key for EnumerateClassesTransform: /home/runner/.gradle/caches/8.9/transforms/213038db00d23876d609bd1cc4736b12/transformed/media3-extractor-1.4.1-runtime.jar is 396646ce1c95ed3001a5db70a4975f2b
Transforming media3-ui-1.4.1.aar (androidx.media3:media3-ui:1.4.1) with EnumerateClassesTransform
Build cache key for EnumerateClassesTransform: /home/runner/.gradle/caches/8.9/transforms/c6e73a7357125c2c0fd2c7a1c9eba5f4/transformed/media3-ui-1.4.1-runtime.jar is cd45f1ec0f2d5351d6693887497e6153
Stored cache entry for EnumerateClassesTransform: /home/runner/.gradle/caches/8.9/transforms/213038db00d23876d609bd1cc4736b12/transformed/media3-extractor-1.4.1-runtime.jar with cache key 396646ce1c95ed3001a5db70a4975f2b
Stored cache entry for EnumerateClassesTransform: /home/runner/.gradle/caches/8.9/transforms/c6e73a7357125c2c0fd2c7a1c9eba5f4/transformed/media3-ui-1.4.1-runtime.jar with cache key cd45f1ec0f2d5351d6693887497e6153
Caching disabled for AarToClassTransform: /home/runner/.gradle/caches/modules-2/files-2.1/androidx.recyclerview/recyclerview/1.3.2/e1d76099dbbd88ee0ee7c39cfa96ed0ea01bc8ad/recyclerview-1.3.2.aar because:
  Caching not enabled.
Caching disabled for AarToClassTransform: /home/runner/.gradle/caches/modules-2/files-2.1/com.github.bumptech.glide/glide/4.16.0/b9613dcb811d4b2844d7344f2aa580544140b68e/glide-4.16.0.aar because:
  Caching not enabled.
Transforming recyclerview-1.3.2.aar (androidx.recyclerview:recyclerview:1.3.2) with EnumerateClassesTransform
Build cache key for EnumerateClassesTransform: /home/runner/.gradle/caches/8.9/transforms/5392e451df9db325b225e9162eaf4da7/transformed/recyclerview-1.3.2-runtime.jar is 0c92ed8f61083a0d062a2dcd48225265
Transforming media3-common-1.4.1.aar (androidx.media3:media3-common:1.4.1) with EnumerateClassesTransform
Stored cache entry for EnumerateClassesTransform: /home/runner/.gradle/caches/8.9/transforms/5392e451df9db325b225e9162eaf4da7/transformed/recyclerview-1.3.2-runtime.jar with cache key 0c92ed8f61083a0d062a2dcd48225265
Caching disabled for AarToClassTransform: /home/runner/.gradle/caches/modules-2/files-2.1/androidx.fragment/fragment/1.8.2/743922a3c58f994965d70b4c6dc24408d1a29f9a/fragment-1.8.2.aar because:
  Caching not enabled.
Build cache key for EnumerateClassesTransform: /home/runner/.gradle/caches/8.9/transforms/febf48ecf9f17ff233dae159be545eb1/transformed/media3-common-1.4.1-runtime.jar is da83d99e6f2f2786bb31be6d43697ec8
Stored cache entry for EnumerateClassesTransform: /home/runner/.gradle/caches/8.9/transforms/febf48ecf9f17ff233dae159be545eb1/transformed/media3-common-1.4.1-runtime.jar with cache key da83d99e6f2f2786bb31be6d43697ec8
Caching disabled for AarToClassTransform: /home/runner/.gradle/caches/modules-2/files-2.1/androidx.swiperefreshlayout/swiperefreshlayout/1.1.0/2aeac64056fe6cc0420afad0b699a7f9257b8ebe/swiperefreshlayout-1.1.0.aar because:
  Caching not enabled.
Transforming swiperefreshlayout-1.1.0.aar (androidx.swiperefreshlayout:swiperefreshlayout:1.1.0) with EnumerateClassesTransform
Build cache key for EnumerateClassesTransform: /home/runner/.gradle/caches/8.9/transforms/4527216f0632b82aa6537970f4d5d08f/transformed/swiperefreshlayout-1.1.0-runtime.jar is 8eca055c26a820f348f79d70399fb1ce
Transforming fragment-1.8.2.aar (androidx.fragment:fragment:1.8.2) with EnumerateClassesTransform
Stored cache entry for EnumerateClassesTransform: /home/runner/.gradle/caches/8.9/transforms/4527216f0632b82aa6537970f4d5d08f/transformed/swiperefreshlayout-1.1.0-runtime.jar with cache key 8eca055c26a820f348f79d70399fb1ce
Caching disabled for AarToClassTransform: /home/runner/.gradle/caches/modules-2/files-2.1/androidx.palette/palette/1.0.0/4083c20d7fa72a36709422cee33b96b8c6e3a36c/palette-1.0.0.aar because:
  Caching not enabled.
Build cache key for EnumerateClassesTransform: /home/runner/.gradle/caches/8.9/transforms/4f2a4241a1217835c0603dac996fc183/transformed/fragment-1.8.2-runtime.jar is ee25b5f5b3a8114c695156039b285f13
Stored cache entry for EnumerateClassesTransform: /home/runner/.gradle/caches/8.9/transforms/4f2a4241a1217835c0603dac996fc183/transformed/fragment-1.8.2-runtime.jar with cache key ee25b5f5b3a8114c695156039b285f13
Transforming palette-1.0.0.aar (androidx.palette:palette:1.0.0) with EnumerateClassesTransform
Build cache key for EnumerateClassesTransform: /home/runner/.gradle/caches/8.9/transforms/6feb9165f2a28ff6afbae0c146d7cf6f/transformed/palette-1.0.0-runtime.jar is bf16eab3205281b1a7d4b35ae734154a
Caching disabled for IdentityTransform: /home/runner/.gradle/caches/modules-2/files-2.1/com.squareup.okhttp3/okhttp-urlconnection/4.12.0/f182bfa2eaca0bb8086904c8b5710976e5b55d65/okhttp-urlconnection-4.12.0.jar because:
  Caching not enabled.
Stored cache entry for EnumerateClassesTransform: /home/runner/.gradle/caches/8.9/transforms/6feb9165f2a28ff6afbae0c146d7cf6f/transformed/palette-1.0.0-runtime.jar with cache key bf16eab3205281b1a7d4b35ae734154a
Caching disabled for IdentityTransform: /home/runner/.gradle/caches/modules-2/files-2.1/com.squareup.okhttp3/okhttp/4.12.0/2f4525d4a200e97e1b87449c2cd9bd2e25b7e8cd/okhttp-4.12.0.jar because:
  Caching not enabled.
Transforming glide-4.16.0.aar (com.github.bumptech.glide:glide:4.16.0) with EnumerateClassesTransform
Transforming okhttp-urlconnection-4.12.0.jar (com.squareup.okhttp3:okhttp-urlconnection:4.12.0) with EnumerateClassesTransform
Transforming okhttp-4.12.0.jar (com.squareup.okhttp3:okhttp:4.12.0) with EnumerateClassesTransform
Build cache key for EnumerateClassesTransform: /home/runner/.gradle/caches/modules-2/files-2.1/com.squareup.okhttp3/okhttp-urlconnection/4.12.0/f182bfa2eaca0bb8086904c8b5710976e5b55d65/okhttp-urlconnection-4.12.0.jar is 16ec9012d131965710bfd77ca971c60e
Stored cache entry for EnumerateClassesTransform: /home/runner/.gradle/caches/modules-2/files-2.1/com.squareup.okhttp3/okhttp-urlconnection/4.12.0/f182bfa2eaca0bb8086904c8b5710976e5b55d65/okhttp-urlconnection-4.12.0.jar with cache key 16ec9012d131965710bfd77ca971c60e
Caching disabled for IdentityTransform: /home/runner/.gradle/caches/modules-2/files-2.1/com.google.code.gson/gson/2.11.0/527175ca6d81050b53bdd4c457a6d6e017626b0e/gson-2.11.0.jar because:
  Caching not enabled.
Transforming gson-2.11.0.jar (com.google.code.gson:gson:2.11.0) with EnumerateClassesTransform
Build cache key for EnumerateClassesTransform: /home/runner/.gradle/caches/8.9/transforms/af8165f3574a6cda6e71c204c1aa73d6/transformed/glide-4.16.0-runtime.jar is 891f71f18e50dc85896a51380e4c0250
Build cache key for EnumerateClassesTransform: /home/runner/.gradle/caches/modules-2/files-2.1/com.google.code.gson/gson/2.11.0/527175ca6d81050b53bdd4c457a6d6e017626b0e/gson-2.11.0.jar is 742c2bb6530a1898fc2d1802c5de0cca
Stored cache entry for EnumerateClassesTransform: /home/runner/.gradle/caches/8.9/transforms/af8165f3574a6cda6e71c204c1aa73d6/transformed/glide-4.16.0-runtime.jar with cache key 891f71f18e50dc85896a51380e4c0250
Caching disabled for IdentityTransform: /home/runner/.gradle/caches/modules-2/files-2.1/com.google.guava/guava/33.0.0-android/cfbbdc54f232feedb85746aeeea0722f5244bb9a/guava-33.0.0-android.jar because:
  Caching not enabled.
Stored cache entry for EnumerateClassesTransform: /home/runner/.gradle/caches/modules-2/files-2.1/com.google.code.gson/gson/2.11.0/527175ca6d81050b53bdd4c457a6d6e017626b0e/gson-2.11.0.jar with cache key 742c2bb6530a1898fc2d1802c5de0cca
Build cache key for EnumerateClassesTransform: /home/runner/.gradle/caches/modules-2/files-2.1/com.squareup.okhttp3/okhttp/4.12.0/2f4525d4a200e97e1b87449c2cd9bd2e25b7e8cd/okhttp-4.12.0.jar is 7bb9f03b27127ff03403d0bf3cd461a5
Caching disabled for AarToClassTransform: /home/runner/.gradle/caches/modules-2/files-2.1/androidx.transition/transition/1.5.0/747173f40c7d98cdb6890a25aa60edcbefeb9c95/transition-1.5.0.aar because:
  Caching not enabled.
Transforming guava-33.0.0-android.jar (com.google.guava:guava:33.0.0-android) with EnumerateClassesTransform
Stored cache entry for EnumerateClassesTransform: /home/runner/.gradle/caches/modules-2/files-2.1/com.squareup.okhttp3/okhttp/4.12.0/2f4525d4a200e97e1b87449c2cd9bd2e25b7e8cd/okhttp-4.12.0.jar with cache key 7bb9f03b27127ff03403d0bf3cd461a5
Caching disabled for AarToClassTransform: /home/runner/.gradle/caches/modules-2/files-2.1/androidx.dynamicanimation/dynamicanimation/1.0.0/e980497a58fb319d471f3bb78d066b926a08ba8e/dynamicanimation-1.0.0.aar because:
  Caching not enabled.
Transforming dynamicanimation-1.0.0.aar (androidx.dynamicanimation:dynamicanimation:1.0.0) with EnumerateClassesTransform
Build cache key for EnumerateClassesTransform: /home/runner/.gradle/caches/8.9/transforms/7276799a6016269e8f22ca95e642792c/transformed/dynamicanimation-1.0.0-runtime.jar is 8433413168955ee1a6a2d584c43d4664
Transforming transition-1.5.0.aar (androidx.transition:transition:1.5.0) with EnumerateClassesTransform
Stored cache entry for EnumerateClassesTransform: /home/runner/.gradle/caches/8.9/transforms/7276799a6016269e8f22ca95e642792c/transformed/dynamicanimation-1.0.0-runtime.jar with cache key 8433413168955ee1a6a2d584c43d4664
Build cache key for EnumerateClassesTransform: /home/runner/.gradle/caches/8.9/transforms/c6c07929256ff2ce7b9c1464d41f2e1a/transformed/transition-1.5.0-runtime.jar is 6f7fcfc804b4f39ac9747ad5ea1cf678
Caching disabled for AarToClassTransform: /home/runner/.gradle/caches/modules-2/files-2.1/androidx.legacy/legacy-support-core-utils/1.0.0/9b9570042115da8629519090dfeb71df75da59fc/legacy-support-core-utils-1.0.0.aar because:
  Caching not enabled.
Stored cache entry for EnumerateClassesTransform: /home/runner/.gradle/caches/8.9/transforms/c6c07929256ff2ce7b9c1464d41f2e1a/transformed/transition-1.5.0-runtime.jar with cache key 6f7fcfc804b4f39ac9747ad5ea1cf678
Transforming legacy-support-core-utils-1.0.0.aar (androidx.legacy:legacy-support-core-utils:1.0.0) with EnumerateClassesTransform
Build cache key for EnumerateClassesTransform: /home/runner/.gradle/caches/8.9/transforms/edc0b269eb7fe3781a52bbe462c1c624/transformed/legacy-support-core-utils-1.0.0-runtime.jar is 2f837772d41d3eba291ea30adab7b68d
Stored cache entry for EnumerateClassesTransform: /home/runner/.gradle/caches/8.9/transforms/edc0b269eb7fe3781a52bbe462c1c624/transformed/legacy-support-core-utils-1.0.0-runtime.jar with cache key 2f837772d41d3eba291ea30adab7b68d
Caching disabled for AarToClassTransform: /home/runner/.gradle/caches/modules-2/files-2.1/androidx.loader/loader/1.0.0/8af8b6cec0da85c207d03e15840e0722cbc71e70/loader-1.0.0.aar because:
  Caching not enabled.
Transforming loader-1.0.0.aar (androidx.loader:loader:1.0.0) with EnumerateClassesTransform
Transforming loader-1.0.0.aar (androidx.loader:loader:1.0.0) with EnumerateClassesTransform
Build cache key for EnumerateClassesTransform: /home/runner/.gradle/caches/8.9/transforms/7adf11b6f8b323ba7f7edd4255f50733/transformed/loader-1.0.0-runtime.jar is e9fdaced6b6cbbf52606aeadbabaaa79
Stored cache entry for EnumerateClassesTransform: /home/runner/.gradle/caches/8.9/transforms/7adf11b6f8b323ba7f7edd4255f50733/transformed/loader-1.0.0-runtime.jar with cache key e9fdaced6b6cbbf52606aeadbabaaa79
Caching disabled for AarToClassTransform: /home/runner/.gradle/caches/modules-2/files-2.1/androidx.activity/activity/1.8.1/144ff894c8c32584ca9e99ebae0a2a28b294d371/activity-1.8.1.aar because:
  Caching not enabled.
Caching disabled for AarToClassTransform: /home/runner/.gradle/caches/modules-2/files-2.1/androidx.lifecycle/lifecycle-runtime-android/2.8.4/d93ef64f04fd98b974a5c3ab970b8eb7350747f6/lifecycle-runtime-release.aar because:
  Caching not enabled.
Transforming lifecycle-runtime-release.aar (androidx.lifecycle:lifecycle-runtime-android:2.8.4) with EnumerateClassesTransform
Build cache key for EnumerateClassesTransform: /home/runner/.gradle/caches/8.9/transforms/fdf9e498d93ac4f0b984723060b8a7bc/transformed/lifecycle-runtime-release-runtime.jar is db4537941cbc1f31480c07c60df08ada
Stored cache entry for EnumerateClassesTransform: /home/runner/.gradle/caches/8.9/transforms/fdf9e498d93ac4f0b984723060b8a7bc/transformed/lifecycle-runtime-release-runtime.jar with cache key db4537941cbc1f31480c07c60df08ada
Transforming activity-1.8.1.aar (androidx.activity:activity:1.8.1) with EnumerateClassesTransform
Caching disabled for AarToClassTransform: /home/runner/.gradle/caches/modules-2/files-2.1/androidx.emoji2/emoji2-views-helper/1.3.0/7bef7c1117bb40ef41ee0641cd1d2d605e2d607c/emoji2-views-helper-1.3.0.aar because:
  Caching not enabled.
Build cache key for EnumerateClassesTransform: /home/runner/.gradle/caches/8.9/transforms/32e2c523cde01bf48f8a73a317521730/transformed/activity-1.8.1-runtime.jar is ce0e6352552fc4aef9fce04f2e8401f5
Transforming emoji2-views-helper-1.3.0.aar (androidx.emoji2:emoji2-views-helper:1.3.0) with EnumerateClassesTransform
Build cache key for EnumerateClassesTransform: /home/runner/.gradle/caches/8.9/transforms/bd9f702f8facefae7eaf2a2c640ea562/transformed/emoji2-views-helper-1.3.0-runtime.jar is 8c48c7ee9cbf10c0d7cbbbcea406fe20
Stored cache entry for EnumerateClassesTransform: /home/runner/.gradle/caches/8.9/transforms/32e2c523cde01bf48f8a73a317521730/transformed/activity-1.8.1-runtime.jar with cache key ce0e6352552fc4aef9fce04f2e8401f5
Stored cache entry for EnumerateClassesTransform: /home/runner/.gradle/caches/8.9/transforms/bd9f702f8facefae7eaf2a2c640ea562/transformed/emoji2-views-helper-1.3.0-runtime.jar with cache key 8c48c7ee9cbf10c0d7cbbbcea406fe20
Caching disabled for AarToClassTransform: /home/runner/.gradle/caches/modules-2/files-2.1/androidx.emoji2/emoji2/1.3.0/37ed42991ddf77924510472dba632314aab1c9d9/emoji2-1.3.0.aar because:
  Caching not enabled.
Caching disabled for AarToClassTransform: /home/runner/.gradle/caches/modules-2/files-2.1/androidx.savedstate/savedstate/1.2.1/e364fc9dec32aa569d855f85864e50250318a093/savedstate-1.2.1.aar because:
  Caching not enabled.
Transforming savedstate-1.2.1.aar (androidx.savedstate:savedstate:1.2.1) with EnumerateClassesTransform
Build cache key for EnumerateClassesTransform: /home/runner/.gradle/caches/8.9/transforms/cf89b79921edd6d855dee2e3e626e568/transformed/savedstate-1.2.1-runtime.jar is 28ed190efcc78a3b601e3e5c6cd8de8d
Stored cache entry for EnumerateClassesTransform: /home/runner/.gradle/caches/8.9/transforms/cf89b79921edd6d855dee2e3e626e568/transformed/savedstate-1.2.1-runtime.jar with cache key 28ed190efcc78a3b601e3e5c6cd8de8d
Caching disabled for IdentityTransform: /home/runner/.gradle/caches/modules-2/files-2.1/androidx.lifecycle/lifecycle-common-jvm/2.8.4/7174a594afb73a9ad9ac9074ce78b94af3cc52a7/lifecycle-common-jvm-2.8.4.jar because:
  Caching not enabled.
Transforming emoji2-1.3.0.aar (androidx.emoji2:emoji2:1.3.0) with EnumerateClassesTransform
Transforming lifecycle-common-jvm-2.8.4.jar (androidx.lifecycle:lifecycle-common-jvm:2.8.4) with EnumerateClassesTransform
Build cache key for EnumerateClassesTransform: /home/runner/.gradle/caches/8.9/transforms/9a1c87670bc63b1ff60e9f1162a2d56c/transformed/emoji2-1.3.0-runtime.jar is 03665bef5b450d9d5607818d0dfc6f7c
Build cache key for EnumerateClassesTransform: /home/runner/.gradle/caches/modules-2/files-2.1/androidx.lifecycle/lifecycle-common-jvm/2.8.4/7174a594afb73a9ad9ac9074ce78b94af3cc52a7/lifecycle-common-jvm-2.8.4.jar is c43e9479ac6e0c9d144e7db1df52aab8
Stored cache entry for EnumerateClassesTransform: /home/runner/.gradle/caches/modules-2/files-2.1/androidx.lifecycle/lifecycle-common-jvm/2.8.4/7174a594afb73a9ad9ac9074ce78b94af3cc52a7/lifecycle-common-jvm-2.8.4.jar with cache key c43e9479ac6e0c9d144e7db1df52aab8
Caching disabled for AarToClassTransform: /home/runner/.gradle/caches/modules-2/files-2.1/androidx.lifecycle/lifecycle-viewmodel/2.8.4/b24817e8c78b402c8d44acf07aeacd71f000ead2/lifecycle-viewmodel-2.8.4.aar because:
  Caching not enabled.
Stored cache entry for EnumerateClassesTransform: /home/runner/.gradle/caches/8.9/transforms/9a1c87670bc63b1ff60e9f1162a2d56c/transformed/emoji2-1.3.0-runtime.jar with cache key 03665bef5b450d9d5607818d0dfc6f7c
Transforming lifecycle-viewmodel-2.8.4.aar (androidx.lifecycle:lifecycle-viewmodel:2.8.4) with EnumerateClassesTransform
Build cache key for EnumerateClassesTransform: /home/runner/.gradle/caches/8.9/transforms/c67b745fc0cc7b159b71f2c5e1e943d3/transformed/lifecycle-viewmodel-2.8.4-runtime.jar is 171b9704b1c265514f1c616034a1c2b3
Caching disabled for AarToClassTransform: /home/runner/.gradle/caches/modules-2/files-2.1/androidx.lifecycle/lifecycle-viewmodel-android/2.8.4/65919f36bca45d503ce7b1e903041e89c707073c/lifecycle-viewmodel-release.aar because:
  Caching not enabled.
Stored cache entry for EnumerateClassesTransform: /home/runner/.gradle/caches/8.9/transforms/c67b745fc0cc7b159b71f2c5e1e943d3/transformed/lifecycle-viewmodel-2.8.4-runtime.jar with cache key 171b9704b1c265514f1c616034a1c2b3
Caching disabled for AarToClassTransform: /home/runner/.gradle/caches/modules-2/files-2.1/androidx.lifecycle/lifecycle-process/2.8.4/4d7f3cedbef4b1ea80490b6e145bf42cef409134/lifecycle-process-2.8.4.aar because:
  Caching not enabled.
Transforming lifecycle-process-2.8.4.aar (androidx.lifecycle:lifecycle-process:2.8.4) with EnumerateClassesTransform
Transforming lifecycle-viewmodel-release.aar (androidx.lifecycle:lifecycle-viewmodel-android:2.8.4) with EnumerateClassesTransform
Build cache key for EnumerateClassesTransform: /home/runner/.gradle/caches/8.9/transforms/bbc228bd6a89fe971ebe4d5805f71a74/transformed/lifecycle-process-2.8.4-runtime.jar is c125aeef6f7e339a086c54ee369683f1
Build cache key for EnumerateClassesTransform: /home/runner/.gradle/caches/8.9/transforms/cc571f699fe679b5742ecfae3c776187/transformed/lifecycle-viewmodel-release-runtime.jar is a0e5bda9d0a882832fdba1ca12d7c929
Stored cache entry for EnumerateClassesTransform: /home/runner/.gradle/caches/8.9/transforms/bbc228bd6a89fe971ebe4d5805f71a74/transformed/lifecycle-process-2.8.4-runtime.jar with cache key c125aeef6f7e339a086c54ee369683f1
Stored cache entry for EnumerateClassesTransform: /home/runner/.gradle/caches/8.9/transforms/cc571f699fe679b5742ecfae3c776187/transformed/lifecycle-viewmodel-release-runtime.jar with cache key a0e5bda9d0a882832fdba1ca12d7c929
Caching disabled for AarToClassTransform: /home/runner/.gradle/caches/modules-2/files-2.1/androidx.lifecycle/lifecycle-livedata-core-ktx/2.8.4/c25e3141d4f361789bb11ebc66c61a281c3b9e77/lifecycle-livedata-core-ktx-2.8.4.aar because:
  Caching not enabled.
Caching disabled for AarToClassTransform: /home/runner/.gradle/caches/modules-2/files-2.1/androidx.lifecycle/lifecycle-viewmodel-savedstate/2.8.4/5c589c5022d7bdf515c6a2226b9c2fb9d8274a4a/lifecycle-viewmodel-savedstate-2.8.4.aar because:
  Caching not enabled.
Transforming lifecycle-livedata-core-ktx-2.8.4.aar (androidx.lifecycle:lifecycle-livedata-core-ktx:2.8.4) with EnumerateClassesTransform
Build cache key for EnumerateClassesTransform: /home/runner/.gradle/caches/8.9/transforms/32d392a044435c01dd006135c9071b0b/transformed/lifecycle-livedata-core-ktx-2.8.4-runtime.jar is abf6cea62ca8f9860eaa56adc6d1af68
Build cache key for EnumerateClassesTransform: /home/runner/.gradle/caches/modules-2/files-2.1/com.google.guava/guava/33.0.0-android/cfbbdc54f232feedb85746aeeea0722f5244bb9a/guava-33.0.0-android.jar is e1ce10afeddf34cb04855fdb63e49200
Transforming lifecycle-viewmodel-savedstate-2.8.4.aar (androidx.lifecycle:lifecycle-viewmodel-savedstate:2.8.4) with EnumerateClassesTransform
Build cache key for EnumerateClassesTransform: /home/runner/.gradle/caches/8.9/transforms/6105b5e7efeffddf198442d6097793c6/transformed/lifecycle-viewmodel-savedstate-2.8.4-runtime.jar is c9406aacad2b0ecdcb7e6e8cf032218e
Stored cache entry for EnumerateClassesTransform: /home/runner/.gradle/caches/8.9/transforms/6105b5e7efeffddf198442d6097793c6/transformed/lifecycle-viewmodel-savedstate-2.8.4-runtime.jar with cache key c9406aacad2b0ecdcb7e6e8cf032218e
Stored cache entry for EnumerateClassesTransform: /home/runner/.gradle/caches/8.9/transforms/32d392a044435c01dd006135c9071b0b/transformed/lifecycle-livedata-core-ktx-2.8.4-runtime.jar with cache key abf6cea62ca8f9860eaa56adc6d1af68
Stored cache entry for EnumerateClassesTransform: /home/runner/.gradle/caches/modules-2/files-2.1/com.google.guava/guava/33.0.0-android/cfbbdc54f232feedb85746aeeea0722f5244bb9a/guava-33.0.0-android.jar with cache key e1ce10afeddf34cb04855fdb63e49200
Caching disabled for AarToClassTransform: /home/runner/.gradle/caches/modules-2/files-2.1/androidx.lifecycle/lifecycle-livedata-core/2.8.4/882cc11c13e80b53fb311ce86a8b06ed53fc0bea/lifecycle-livedata-core-2.8.4.aar because:
  Caching not enabled.
Caching disabled for AarToClassTransform: /home/runner/.gradle/caches/modules-2/files-2.1/androidx.lifecycle/lifecycle-livedata/2.8.4/1a4c561f00ad51b1a7c60eebb83e6d6c446d6f71/lifecycle-livedata-2.8.4.aar because:
  Caching not enabled.
Transforming lifecycle-livedata-core-2.8.4.aar (androidx.lifecycle:lifecycle-livedata-core:2.8.4) with EnumerateClassesTransform
Build cache key for EnumerateClassesTransform: /home/runner/.gradle/caches/8.9/transforms/649c28db661d7fb802f887ec7ce7da75/transformed/lifecycle-livedata-core-2.8.4-runtime.jar is c3f9e8eb0f350ebfd24a82c332d3938f
Transforming lifecycle-livedata-2.8.4.aar (androidx.lifecycle:lifecycle-livedata:2.8.4) with EnumerateClassesTransform
Transforming lifecycle-livedata-2.8.4.aar (androidx.lifecycle:lifecycle-livedata:2.8.4) with EnumerateClassesTransform
Build cache key for EnumerateClassesTransform: /home/runner/.gradle/caches/8.9/transforms/c5beeef0067694cd5dbe702c105eb0e4/transformed/lifecycle-livedata-2.8.4-runtime.jar is e0506f8d674c32a5beedd3e627a5612b
Stored cache entry for EnumerateClassesTransform: /home/runner/.gradle/caches/8.9/transforms/649c28db661d7fb802f887ec7ce7da75/transformed/lifecycle-livedata-core-2.8.4-runtime.jar with cache key c3f9e8eb0f350ebfd24a82c332d3938f
Caching disabled for AarToClassTransform: /home/runner/.gradle/caches/modules-2/files-2.1/androidx.customview/customview-poolingcontainer/1.0.0/579fc832cf0e5be08d8d9571850b50d22d9de3c/customview-poolingcontainer-1.0.0.aar because:
  Caching not enabled.
Stored cache entry for EnumerateClassesTransform: /home/runner/.gradle/caches/8.9/transforms/c5beeef0067694cd5dbe702c105eb0e4/transformed/lifecycle-livedata-2.8.4-runtime.jar with cache key e0506f8d674c32a5beedd3e627a5612b
Caching disabled for AarToClassTransform: /home/runner/.gradle/caches/modules-2/files-2.1/androidx.drawerlayout/drawerlayout/1.1.1/1b2b049e1e88589510ddd4d93f2699b46ecd73dd/drawerlayout-1.1.1.aar because:
  Caching not enabled.
Caching disabled for AarToClassTransform: /home/runner/.gradle/caches/modules-2/files-2.1/androidx.core/core-ktx/1.13.0/c2402581b5301db71ee55547caec73c78b51ab98/core-ktx-1.13.0.aar because:
  Caching not enabled.
Transforming customview-poolingcontainer-1.0.0.aar (androidx.customview:customview-poolingcontainer:1.0.0) with EnumerateClassesTransform
Build cache key for EnumerateClassesTransform: /home/runner/.gradle/caches/8.9/transforms/51db235816313205c3400b10b55b5051/transformed/customview-poolingcontainer-1.0.0-runtime.jar is 3124de99e9ada1adb81915019e788034
Stored cache entry for EnumerateClassesTransform: /home/runner/.gradle/caches/8.9/transforms/51db235816313205c3400b10b55b5051/transformed/customview-poolingcontainer-1.0.0-runtime.jar with cache key 3124de99e9ada1adb81915019e788034
Transforming drawerlayout-1.1.1.aar (androidx.drawerlayout:drawerlayout:1.1.1) with EnumerateClassesTransform
Caching disabled for AarToClassTransform: /home/runner/.gradle/caches/modules-2/files-2.1/androidx.coordinatorlayout/coordinatorlayout/1.1.0/8eeb7baf75b9595d017642a460df5af3bb9fa4e1/coordinatorlayout-1.1.0.aar because:
  Caching not enabled.
Build cache key for EnumerateClassesTransform: /home/runner/.gradle/caches/8.9/transforms/af3b8f740a20446b36d9b81e567ef879/transformed/drawerlayout-1.1.1-runtime.jar is e7d00e47491ed38f65904e410f3b19f1
Transforming coordinatorlayout-1.1.0.aar (androidx.coordinatorlayout:coordinatorlayout:1.1.0) with EnumerateClassesTransform
Stored cache entry for EnumerateClassesTransform: /home/runner/.gradle/caches/8.9/transforms/af3b8f740a20446b36d9b81e567ef879/transformed/drawerlayout-1.1.1-runtime.jar with cache key e7d00e47491ed38f65904e410f3b19f1
Build cache key for EnumerateClassesTransform: /home/runner/.gradle/caches/8.9/transforms/cdbc0ed85e2ef7c27c4b7837cb79266a/transformed/coordinatorlayout-1.1.0-runtime.jar is 4f1bfcf63a21baba7f440a822f0ad350
Caching disabled for AarToClassTransform: /home/runner/.gradle/caches/modules-2/files-2.1/androidx.vectordrawable/vectordrawable-animated/1.1.0/fcda1161354501471c30a4e077af6b5c4d4eddc6/vectordrawable-animated-1.1.0.aar because:
  Caching not enabled.
Stored cache entry for EnumerateClassesTransform: /home/runner/.gradle/caches/8.9/transforms/cdbc0ed85e2ef7c27c4b7837cb79266a/transformed/coordinatorlayout-1.1.0-runtime.jar with cache key 4f1bfcf63a21baba7f440a822f0ad350
Transforming core-ktx-1.13.0.aar (androidx.core:core-ktx:1.13.0) with EnumerateClassesTransform
Caching disabled for AarToClassTransform: /home/runner/.gradle/caches/modules-2/files-2.1/androidx.vectordrawable/vectordrawable/1.1.0/eac7a364fff534035a2a6cb17770a1288315f69f/vectordrawable-1.1.0.aar because:
  Caching not enabled.
Transforming vectordrawable-animated-1.1.0.aar (androidx.vectordrawable:vectordrawable-animated:1.1.0) with EnumerateClassesTransform
Build cache key for EnumerateClassesTransform: /home/runner/.gradle/caches/8.9/transforms/4a6efa94271002738413e10482eb5bd8/transformed/vectordrawable-animated-1.1.0-runtime.jar is f07a8c580eab5fddeb3afc33cc84c3ef
Stored cache entry for EnumerateClassesTransform: /home/runner/.gradle/caches/8.9/transforms/4a6efa94271002738413e10482eb5bd8/transformed/vectordrawable-animated-1.1.0-runtime.jar with cache key f07a8c580eab5fddeb3afc33cc84c3ef
Build cache key for EnumerateClassesTransform: /home/runner/.gradle/caches/8.9/transforms/92a39bb326435fcd274143dd3ea50d6c/transformed/core-ktx-1.13.0-runtime.jar is 95517f4d019790412f5d3a1b27d9b43a
Transforming vectordrawable-1.1.0.aar (androidx.vectordrawable:vectordrawable:1.1.0) with EnumerateClassesTransform
Transforming vectordrawable-1.1.0.aar (androidx.vectordrawable:vectordrawable:1.1.0) with EnumerateClassesTransform
Build cache key for EnumerateClassesTransform: /home/runner/.gradle/caches/8.9/transforms/95e87f06a64597d6a8c8006475376a45/transformed/vectordrawable-1.1.0-runtime.jar is e7059fc72f9b847c23e15eb9b242a5a0
Stored cache entry for EnumerateClassesTransform: /home/runner/.gradle/caches/8.9/transforms/92a39bb326435fcd274143dd3ea50d6c/transformed/core-ktx-1.13.0-runtime.jar with cache key 95517f4d019790412f5d3a1b27d9b43a
Stored cache entry for EnumerateClassesTransform: /home/runner/.gradle/caches/8.9/transforms/95e87f06a64597d6a8c8006475376a45/transformed/vectordrawable-1.1.0-runtime.jar with cache key e7059fc72f9b847c23e15eb9b242a5a0
Caching disabled for AarToClassTransform: /home/runner/.gradle/caches/modules-2/files-2.1/androidx.media/media/1.7.0/36fc8f204b2e3aa1b2355d4d0f43ef42cb6d2c82/media-1.7.0.aar because:
  Caching not enabled.
Caching disabled for AarToClassTransform: /home/runner/.gradle/caches/modules-2/files-2.1/androidx.viewpager/viewpager/1.0.0/1f90e13820f96c2fb868f9674079a551678d68b2/viewpager-1.0.0.aar because:
  Caching not enabled.
Caching disabled for AarToClassTransform: /home/runner/.gradle/caches/modules-2/files-2.1/androidx.customview/customview/1.1.0/a030aaf64c5419a89f7d91a33755c4629a43471/customview-1.1.0.aar because:
  Caching not enabled.
Transforming viewpager-1.0.0.aar (androidx.viewpager:viewpager:1.0.0) with EnumerateClassesTransform
Build cache key for EnumerateClassesTransform: /home/runner/.gradle/caches/8.9/transforms/da8730d6eaba66f192488ee7c166f330/transformed/viewpager-1.0.0-runtime.jar is 8902b705500676ab99a6706e87d10807
Transforming customview-1.1.0.aar (androidx.customview:customview:1.1.0) with EnumerateClassesTransform
Stored cache entry for EnumerateClassesTransform: /home/runner/.gradle/caches/8.9/transforms/da8730d6eaba66f192488ee7c166f330/transformed/viewpager-1.0.0-runtime.jar with cache key 8902b705500676ab99a6706e87d10807
Build cache key for EnumerateClassesTransform: /home/runner/.gradle/caches/8.9/transforms/562c1eb816dc7edff875bdea39e13424/transformed/customview-1.1.0-runtime.jar is ac6d5a5da2168368b70923c5903d7494
Transforming customview-1.1.0.aar (androidx.customview:customview:1.1.0) with EnumerateClassesTransform
Stored cache entry for EnumerateClassesTransform: /home/runner/.gradle/caches/8.9/transforms/562c1eb816dc7edff875bdea39e13424/transformed/customview-1.1.0-runtime.jar with cache key ac6d5a5da2168368b70923c5903d7494
Caching disabled for AarToClassTransform: /home/runner/.gradle/caches/modules-2/files-2.1/androidx.core/core/1.13.0/ec9d4e1da0dc84ff6a644624447a99ad136de21d/core-1.13.0.aar because:
  Caching not enabled.
Transforming media-1.7.0.aar (androidx.media:media:1.7.0) with EnumerateClassesTransform
Build cache key for EnumerateClassesTransform: /home/runner/.gradle/caches/8.9/transforms/db2e3d08da23af554458bcab41d70a95/transformed/media-1.7.0-runtime.jar is 54522ba34e9018d78e3b545cf6a24de7
Stored cache entry for EnumerateClassesTransform: /home/runner/.gradle/caches/8.9/transforms/db2e3d08da23af554458bcab41d70a95/transformed/media-1.7.0-runtime.jar with cache key 54522ba34e9018d78e3b545cf6a24de7
Caching disabled for AarToClassTransform: /home/runner/.gradle/caches/modules-2/files-2.1/androidx.constraintlayout/constraintlayout/2.1.4/b7ad5eca28aa9e7c4ea1a7e256c7ee4401a031f/constraintlayout-2.1.4.aar because:
  Caching not enabled.
Transforming constraintlayout-2.1.4.aar (androidx.constraintlayout:constraintlayout:2.1.4) with EnumerateClassesTransform
Transforming core-1.13.0.aar (androidx.core:core:1.13.0) with EnumerateClassesTransform
Transforming core-1.13.0.aar (androidx.core:core:1.13.0) with EnumerateClassesTransform
Build cache key for EnumerateClassesTransform: /home/runner/.gradle/caches/8.9/transforms/d6c38e1373127423dca0b75cfeb4c826/transformed/constraintlayout-2.1.4-runtime.jar is 1819f1b91ebe0118fc8f5339884a3eba
Stored cache entry for EnumerateClassesTransform: /home/runner/.gradle/caches/8.9/transforms/d6c38e1373127423dca0b75cfeb4c826/transformed/constraintlayout-2.1.4-runtime.jar with cache key 1819f1b91ebe0118fc8f5339884a3eba
Build cache key for EnumerateClassesTransform: /home/runner/.gradle/caches/8.9/transforms/c43125ec1d7e929285c37933f2308950/transformed/core-1.13.0-runtime.jar is c2cdfbbaad3e11e64c5e5878d952738b
Stored cache entry for EnumerateClassesTransform: /home/runner/.gradle/caches/8.9/transforms/c43125ec1d7e929285c37933f2308950/transformed/core-1.13.0-runtime.jar with cache key c2cdfbbaad3e11e64c5e5878d952738b
Caching disabled for AarToClassTransform: /home/runner/.gradle/caches/modules-2/files-2.1/androidx.profileinstaller/profileinstaller/1.3.1/c0bac819b4f88a648011542273373d1e5093e3a7/profileinstaller-1.3.1.aar because:
  Caching not enabled.
Caching disabled for AarToClassTransform: /home/runner/.gradle/caches/modules-2/files-2.1/androidx.cursoradapter/cursoradapter/1.0.0/74014983a86b83cbce534dec4e7aa9312f5f5d82/cursoradapter-1.0.0.aar because:
  Caching not enabled.
Caching disabled for AarToClassTransform: /home/runner/.gradle/caches/modules-2/files-2.1/androidx.cardview/cardview/1.0.0/158dbc2e2bc502815821191b04446b8f663c1874/cardview-1.0.0.aar because:
  Caching not enabled.
Caching disabled for IdentityTransform: /home/runner/.gradle/caches/modules-2/files-2.1/androidx.resourceinspection/resourceinspection-annotation/1.0.1/8c21f8ff5d96d5d52c948707f7e4d6ca6773feef/resourceinspection-annotation-1.0.1.jar because:
  Caching not enabled.
Transforming cursoradapter-1.0.0.aar (androidx.cursoradapter:cursoradapter:1.0.0) with EnumerateClassesTransform
Transforming cardview-1.0.0.aar (androidx.cardview:cardview:1.0.0) with EnumerateClassesTransform
Transforming resourceinspection-annotation-1.0.1.jar (androidx.resourceinspection:resourceinspection-annotation:1.0.1) with EnumerateClassesTransform
Build cache key for EnumerateClassesTransform: /home/runner/.gradle/caches/8.9/transforms/d92cd40012b563623521da0481c30d9e/transformed/cursoradapter-1.0.0-runtime.jar is 1433a6d071dba167307642686fc3c189
Build cache key for EnumerateClassesTransform: /home/runner/.gradle/caches/8.9/transforms/387f9feab69ad53613769f219a6b0fb2/transformed/cardview-1.0.0-runtime.jar is e026486c8e9763758fa2f8eb16a4ec5f
Transforming profileinstaller-1.3.1.aar (androidx.profileinstaller:profileinstaller:1.3.1) with EnumerateClassesTransform
Build cache key for EnumerateClassesTransform: /home/runner/.gradle/caches/modules-2/files-2.1/androidx.resourceinspection/resourceinspection-annotation/1.0.1/8c21f8ff5d96d5d52c948707f7e4d6ca6773feef/resourceinspection-annotation-1.0.1.jar is d54d159e48e4358d3bd3935c63098804
Build cache key for EnumerateClassesTransform: /home/runner/.gradle/caches/8.9/transforms/604d9f5509bc0064ec8b9abc5f57a5a2/transformed/profileinstaller-1.3.1-runtime.jar is ac36b94154a5616b1e762bd76493e9bd
Stored cache entry for EnumerateClassesTransform: /home/runner/.gradle/caches/8.9/transforms/d92cd40012b563623521da0481c30d9e/transformed/cursoradapter-1.0.0-runtime.jar with cache key 1433a6d071dba167307642686fc3c189
Stored cache entry for EnumerateClassesTransform: /home/runner/.gradle/caches/8.9/transforms/387f9feab69ad53613769f219a6b0fb2/transformed/cardview-1.0.0-runtime.jar with cache key e026486c8e9763758fa2f8eb16a4ec5f
Caching disabled for AarToClassTransform: /home/runner/.gradle/caches/modules-2/files-2.1/androidx.interpolator/interpolator/1.0.0/8a01fa254a23b9388571eb6334b03707c7d122d7/interpolator-1.0.0.aar because:
  Caching not enabled.
Stored cache entry for EnumerateClassesTransform: /home/runner/.gradle/caches/modules-2/files-2.1/androidx.resourceinspection/resourceinspection-annotation/1.0.1/8c21f8ff5d96d5d52c948707f7e4d6ca6773feef/resourceinspection-annotation-1.0.1.jar with cache key d54d159e48e4358d3bd3935c63098804
Stored cache entry for EnumerateClassesTransform: /home/runner/.gradle/caches/8.9/transforms/604d9f5509bc0064ec8b9abc5f57a5a2/transformed/profileinstaller-1.3.1-runtime.jar with cache key ac36b94154a5616b1e762bd76493e9bd
Caching disabled for AarToClassTransform: /home/runner/.gradle/caches/modules-2/files-2.1/androidx.versionedparcelable/versionedparcelable/1.1.1/18e18071e7715679e0593c570217edeb5ca48b9e/versionedparcelable-1.1.1.aar because:
  Caching not enabled.
Transforming interpolator-1.0.0.aar (androidx.interpolator:interpolator:1.0.0) with EnumerateClassesTransform
Transforming interpolator-1.0.0.aar (androidx.interpolator:interpolator:1.0.0) with EnumerateClassesTransform
Build cache key for EnumerateClassesTransform: /home/runner/.gradle/caches/8.9/transforms/a795807c1b96d7211102391177752f3d/transformed/interpolator-1.0.0-runtime.jar is 821f3cd56a8804f9d7238b6063a459ee
Stored cache entry for EnumerateClassesTransform: /home/runner/.gradle/caches/8.9/transforms/a795807c1b96d7211102391177752f3d/transformed/interpolator-1.0.0-runtime.jar with cache key 821f3cd56a8804f9d7238b6063a459ee
Transforming versionedparcelable-1.1.1.aar (androidx.versionedparcelable:versionedparcelable:1.1.1) with EnumerateClassesTransform
Caching disabled for IdentityTransform: /home/runner/.gradle/caches/modules-2/files-2.1/androidx.collection/collection/1.2.0/34dbc21d203cc4d4d623ac572a21acd4ccd716af/collection-1.2.0.jar because:
  Caching not enabled.
Build cache key for EnumerateClassesTransform: /home/runner/.gradle/caches/8.9/transforms/ab8df76b584c901735af00817e2e3773/transformed/versionedparcelable-1.1.1-runtime.jar is 93e7ed460735c4733068567c967b6d94
Caching disabled for AarToClassTransform: /home/runner/.gradle/caches/modules-2/files-2.1/androidx.exifinterface/exifinterface/1.3.6/66c4f85fbe44c6556b05ecd28ea1af00cff3655e/exifinterface-1.3.6.aar because:
  Caching not enabled.
Stored cache entry for EnumerateClassesTransform: /home/runner/.gradle/caches/8.9/transforms/ab8df76b584c901735af00817e2e3773/transformed/versionedparcelable-1.1.1-runtime.jar with cache key 93e7ed460735c4733068567c967b6d94
Transforming collection-1.2.0.jar (androidx.collection:collection:1.2.0) with EnumerateClassesTransform
Caching disabled for AarToClassTransform: /home/runner/.gradle/caches/modules-2/files-2.1/com.github.bumptech.glide/gifdecoder/4.16.0/2e432e2933ee72a217ba3721e58ef414d2b2d3e8/gifdecoder-4.16.0.aar because:
  Caching not enabled.
Caching disabled for AarToClassTransform: /home/runner/.gradle/caches/modules-2/files-2.1/androidx.startup/startup-runtime/1.1.1/9d4ba67056aff98b69eadc1477c19a1e67cb9470/startup-runtime-1.1.1.aar because:
  Caching not enabled.
Transforming exifinterface-1.3.6.aar (androidx.exifinterface:exifinterface:1.3.6) with EnumerateClassesTransform
Build cache key for EnumerateClassesTransform: /home/runner/.gradle/caches/modules-2/files-2.1/androidx.collection/collection/1.2.0/34dbc21d203cc4d4d623ac572a21acd4ccd716af/collection-1.2.0.jar is 469e4f68aff9bfb250efba4adbbecfda
Transforming gifdecoder-4.16.0.aar (com.github.bumptech.glide:gifdecoder:4.16.0) with EnumerateClassesTransform
Transforming startup-runtime-1.1.1.aar (androidx.startup:startup-runtime:1.1.1) with EnumerateClassesTransform
Build cache key for EnumerateClassesTransform: /home/runner/.gradle/caches/8.9/transforms/57b0b2e32f7eb00fca9bd78b1a54d1d8/transformed/gifdecoder-4.16.0-runtime.jar is 74aad5f8562dbe421e04f52ed672a4ed
Build cache key for EnumerateClassesTransform: /home/runner/.gradle/caches/8.9/transforms/b1782f12d8f72d15826b256f1da9d1d2/transformed/exifinterface-1.3.6-runtime.jar is 0c34863d2c4d4dd6fb37d2501b456073
Build cache key for EnumerateClassesTransform: /home/runner/.gradle/caches/8.9/transforms/6dc5106d8f1e96ba34758794afb7d6f6/transformed/startup-runtime-1.1.1-runtime.jar is 7f019a0b310e682e0f72321c8bee6b06
Stored cache entry for EnumerateClassesTransform: /home/runner/.gradle/caches/8.9/transforms/57b0b2e32f7eb00fca9bd78b1a54d1d8/transformed/gifdecoder-4.16.0-runtime.jar with cache key 74aad5f8562dbe421e04f52ed672a4ed
Stored cache entry for EnumerateClassesTransform: /home/runner/.gradle/caches/8.9/transforms/b1782f12d8f72d15826b256f1da9d1d2/transformed/exifinterface-1.3.6-runtime.jar with cache key 0c34863d2c4d4dd6fb37d2501b456073
Caching disabled for AarToClassTransform: /home/runner/.gradle/caches/modules-2/files-2.1/androidx.tracing/tracing/1.0.0/69cef34711dffbc517e7a0a419ec4a98f84f496a/tracing-1.0.0.aar because:
  Caching not enabled.
Caching disabled for AarToClassTransform: /home/runner/.gradle/caches/modules-2/files-2.1/androidx.arch.core/core-runtime/2.2.0/39705982680d78556b679ef9d5400d4f17509b0b/core-runtime-2.2.0.aar because:
  Caching not enabled.
Stored cache entry for EnumerateClassesTransform: /home/runner/.gradle/caches/modules-2/files-2.1/androidx.collection/collection/1.2.0/34dbc21d203cc4d4d623ac572a21acd4ccd716af/collection-1.2.0.jar with cache key 469e4f68aff9bfb250efba4adbbecfda
Transforming tracing-1.0.0.aar (androidx.tracing:tracing:1.0.0) with EnumerateClassesTransform
Stored cache entry for EnumerateClassesTransform: /home/runner/.gradle/caches/8.9/transforms/6dc5106d8f1e96ba34758794afb7d6f6/transformed/startup-runtime-1.1.1-runtime.jar with cache key 7f019a0b310e682e0f72321c8bee6b06
Caching disabled for IdentityTransform: /home/runner/.gradle/caches/modules-2/files-2.1/androidx.arch.core/core-common/2.2.0/5e1b8b81dfd5f52c56a8d53b18ca759c19a301f3/core-common-2.2.0.jar because:
  Caching not enabled.
Caching disabled for IdentityTransform: /home/runner/.gradle/caches/modules-2/files-2.1/androidx.concurrent/concurrent-futures/1.1.0/50b7fb98350d5f42a4e49704b03278542293ba48/concurrent-futures-1.1.0.jar because:
  Caching not enabled.
Build cache key for EnumerateClassesTransform: /home/runner/.gradle/caches/8.9/transforms/604bdb682f075158e51976d8283d94dd/transformed/tracing-1.0.0-runtime.jar is 682cc2a0bdf3676bfb35c2455390c0d7
Transforming core-common-2.2.0.jar (androidx.arch.core:core-common:2.2.0) with EnumerateClassesTransform
Transforming concurrent-futures-1.1.0.jar (androidx.concurrent:concurrent-futures:1.1.0) with EnumerateClassesTransform
Build cache key for EnumerateClassesTransform: /home/runner/.gradle/caches/modules-2/files-2.1/androidx.arch.core/core-common/2.2.0/5e1b8b81dfd5f52c56a8d53b18ca759c19a301f3/core-common-2.2.0.jar is 5b5b706261937594643212874d88fef5
Transforming core-runtime-2.2.0.aar (androidx.arch.core:core-runtime:2.2.0) with EnumerateClassesTransform
Stored cache entry for EnumerateClassesTransform: /home/runner/.gradle/caches/8.9/transforms/604bdb682f075158e51976d8283d94dd/transformed/tracing-1.0.0-runtime.jar with cache key 682cc2a0bdf3676bfb35c2455390c0d7
Build cache key for EnumerateClassesTransform: /home/runner/.gradle/caches/modules-2/files-2.1/androidx.concurrent/concurrent-futures/1.1.0/50b7fb98350d5f42a4e49704b03278542293ba48/concurrent-futures-1.1.0.jar is c82abcee9cb3378fa43103faad3db410
Caching disabled for AarToClassTransform: /home/runner/.gradle/caches/modules-2/files-2.1/androidx.documentfile/documentfile/1.0.0/66104345c90cd8c2fd5ad2d3aad692b280e10c32/documentfile-1.0.0.aar because:
  Caching not enabled.
Build cache key for EnumerateClassesTransform: /home/runner/.gradle/caches/8.9/transforms/ad6fb26b8c0d1469265fa29ad19c9948/transformed/core-runtime-2.2.0-runtime.jar is 30ff60d27054c0e73e71224a4f63049c
Stored cache entry for EnumerateClassesTransform: /home/runner/.gradle/caches/modules-2/files-2.1/androidx.arch.core/core-common/2.2.0/5e1b8b81dfd5f52c56a8d53b18ca759c19a301f3/core-common-2.2.0.jar with cache key 5b5b706261937594643212874d88fef5
Stored cache entry for EnumerateClassesTransform: /home/runner/.gradle/caches/modules-2/files-2.1/androidx.concurrent/concurrent-futures/1.1.0/50b7fb98350d5f42a4e49704b03278542293ba48/concurrent-futures-1.1.0.jar with cache key c82abcee9cb3378fa43103faad3db410
Transforming documentfile-1.0.0.aar (androidx.documentfile:documentfile:1.0.0) with EnumerateClassesTransform
Stored cache entry for EnumerateClassesTransform: /home/runner/.gradle/caches/8.9/transforms/ad6fb26b8c0d1469265fa29ad19c9948/transformed/core-runtime-2.2.0-runtime.jar with cache key 30ff60d27054c0e73e71224a4f63049c
Caching disabled for AarToClassTransform: /home/runner/.gradle/caches/modules-2/files-2.1/androidx.localbroadcastmanager/localbroadcastmanager/1.0.0/2734f31c8321e83ce6b60570d14777fc33cc2ece/localbroadcastmanager-1.0.0.aar because:
  Caching not enabled.
Build cache key for EnumerateClassesTransform: /home/runner/.gradle/caches/8.9/transforms/8700617191d4551ae326a8726b40b4e8/transformed/documentfile-1.0.0-runtime.jar is 5ac4f684b865b1af7f3c330206c5691b
Caching disabled for AarToClassTransform: /home/runner/.gradle/caches/modules-2/files-2.1/androidx.annotation/annotation-experimental/1.4.0/c7a2038d831d0cfbfb9a440890b287c2e839ecf/annotation-experimental-1.4.0.aar because:
  Caching not enabled.
Stored cache entry for EnumerateClassesTransform: /home/runner/.gradle/caches/8.9/transforms/8700617191d4551ae326a8726b40b4e8/transformed/documentfile-1.0.0-runtime.jar with cache key 5ac4f684b865b1af7f3c330206c5691b
Caching disabled for AarToClassTransform: /home/runner/.gradle/caches/modules-2/files-2.1/androidx.print/print/1.0.0/7722094652c48ebe27acc94d74a55e759e4635ff/print-1.0.0.aar because:
  Caching not enabled.
Transforming annotation-experimental-1.4.0.aar (androidx.annotation:annotation-experimental:1.4.0) with EnumerateClassesTransform
Transforming localbroadcastmanager-1.0.0.aar (androidx.localbroadcastmanager:localbroadcastmanager:1.0.0) with EnumerateClassesTransform
Build cache key for EnumerateClassesTransform: /home/runner/.gradle/caches/8.9/transforms/ac191aa29f16ece46c7aebee04b60281/transformed/annotation-experimental-1.4.0-runtime.jar is a16da08c487cb52aa4971e853ab2c8b3
Caching disabled for IdentityTransform: /home/runner/.gradle/caches/modules-2/files-2.1/androidx.annotation/annotation-jvm/1.8.2/b8a16fe526014b7941c1debaccaf9c5153692dbb/annotation-jvm-1.8.2.jar because:
  Caching not enabled.
Build cache key for EnumerateClassesTransform: /home/runner/.gradle/caches/8.9/transforms/5b68e04b3c1aea626eaceb4eae38eca9/transformed/localbroadcastmanager-1.0.0-runtime.jar is cc61a4e847706a1c71b05c419d515742
Transforming print-1.0.0.aar (androidx.print:print:1.0.0) with EnumerateClassesTransform
Stored cache entry for EnumerateClassesTransform: /home/runner/.gradle/caches/8.9/transforms/ac191aa29f16ece46c7aebee04b60281/transformed/annotation-experimental-1.4.0-runtime.jar with cache key a16da08c487cb52aa4971e853ab2c8b3
Build cache key for EnumerateClassesTransform: /home/runner/.gradle/caches/8.9/transforms/10491583bdef45b37f6323271a440201/transformed/print-1.0.0-runtime.jar is 7283056a8cecb6077bcae67aec8c8ea7
Caching disabled for IdentityTransform: /home/runner/.gradle/caches/modules-2/files-2.1/com.squareup.okio/okio-jvm/3.6.0/5600569133b7bdefe1daf9ec7f4abeb6d13e1786/okio-jvm-3.6.0.jar because:
  Caching not enabled.
Transforming annotation-jvm-1.8.2.jar (androidx.annotation:annotation-jvm:1.8.2) with EnumerateClassesTransform
Stored cache entry for EnumerateClassesTransform: /home/runner/.gradle/caches/8.9/transforms/5b68e04b3c1aea626eaceb4eae38eca9/transformed/localbroadcastmanager-1.0.0-runtime.jar with cache key cc61a4e847706a1c71b05c419d515742
Transforming okio-jvm-3.6.0.jar (com.squareup.okio:okio-jvm:3.6.0) with EnumerateClassesTransform
Build cache key for EnumerateClassesTransform: /home/runner/.gradle/caches/modules-2/files-2.1/androidx.annotation/annotation-jvm/1.8.2/b8a16fe526014b7941c1debaccaf9c5153692dbb/annotation-jvm-1.8.2.jar is c5b79f626d336609a89221775f42ed74
Caching disabled for IdentityTransform: /home/runner/.gradle/caches/modules-2/files-2.1/org.jetbrains.kotlinx/kotlinx-coroutines-core-jvm/1.7.3/2b09627576f0989a436a00a4a54b55fa5026fb86/kotlinx-coroutines-core-jvm-1.7.3.jar because:
  Caching not enabled.
Transforming kotlinx-coroutines-core-jvm-1.7.3.jar (org.jetbrains.kotlinx:kotlinx-coroutines-core-jvm:1.7.3) with EnumerateClassesTransform
Stored cache entry for EnumerateClassesTransform: /home/runner/.gradle/caches/8.9/transforms/10491583bdef45b37f6323271a440201/transformed/print-1.0.0-runtime.jar with cache key 7283056a8cecb6077bcae67aec8c8ea7
Caching disabled for IdentityTransform: /home/runner/.gradle/caches/modules-2/files-2.1/org.jetbrains.kotlinx/kotlinx-coroutines-android/1.7.3/38d9cad3a0b03a10453b56577984bdeb48edeed5/kotlinx-coroutines-android-1.7.3.jar because:
  Caching not enabled.
Build cache key for EnumerateClassesTransform: /home/runner/.gradle/caches/modules-2/files-2.1/com.squareup.okio/okio-jvm/3.6.0/5600569133b7bdefe1daf9ec7f4abeb6d13e1786/okio-jvm-3.6.0.jar is c359da02b0fc701d2f48a720e30b7d8e
Transforming kotlinx-coroutines-android-1.7.3.jar (org.jetbrains.kotlinx:kotlinx-coroutines-android:1.7.3) with EnumerateClassesTransform
Stored cache entry for EnumerateClassesTransform: /home/runner/.gradle/caches/modules-2/files-2.1/androidx.annotation/annotation-jvm/1.8.2/b8a16fe526014b7941c1debaccaf9c5153692dbb/annotation-jvm-1.8.2.jar with cache key c5b79f626d336609a89221775f42ed74
Stored cache entry for EnumerateClassesTransform: /home/runner/.gradle/caches/modules-2/files-2.1/com.squareup.okio/okio-jvm/3.6.0/5600569133b7bdefe1daf9ec7f4abeb6d13e1786/okio-jvm-3.6.0.jar with cache key c359da02b0fc701d2f48a720e30b7d8e
Build cache key for EnumerateClassesTransform: /home/runner/.gradle/caches/modules-2/files-2.1/org.jetbrains.kotlinx/kotlinx-coroutines-android/1.7.3/38d9cad3a0b03a10453b56577984bdeb48edeed5/kotlinx-coroutines-android-1.7.3.jar is 9f7d78a19ee635c9049b6a9e261d9f20
Stored cache entry for EnumerateClassesTransform: /home/runner/.gradle/caches/modules-2/files-2.1/org.jetbrains.kotlinx/kotlinx-coroutines-android/1.7.3/38d9cad3a0b03a10453b56577984bdeb48edeed5/kotlinx-coroutines-android-1.7.3.jar with cache key 9f7d78a19ee635c9049b6a9e261d9f20
Caching disabled for IdentityTransform: /home/runner/.gradle/caches/modules-2/files-2.1/org.jetbrains.kotlin/kotlin-stdlib-jdk8/1.9.10/c7510d64a83411a649c76f2778304ddf71d7437b/kotlin-stdlib-jdk8-1.9.10.jar because:
  Caching not enabled.
Caching disabled for IdentityTransform: /home/runner/.gradle/caches/modules-2/files-2.1/org.jetbrains.kotlin/kotlin-stdlib-jdk7/1.9.10/bc5bfc2690338defd5195b05c57562f2194eeb10/kotlin-stdlib-jdk7-1.9.10.jar because:
  Caching not enabled.
Transforming kotlin-stdlib-jdk7-1.9.10.jar (org.jetbrains.kotlin:kotlin-stdlib-jdk7:1.9.10) with EnumerateClassesTransform
Transforming kotlin-stdlib-jdk8-1.9.10.jar (org.jetbrains.kotlin:kotlin-stdlib-jdk8:1.9.10) with EnumerateClassesTransform
Build cache key for EnumerateClassesTransform: /home/runner/.gradle/caches/modules-2/files-2.1/org.jetbrains.kotlin/kotlin-stdlib-jdk7/1.9.10/bc5bfc2690338defd5195b05c57562f2194eeb10/kotlin-stdlib-jdk7-1.9.10.jar is df87ba5bbf6ebcdb14dd18302ba0d574
Stored cache entry for EnumerateClassesTransform: /home/runner/.gradle/caches/modules-2/files-2.1/org.jetbrains.kotlin/kotlin-stdlib-jdk7/1.9.10/bc5bfc2690338defd5195b05c57562f2194eeb10/kotlin-stdlib-jdk7-1.9.10.jar with cache key df87ba5bbf6ebcdb14dd18302ba0d574
Build cache key for EnumerateClassesTransform: /home/runner/.gradle/caches/modules-2/files-2.1/org.jetbrains.kotlin/kotlin-stdlib-jdk8/1.9.10/c7510d64a83411a649c76f2778304ddf71d7437b/kotlin-stdlib-jdk8-1.9.10.jar is faca4551730ab7869808bc6bd7bb5237
Caching disabled for IdentityTransform: /home/runner/.gradle/caches/modules-2/files-2.1/org.jetbrains.kotlin/kotlin-stdlib/1.9.10/72812e8a368917ab5c0a5081b56915ffdfec93b7/kotlin-stdlib-1.9.10.jar because:
  Caching not enabled.
Stored cache entry for EnumerateClassesTransform: /home/runner/.gradle/caches/modules-2/files-2.1/org.jetbrains.kotlin/kotlin-stdlib-jdk8/1.9.10/c7510d64a83411a649c76f2778304ddf71d7437b/kotlin-stdlib-jdk8-1.9.10.jar with cache key faca4551730ab7869808bc6bd7bb5237
Transforming kotlin-stdlib-1.9.10.jar (org.jetbrains.kotlin:kotlin-stdlib:1.9.10) with EnumerateClassesTransform
Caching disabled for IdentityTransform: /home/runner/.gradle/caches/modules-2/files-2.1/com.google.errorprone/error_prone_annotations/2.27.0/91b2c29d8a6148b5e2e4930f070d4840e2e48e34/error_prone_annotations-2.27.0.jar because:
  Caching not enabled.
Transforming error_prone_annotations-2.27.0.jar (com.google.errorprone:error_prone_annotations:2.27.0) with EnumerateClassesTransform
Build cache key for EnumerateClassesTransform: /home/runner/.gradle/caches/modules-2/files-2.1/com.google.errorprone/error_prone_annotations/2.27.0/91b2c29d8a6148b5e2e4930f070d4840e2e48e34/error_prone_annotations-2.27.0.jar is cfe71b0a063a1924af080d33530fe7f2
Stored cache entry for EnumerateClassesTransform: /home/runner/.gradle/caches/modules-2/files-2.1/com.google.errorprone/error_prone_annotations/2.27.0/91b2c29d8a6148b5e2e4930f070d4840e2e48e34/error_prone_annotations-2.27.0.jar with cache key cfe71b0a063a1924af080d33530fe7f2
Caching disabled for IdentityTransform: /home/runner/.gradle/caches/modules-2/files-2.1/androidx.constraintlayout/constraintlayout-core/1.0.4/29cdbe03ded6b0980f63fa5da2579a430e911c40/constraintlayout-core-1.0.4.jar because:
  Caching not enabled.
Transforming constraintlayout-core-1.0.4.jar (androidx.constraintlayout:constraintlayout-core:1.0.4) with EnumerateClassesTransform
Build cache key for EnumerateClassesTransform: /home/runner/.gradle/caches/modules-2/files-2.1/org.jetbrains.kotlinx/kotlinx-coroutines-core-jvm/1.7.3/2b09627576f0989a436a00a4a54b55fa5026fb86/kotlinx-coroutines-core-jvm-1.7.3.jar is 1f275535f1f2c3d47e714155066eb1b9
Stored cache entry for EnumerateClassesTransform: /home/runner/.gradle/caches/modules-2/files-2.1/org.jetbrains.kotlinx/kotlinx-coroutines-core-jvm/1.7.3/2b09627576f0989a436a00a4a54b55fa5026fb86/kotlinx-coroutines-core-jvm-1.7.3.jar with cache key 1f275535f1f2c3d47e714155066eb1b9
Caching disabled for IdentityTransform: /home/runner/.gradle/caches/modules-2/files-2.1/com.github.bumptech.glide/disklrucache/4.16.0/411aa175d50d10b37c7a1a04d21a4e7145249557/disklrucache-4.16.0.jar because:
  Caching not enabled.
Caching disabled for IdentityTransform: /home/runner/.gradle/caches/modules-2/files-2.1/com.github.bumptech.glide/annotations/4.16.0/90730f6498299d207aa0878124ab7585969808f0/annotations-4.16.0.jar because:
  Caching not enabled.
Transforming disklrucache-4.16.0.jar (com.github.bumptech.glide:disklrucache:4.16.0) with EnumerateClassesTransform
Transforming annotations-4.16.0.jar (com.github.bumptech.glide:annotations:4.16.0) with EnumerateClassesTransform
Build cache key for EnumerateClassesTransform: /home/runner/.gradle/caches/modules-2/files-2.1/com.github.bumptech.glide/annotations/4.16.0/90730f6498299d207aa0878124ab7585969808f0/annotations-4.16.0.jar is 904f296adb4a4bb3239a59ee3a3e85f5
Build cache key for EnumerateClassesTransform: /home/runner/.gradle/caches/modules-2/files-2.1/com.github.bumptech.glide/disklrucache/4.16.0/411aa175d50d10b37c7a1a04d21a4e7145249557/disklrucache-4.16.0.jar is 12eaf80b4cc6ed9ff93c882dd91fda07
Stored cache entry for EnumerateClassesTransform: /home/runner/.gradle/caches/modules-2/files-2.1/com.github.bumptech.glide/annotations/4.16.0/90730f6498299d207aa0878124ab7585969808f0/annotations-4.16.0.jar with cache key 904f296adb4a4bb3239a59ee3a3e85f5
Build cache key for EnumerateClassesTransform: /home/runner/.gradle/caches/modules-2/files-2.1/androidx.constraintlayout/constraintlayout-core/1.0.4/29cdbe03ded6b0980f63fa5da2579a430e911c40/constraintlayout-core-1.0.4.jar is e7608b628f10a25f333e7aeb1f64a4d1
Stored cache entry for EnumerateClassesTransform: /home/runner/.gradle/caches/modules-2/files-2.1/com.github.bumptech.glide/disklrucache/4.16.0/411aa175d50d10b37c7a1a04d21a4e7145249557/disklrucache-4.16.0.jar with cache key 12eaf80b4cc6ed9ff93c882dd91fda07
Caching disabled for IdentityTransform: /home/runner/.gradle/caches/modules-2/files-2.1/com.google.guava/failureaccess/1.0.2/c4a06a64e650562f30b7bf9aaec1bfed43aca12b/failureaccess-1.0.2.jar because:
  Caching not enabled.
Caching disabled for IdentityTransform: /home/runner/.gradle/caches/modules-2/files-2.1/com.google.guava/listenablefuture/9999.0-empty-to-avoid-conflict-with-guava/b421526c5f297295adef1c886e5246c39d4ac629/listenablefuture-9999.0-empty-to-avoid-conflict-with-guava.jar because:
  Caching not enabled.
Transforming failureaccess-1.0.2.jar (com.google.guava:failureaccess:1.0.2) with EnumerateClassesTransform
Stored cache entry for EnumerateClassesTransform: /home/runner/.gradle/caches/modules-2/files-2.1/androidx.constraintlayout/constraintlayout-core/1.0.4/29cdbe03ded6b0980f63fa5da2579a430e911c40/constraintlayout-core-1.0.4.jar with cache key e7608b628f10a25f333e7aeb1f64a4d1
Caching disabled for IdentityTransform: /home/runner/.gradle/caches/modules-2/files-2.1/com.google.code.findbugs/jsr305/3.0.2/25ea2e8b0c338a877313bd4672d3fe056ea78f0d/jsr305-3.0.2.jar because:
  Caching not enabled.
Transforming listenablefuture-9999.0-empty-to-avoid-conflict-with-guava.jar (com.google.guava:listenablefuture:9999.0-empty-to-avoid-conflict-with-guava) with EnumerateClassesTransform
Build cache key for EnumerateClassesTransform: /home/runner/.gradle/caches/modules-2/files-2.1/com.google.guava/listenablefuture/9999.0-empty-to-avoid-conflict-with-guava/b421526c5f297295adef1c886e5246c39d4ac629/listenablefuture-9999.0-empty-to-avoid-conflict-with-guava.jar is 4f197bd9344260b848e73c5c0270843c
Build cache key for EnumerateClassesTransform: /home/runner/.gradle/caches/modules-2/files-2.1/com.google.guava/failureaccess/1.0.2/c4a06a64e650562f30b7bf9aaec1bfed43aca12b/failureaccess-1.0.2.jar is 53a224dfd7f0457e386cef385ffada7c
Transforming jsr305-3.0.2.jar (com.google.code.findbugs:jsr305:3.0.2) with EnumerateClassesTransform
Build cache key for EnumerateClassesTransform: /home/runner/.gradle/caches/modules-2/files-2.1/com.google.code.findbugs/jsr305/3.0.2/25ea2e8b0c338a877313bd4672d3fe056ea78f0d/jsr305-3.0.2.jar is 6004a74f03c71f57c143bbb08365a64a
Stored cache entry for EnumerateClassesTransform: /home/runner/.gradle/caches/modules-2/files-2.1/com.google.guava/failureaccess/1.0.2/c4a06a64e650562f30b7bf9aaec1bfed43aca12b/failureaccess-1.0.2.jar with cache key 53a224dfd7f0457e386cef385ffada7c
Stored cache entry for EnumerateClassesTransform: /home/runner/.gradle/caches/modules-2/files-2.1/com.google.guava/listenablefuture/9999.0-empty-to-avoid-conflict-with-guava/b421526c5f297295adef1c886e5246c39d4ac629/listenablefuture-9999.0-empty-to-avoid-conflict-with-guava.jar with cache key 4f197bd9344260b848e73c5c0270843c
Caching disabled for IdentityTransform: /home/runner/.gradle/caches/modules-2/files-2.1/org.checkerframework/checker-qual/3.41.0/8be6df7f1e9bccb19f8f351b3651f0bac2f5e0c/checker-qual-3.41.0.jar because:
  Caching not enabled.
Stored cache entry for EnumerateClassesTransform: /home/runner/.gradle/caches/modules-2/files-2.1/com.google.code.findbugs/jsr305/3.0.2/25ea2e8b0c338a877313bd4672d3fe056ea78f0d/jsr305-3.0.2.jar with cache key 6004a74f03c71f57c143bbb08365a64a
Caching disabled for IdentityTransform: /home/runner/.gradle/caches/modules-2/files-2.1/org.jetbrains.kotlin/kotlin-stdlib-common/1.9.10/dafaf2c27f27c09220cee312df10917d9a5d97ce/kotlin-stdlib-common-1.9.10.jar because:
  Caching not enabled.
Caching disabled for IdentityTransform: /home/runner/.gradle/caches/modules-2/files-2.1/org.jetbrains/annotations/23.0.0/8cc20c07506ec18e0834947b84a864bfc094484e/annotations-23.0.0.jar because:
  Caching not enabled.
Transforming checker-qual-3.41.0.jar (org.checkerframework:checker-qual:3.41.0) with EnumerateClassesTransform
Transforming kotlin-stdlib-common-1.9.10.jar (org.jetbrains.kotlin:kotlin-stdlib-common:1.9.10) with EnumerateClassesTransform
Transforming annotations-23.0.0.jar (org.jetbrains:annotations:23.0.0) with EnumerateClassesTransform
Build cache key for EnumerateClassesTransform: /home/runner/.gradle/caches/modules-2/files-2.1/org.jetbrains/annotations/23.0.0/8cc20c07506ec18e0834947b84a864bfc094484e/annotations-23.0.0.jar is a6f1808d482a7397e561b6294388c58f
Stored cache entry for EnumerateClassesTransform: /home/runner/.gradle/caches/modules-2/files-2.1/org.jetbrains/annotations/23.0.0/8cc20c07506ec18e0834947b84a864bfc094484e/annotations-23.0.0.jar with cache key a6f1808d482a7397e561b6294388c58f
Build cache key for EnumerateClassesTransform: /home/runner/.gradle/caches/modules-2/files-2.1/org.jetbrains.kotlin/kotlin-stdlib/1.9.10/72812e8a368917ab5c0a5081b56915ffdfec93b7/kotlin-stdlib-1.9.10.jar is 036d9942498e903c14a02c05c5d2eba6
Build cache key for EnumerateClassesTransform: /home/runner/.gradle/caches/modules-2/files-2.1/org.jetbrains.kotlin/kotlin-stdlib-common/1.9.10/dafaf2c27f27c09220cee312df10917d9a5d97ce/kotlin-stdlib-common-1.9.10.jar is 0f88c9f5dcdbbd56c2a7b91ed2ca06b4
Stored cache entry for EnumerateClassesTransform: /home/runner/.gradle/caches/modules-2/files-2.1/org.jetbrains.kotlin/kotlin-stdlib/1.9.10/72812e8a368917ab5c0a5081b56915ffdfec93b7/kotlin-stdlib-1.9.10.jar with cache key 036d9942498e903c14a02c05c5d2eba6
Build cache key for EnumerateClassesTransform: /home/runner/.gradle/caches/modules-2/files-2.1/org.checkerframework/checker-qual/3.41.0/8be6df7f1e9bccb19f8f351b3651f0bac2f5e0c/checker-qual-3.41.0.jar is 3140badbd6d57e0021f29d18eda9943a
Stored cache entry for EnumerateClassesTransform: /home/runner/.gradle/caches/modules-2/files-2.1/org.jetbrains.kotlin/kotlin-stdlib-common/1.9.10/dafaf2c27f27c09220cee312df10917d9a5d97ce/kotlin-stdlib-common-1.9.10.jar with cache key 0f88c9f5dcdbbd56c2a7b91ed2ca06b4
Stored cache entry for EnumerateClassesTransform: /home/runner/.gradle/caches/modules-2/files-2.1/org.checkerframework/checker-qual/3.41.0/8be6df7f1e9bccb19f8f351b3651f0bac2f5e0c/checker-qual-3.41.0.jar with cache key 3140badbd6d57e0021f29d18eda9943a
Caching disabled for task ':app:checkDebugDuplicateClasses' because:
  Caching has been disabled for the task
Task ':app:checkDebugDuplicateClasses' is not up-to-date because:
  No history is available.
AAPT2 aapt2-8.5.2-11315950-linux Daemon #0: shutdown
AAPT2 aapt2-8.5.2-11315950-linux Daemon #1: shutdown
AAPT2 aapt2-8.5.2-11315950-linux Daemon #2: shutdown

FAILURE: Build failed with an exception.

* What went wrong:
Execution failed for task ':app:processDebugResources'.
> A failure occurred while executing com.android.build.gradle.internal.res.LinkApplicationAndroidResourcesTask$TaskAction
   > Android resource linking failed
     ERROR: AAPT: error: resource style/Text (aka com.anibeat.app.debug:style/Text) not found.
     error: resource style/Text (aka com.anibeat.app.debug:style/Text) not found.
     error: failed linking references.
     
         

* Try:
> Run with --debug option to get more log output.
> Run with --scan to get full insights.
> Get more help at https://help.gradle.org.

* Exception is:
org.gradle.api.tasks.TaskExecutionException: Execution failed for task ':app:processDebugResources'.
	at org.gradle.api.internal.tasks.execution.ExecuteActionsTaskExecuter.lambda$executeIfValid$1(ExecuteActionsTaskExecuter.java:130)
	at org.gradle.internal.Try$Failure.ifSuccessfulOrElse(Try.java:293)
	at org.gradle.api.internal.tasks.execution.ExecuteActionsTaskExecuter.executeIfValid(ExecuteActionsTaskExecuter.java:128)
	at org.gradle.api.internal.tasks.execution.ExecuteActionsTaskExecuter.execute(ExecuteActionsTaskExecuter.java:116)
	at org.gradle.api.internal.tasks.execution.FinalizePropertiesTaskExecuter.execute(FinalizePropertiesTaskExecuter.java:46)
	at org.gradle.api.internal.tasks.execution.ResolveTaskExecutionModeExecuter.execute(ResolveTaskExecutionModeExecuter.java:51)
	at org.gradle.api.internal.tasks.execution.SkipTaskWithNoActionsExecuter.execute(SkipTaskWithNoActionsExecuter.java:57)
	at org.gradle.api.internal.tasks.execution.SkipOnlyIfTaskExecuter.execute(SkipOnlyIfTaskExecuter.java:74)
	at org.gradle.api.internal.tasks.execution.CatchExceptionTaskExecuter.execute(CatchExceptionTaskExecuter.java:36)
	at org.gradle.api.internal.tasks.execution.EventFiringTaskExecuter$1.executeTask(EventFiringTaskExecuter.java:77)
	at org.gradle.api.internal.tasks.execution.EventFiringTaskExecuter$1.call(EventFiringTaskExecuter.java:55)
	at org.gradle.api.internal.tasks.execution.EventFiringTaskExecuter$1.call(EventFiringTaskExecuter.java:52)
	at org.gradle.internal.operations.DefaultBuildOperationRunner$CallableBuildOperationWorker.execute(DefaultBuildOperationRunner.java:209)
	at org.gradle.internal.operations.DefaultBuildOperationRunner$CallableBuildOperationWorker.execute(DefaultBuildOperationRunner.java:204)
	at org.gradle.internal.operations.DefaultBuildOperationRunner$2.execute(DefaultBuildOperationRunner.java:66)
	at org.gradle.internal.operations.DefaultBuildOperationRunner$2.execute(DefaultBuildOperationRunner.java:59)
	at org.gradle.internal.operations.DefaultBuildOperationRunner.execute(DefaultBuildOperationRunner.java:166)
	at org.gradle.internal.operations.DefaultBuildOperationRunner.execute(DefaultBuildOperationRunner.java:59)
	at org.gradle.internal.operations.DefaultBuildOperationRunner.call(DefaultBuildOperationRunner.java:53)
	at org.gradle.api.internal.tasks.execution.EventFiringTaskExecuter.execute(EventFiringTaskExecuter.java:52)
	at org.gradle.execution.plan.LocalTaskNodeExecutor.execute(LocalTaskNodeExecutor.java:42)
	at org.gradle.execution.taskgraph.DefaultTaskExecutionGraph$InvokeNodeExecutorsAction.execute(DefaultTaskExecutionGraph.java:331)
	at org.gradle.execution.taskgraph.DefaultTaskExecutionGraph$InvokeNodeExecutorsAction.execute(DefaultTaskExecutionGraph.java:318)
	at org.gradle.execution.taskgraph.DefaultTaskExecutionGraph$BuildOperationAwareExecutionAction.lambda$execute$0(DefaultTaskExecutionGraph.java:314)
	at org.gradle.internal.operations.CurrentBuildOperationRef.with(CurrentBuildOperationRef.java:85)
	at org.gradle.execution.taskgraph.DefaultTaskExecutionGraph$BuildOperationAwareExecutionAction.execute(DefaultTaskExecutionGraph.java:314)
	at org.gradle.execution.taskgraph.DefaultTaskExecutionGraph$BuildOperationAwareExecutionAction.execute(DefaultTaskExecutionGraph.java:303)
	at org.gradle.execution.plan.DefaultPlanExecutor$ExecutorWorker.execute(DefaultPlanExecutor.java:459)
	at org.gradle.execution.plan.DefaultPlanExecutor$ExecutorWorker.run(DefaultPlanExecutor.java:376)
	at org.gradle.internal.concurrent.ExecutorPolicy$CatchAndRecordFailures.onExecute(ExecutorPolicy.java:64)
	at org.gradle.internal.concurrent.AbstractManagedExecutor$1.run(AbstractManagedExecutor.java:48)
Caused by: org.gradle.workers.internal.DefaultWorkerExecutor$WorkExecutionException: A failure occurred while executing com.android.build.gradle.internal.res.LinkApplicationAndroidResourcesTask$TaskAction
	at org.gradle.workers.internal.DefaultWorkerExecutor$WorkItemExecution.waitForCompletion(DefaultWorkerExecutor.java:287)
	at org.gradle.internal.work.DefaultAsyncWorkTracker.lambda$waitForItemsAndGatherFailures$2(DefaultAsyncWorkTracker.java:130)
	at org.gradle.internal.Factories$1.create(Factories.java:31)
	at org.gradle.internal.work.DefaultWorkerLeaseService.withoutLocks(DefaultWorkerLeaseService.java:339)
	at org.gradle.internal.work.DefaultWorkerLeaseService.withoutLocks(DefaultWorkerLeaseService.java:322)
	at org.gradle.internal.work.DefaultWorkerLeaseService.withoutLock(DefaultWorkerLeaseService.java:327)
	at org.gradle.internal.work.DefaultAsyncWorkTracker.waitForItemsAndGatherFailures(DefaultAsyncWorkTracker.java:126)
	at org.gradle.internal.work.DefaultAsyncWorkTracker.waitForItemsAndGatherFailures(DefaultAsyncWorkTracker.java:92)
	at org.gradle.internal.work.DefaultAsyncWorkTracker.waitForAll(DefaultAsyncWorkTracker.java:78)
	at org.gradle.internal.work.DefaultAsyncWorkTracker.waitForCompletion(DefaultAsyncWorkTracker.java:66)
	at org.gradle.api.internal.tasks.execution.TaskExecution$3.run(TaskExecution.java:252)
	at org.gradle.internal.operations.DefaultBuildOperationRunner$1.execute(DefaultBuildOperationRunner.java:29)
	at org.gradle.internal.operations.DefaultBuildOperationRunner$1.execute(DefaultBuildOperationRunner.java:26)
	at org.gradle.internal.operations.DefaultBuildOperationRunner$2.execute(DefaultBuildOperationRunner.java:66)
	at org.gradle.internal.operations.DefaultBuildOperationRunner$2.execute(DefaultBuildOperationRunner.java:59)
	at org.gradle.internal.operations.DefaultBuildOperationRunner.execute(DefaultBuildOperationRunner.java:166)
	at org.gradle.internal.operations.DefaultBuildOperationRunner.execute(DefaultBuildOperationRunner.java:59)
	at org.gradle.internal.operations.DefaultBuildOperationRunner.run(DefaultBuildOperationRunner.java:47)
	at org.gradle.api.internal.tasks.execution.TaskExecution.executeAction(TaskExecution.java:229)
	at org.gradle.api.internal.tasks.execution.TaskExecution.executeActions(TaskExecution.java:212)
	at org.gradle.api.internal.tasks.execution.TaskExecution.executeWithPreviousOutputFiles(TaskExecution.java:195)
	at org.gradle.api.internal.tasks.execution.TaskExecution.execute(TaskExecution.java:162)
	at org.gradle.internal.execution.steps.ExecuteStep.executeInternal(ExecuteStep.java:105)
	at org.gradle.internal.execution.steps.ExecuteStep.access$000(ExecuteStep.java:44)
	at org.gradle.internal.execution.steps.ExecuteStep$1.call(ExecuteStep.java:59)
	at org.gradle.internal.execution.steps.ExecuteStep$1.call(ExecuteStep.java:56)
	at org.gradle.internal.operations.DefaultBuildOperationRunner$CallableBuildOperationWorker.execute(DefaultBuildOperationRunner.java:209)
	at org.gradle.internal.operations.DefaultBuildOperationRunner$CallableBuildOperationWorker.execute(DefaultBuildOperationRunner.java:204)
	at org.gradle.internal.operations.DefaultBuildOperationRunner$2.execute(DefaultBuildOperationRunner.java:66)
	at org.gradle.internal.operations.DefaultBuildOperationRunner$2.execute(DefaultBuildOperationRunner.java:59)
	at org.gradle.internal.operations.DefaultBuildOperationRunner.execute(DefaultBuildOperationRunner.java:166)
	at org.gradle.internal.operations.DefaultBuildOperationRunner.execute(DefaultBuildOperationRunner.java:59)
	at org.gradle.internal.operations.DefaultBuildOperationRunner.call(DefaultBuildOperationRunner.java:53)
	at org.gradle.internal.execution.steps.ExecuteStep.execute(ExecuteStep.java:56)
	at org.gradle.internal.execution.steps.ExecuteStep.execute(ExecuteStep.java:44)
	at org.gradle.internal.execution.steps.CancelExecutionStep.execute(CancelExecutionStep.java:42)
	at org.gradle.internal.execution.steps.TimeoutStep.executeWithoutTimeout(TimeoutStep.java:75)
	at org.gradle.internal.execution.steps.TimeoutStep.execute(TimeoutStep.java:55)
	at org.gradle.internal.execution.steps.PreCreateOutputParentsStep.execute(PreCreateOutputParentsStep.java:50)
	at org.gradle.internal.execution.steps.PreCreateOutputParentsStep.execute(PreCreateOutputParentsStep.java:28)
	at org.gradle.internal.execution.steps.RemovePreviousOutputsStep.execute(RemovePreviousOutputsStep.java:67)
	at org.gradle.internal.execution.steps.RemovePreviousOutputsStep.execute(RemovePreviousOutputsStep.java:37)
	at org.gradle.internal.execution.steps.BroadcastChangingOutputsStep.execute(BroadcastChangingOutputsStep.java:61)
	at org.gradle.internal.execution.steps.BroadcastChangingOutputsStep.execute(BroadcastChangingOutputsStep.java:26)
	at org.gradle.internal.execution.steps.CaptureOutputsAfterExecutionStep.execute(CaptureOutputsAfterExecutionStep.java:69)
	at org.gradle.internal.execution.steps.CaptureOutputsAfterExecutionStep.execute(CaptureOutputsAfterExecutionStep.java:46)
	at org.gradle.internal.execution.steps.ResolveInputChangesStep.execute(ResolveInputChangesStep.java:40)
	at org.gradle.internal.execution.steps.ResolveInputChangesStep.execute(ResolveInputChangesStep.java:29)
	at org.gradle.internal.execution.steps.BuildCacheStep.executeWithoutCache(BuildCacheStep.java:189)
	at org.gradle.internal.execution.steps.BuildCacheStep.executeAndStoreInCache(BuildCacheStep.java:145)
	at org.gradle.internal.execution.steps.BuildCacheStep.lambda$executeWithCache$4(BuildCacheStep.java:101)
	at org.gradle.internal.execution.steps.BuildCacheStep.lambda$executeWithCache$5(BuildCacheStep.java:101)
	at org.gradle.internal.Try$Success.map(Try.java:175)
	at org.gradle.internal.execution.steps.BuildCacheStep.executeWithCache(BuildCacheStep.java:85)
	at org.gradle.internal.execution.steps.BuildCacheStep.lambda$execute$0(BuildCacheStep.java:74)
	at org.gradle.internal.Either$Left.fold(Either.java:115)
	at org.gradle.internal.execution.caching.CachingState.fold(CachingState.java:62)
	at org.gradle.internal.execution.steps.BuildCacheStep.execute(BuildCacheStep.java:73)
	at org.gradle.internal.execution.steps.BuildCacheStep.execute(BuildCacheStep.java:48)
	at org.gradle.internal.execution.steps.StoreExecutionStateStep.execute(StoreExecutionStateStep.java:46)
	at org.gradle.internal.execution.steps.StoreExecutionStateStep.execute(StoreExecutionStateStep.java:35)
	at org.gradle.internal.execution.steps.SkipUpToDateStep.executeBecause(SkipUpToDateStep.java:75)
	at org.gradle.internal.execution.steps.SkipUpToDateStep.lambda$execute$2(SkipUpToDateStep.java:53)
	at org.gradle.internal.execution.steps.SkipUpToDateStep.execute(SkipUpToDateStep.java:53)
	at org.gradle.internal.execution.steps.SkipUpToDateStep.execute(SkipUpToDateStep.java:35)
	at org.gradle.internal.execution.steps.legacy.MarkSnapshottingInputsFinishedStep.execute(MarkSnapshottingInputsFinishedStep.java:37)
	at org.gradle.internal.execution.steps.legacy.MarkSnapshottingInputsFinishedStep.execute(MarkSnapshottingInputsFinishedStep.java:27)
	at org.gradle.internal.execution.steps.ResolveIncrementalCachingStateStep.executeDelegate(ResolveIncrementalCachingStateStep.java:49)
	at org.gradle.internal.execution.steps.ResolveIncrementalCachingStateStep.executeDelegate(ResolveIncrementalCachingStateStep.java:27)
	at org.gradle.internal.execution.steps.AbstractResolveCachingStateStep.execute(AbstractResolveCachingStateStep.java:71)
	at org.gradle.internal.execution.steps.AbstractResolveCachingStateStep.execute(AbstractResolveCachingStateStep.java:39)
	at org.gradle.internal.execution.steps.ResolveChangesStep.execute(ResolveChangesStep.java:65)
	at org.gradle.internal.execution.steps.ResolveChangesStep.execute(ResolveChangesStep.java:36)
	at org.gradle.internal.execution.steps.ValidateStep.execute(ValidateStep.java:105)
	at org.gradle.internal.execution.steps.ValidateStep.execute(ValidateStep.java:54)
	at org.gradle.internal.execution.steps.AbstractCaptureStateBeforeExecutionStep.execute(AbstractCaptureStateBeforeExecutionStep.java:64)
	at org.gradle.internal.execution.steps.AbstractCaptureStateBeforeExecutionStep.execute(AbstractCaptureStateBeforeExecutionStep.java:43)
	at org.gradle.internal.execution.steps.AbstractSkipEmptyWorkStep.executeWithNonEmptySources(AbstractSkipEmptyWorkStep.java:125)
	at org.gradle.internal.execution.steps.AbstractSkipEmptyWorkStep.execute(AbstractSkipEmptyWorkStep.java:56)
	at org.gradle.internal.execution.steps.AbstractSkipEmptyWorkStep.execute(AbstractSkipEmptyWorkStep.java:36)
	at org.gradle.internal.execution.steps.legacy.MarkSnapshottingInputsStartedStep.execute(MarkSnapshottingInputsStartedStep.java:38)
	at org.gradle.internal.execution.steps.LoadPreviousExecutionStateStep.execute(LoadPreviousExecutionStateStep.java:36)
	at org.gradle.internal.execution.steps.LoadPreviousExecutionStateStep.execute(LoadPreviousExecutionStateStep.java:23)
	at org.gradle.internal.execution.steps.HandleStaleOutputsStep.execute(HandleStaleOutputsStep.java:75)
	at org.gradle.internal.execution.steps.HandleStaleOutputsStep.execute(HandleStaleOutputsStep.java:41)
	at org.gradle.internal.execution.steps.AssignMutableWorkspaceStep.lambda$execute$0(AssignMutableWorkspaceStep.java:35)
	at org.gradle.api.internal.tasks.execution.TaskExecution$4.withWorkspace(TaskExecution.java:289)
	at org.gradle.internal.execution.steps.AssignMutableWorkspaceStep.execute(AssignMutableWorkspaceStep.java:31)
	at org.gradle.internal.execution.steps.AssignMutableWorkspaceStep.execute(AssignMutableWorkspaceStep.java:22)
	at org.gradle.internal.execution.steps.ChoosePipelineStep.execute(ChoosePipelineStep.java:40)
	at org.gradle.internal.execution.steps.ChoosePipelineStep.execute(ChoosePipelineStep.java:23)
	at org.gradle.internal.execution.steps.ExecuteWorkBuildOperationFiringStep.lambda$execute$2(ExecuteWorkBuildOperationFiringStep.java:67)
	at org.gradle.internal.execution.steps.ExecuteWorkBuildOperationFiringStep.execute(ExecuteWorkBuildOperationFiringStep.java:67)
	at org.gradle.internal.execution.steps.ExecuteWorkBuildOperationFiringStep.execute(ExecuteWorkBuildOperationFiringStep.java:39)
	at org.gradle.internal.execution.steps.IdentityCacheStep.execute(IdentityCacheStep.java:46)
	at org.gradle.internal.execution.steps.IdentityCacheStep.execute(IdentityCacheStep.java:34)
	at org.gradle.internal.execution.steps.IdentifyStep.execute(IdentifyStep.java:48)
	at org.gradle.internal.execution.steps.IdentifyStep.execute(IdentifyStep.java:35)
	at org.gradle.internal.execution.impl.DefaultExecutionEngine$1.execute(DefaultExecutionEngine.java:61)
	at org.gradle.api.internal.tasks.execution.ExecuteActionsTaskExecuter.executeIfValid(ExecuteActionsTaskExecuter.java:127)
	at org.gradle.api.internal.tasks.execution.ExecuteActionsTaskExecuter.execute(ExecuteActionsTaskExecuter.java:116)
	at org.gradle.api.internal.tasks.execution.FinalizePropertiesTaskExecuter.execute(FinalizePropertiesTaskExecuter.java:46)
	at org.gradle.api.internal.tasks.execution.ResolveTaskExecutionModeExecuter.execute(ResolveTaskExecutionModeExecuter.java:51)
	at org.gradle.api.internal.tasks.execution.SkipTaskWithNoActionsExecuter.execute(SkipTaskWithNoActionsExecuter.java:57)
	at org.gradle.api.internal.tasks.execution.SkipOnlyIfTaskExecuter.execute(SkipOnlyIfTaskExecuter.java:74)
	at org.gradle.api.internal.tasks.execution.CatchExceptionTaskExecuter.execute(CatchExceptionTaskExecuter.java:36)
	at org.gradle.api.internal.tasks.execution.EventFiringTaskExecuter$1.executeTask(EventFiringTaskExecuter.java:77)
	at org.gradle.api.internal.tasks.execution.EventFiringTaskExecuter$1.call(EventFiringTaskExecuter.java:55)
	at org.gradle.api.internal.tasks.execution.EventFiringTaskExecuter$1.call(EventFiringTaskExecuter.java:52)
	at org.gradle.internal.operations.DefaultBuildOperationRunner$CallableBuildOperationWorker.execute(DefaultBuildOperationRunner.java:209)
	at org.gradle.internal.operations.DefaultBuildOperationRunner$CallableBuildOperationWorker.execute(DefaultBuildOperationRunner.java:204)
	at org.gradle.internal.operations.DefaultBuildOperationRunner$2.execute(DefaultBuildOperationRunner.java:66)
	at org.gradle.internal.operations.DefaultBuildOperationRunner$2.execute(DefaultBuildOperationRunner.java:59)
	at org.gradle.internal.operations.DefaultBuildOperationRunner.execute(DefaultBuildOperationRunner.java:166)
	at org.gradle.internal.operations.DefaultBuildOperationRunner.execute(DefaultBuildOperationRunner.java:59)
	at org.gradle.internal.operations.DefaultBuildOperationRunner.call(DefaultBuildOperationRunner.java:53)
	at org.gradle.api.internal.tasks.execution.EventFiringTaskExecuter.execute(EventFiringTaskExecuter.java:52)
	at org.gradle.execution.plan.LocalTaskNodeExecutor.execute(LocalTaskNodeExecutor.java:42)
	at org.gradle.execution.taskgraph.DefaultTaskExecutionGraph$InvokeNodeExecutorsAction.execute(DefaultTaskExecutionGraph.java:331)
	at org.gradle.execution.taskgraph.DefaultTaskExecutionGraph$InvokeNodeExecutorsAction.execute(DefaultTaskExecutionGraph.java:318)
	at org.gradle.execution.taskgraph.DefaultTaskExecutionGraph$BuildOperationAwareExecutionAction.lambda$execute$0(DefaultTaskExecutionGraph.java:314)
	at org.gradle.internal.operations.CurrentBuildOperationRef.with(CurrentBuildOperationRef.java:85)
	at org.gradle.execution.taskgraph.DefaultTaskExecutionGraph$BuildOperationAwareExecutionAction.execute(DefaultTaskExecutionGraph.java:314)
	at org.gradle.execution.taskgraph.DefaultTaskExecutionGraph$BuildOperationAwareExecutionAction.execute(DefaultTaskExecutionGraph.java:303)
	at org.gradle.execution.plan.DefaultPlanExecutor$ExecutorWorker.execute(DefaultPlanExecutor.java:459)
	at org.gradle.execution.plan.DefaultPlanExecutor$ExecutorWorker.run(DefaultPlanExecutor.java:376)
	at org.gradle.internal.concurrent.ExecutorPolicy$CatchAndRecordFailures.onExecute(ExecutorPolicy.java:64)
	at org.gradle.internal.concurrent.AbstractManagedExecutor$1.run(AbstractManagedExecutor.java:48)
Caused by: com.android.builder.internal.aapt.v2.Aapt2Exception: Android resource linking failed
ERROR: AAPT: error: resource style/Text (aka com.anibeat.app.debug:style/Text) not found.
error: resource style/Text (aka com.anibeat.app.debug:style/Text) not found.
error: failed linking references.

    
	at com.android.builder.internal.aapt.v2.Aapt2Exception$Companion.create(Aapt2Exception.kt:45)
	at com.android.builder.internal.aapt.v2.Aapt2Exception$Companion.create$default(Aapt2Exception.kt:33)
	at com.android.build.gradle.internal.res.Aapt2ErrorUtils.rewriteException(Aapt2ErrorUtils.kt:262)
	at com.android.build.gradle.internal.res.Aapt2ErrorUtils.rewriteLinkException(Aapt2ErrorUtils.kt:133)
	at com.android.build.gradle.internal.res.Aapt2ProcessResourcesRunnableKt.processResources(Aapt2ProcessResourcesRunnable.kt:76)
	at com.android.build.gradle.internal.res.LinkApplicationAndroidResourcesTask$Companion.invokeAaptForSplit(LinkApplicationAndroidResourcesTask.kt:941)
	at com.android.build.gradle.internal.res.LinkApplicationAndroidResourcesTask$Companion.access$invokeAaptForSplit(LinkApplicationAndroidResourcesTask.kt:796)
	at com.android.build.gradle.internal.res.LinkApplicationAndroidResourcesTask$TaskAction.run(LinkApplicationAndroidResourcesTask.kt:432)
	at com.android.build.gradle.internal.profile.ProfileAwareWorkAction.execute(ProfileAwareWorkAction.kt:74)
	at org.gradle.workers.internal.DefaultWorkerServer.execute(DefaultWorkerServer.java:63)
	at org.gradle.workers.internal.NoIsolationWorkerFactory$1$1.create(NoIsolationWorkerFactory.java:66)
	at org.gradle.workers.internal.NoIsolationWorkerFactory$1$1.create(NoIsolationWorkerFactory.java:62)
	at org.gradle.internal.classloader.ClassLoaderUtils.executeInClassloader(ClassLoaderUtils.java:100)
	at org.gradle.workers.internal.NoIsolationWorkerFactory$1.lambda$execute$0(NoIsolationWorkerFactory.java:62)
	at org.gradle.workers.internal.AbstractWorker$1.call(AbstractWorker.java:44)
	at org.gradle.workers.internal.AbstractWorker$1.call(AbstractWorker.java:41)
	at org.gradle.internal.operations.DefaultBuildOperationRunner$CallableBuildOperationWorker.execute(DefaultBuildOperationRunner.java:209)
	at org.gradle.internal.operations.DefaultBuildOperationRunner$CallableBuildOperationWorker.execute(DefaultBuildOperationRunner.java:204)
	at org.gradle.internal.operations.DefaultBuildOperationRunner$2.execute(DefaultBuildOperationRunner.java:66)
	at org.gradle.internal.operations.DefaultBuildOperationRunner$2.execute(DefaultBuildOperationRunner.java:59)
	at org.gradle.internal.operations.DefaultBuildOperationRunner.execute(DefaultBuildOperationRunner.java:166)
	at org.gradle.internal.operations.DefaultBuildOperationRunner.execute(DefaultBuildOperationRunner.java:59)
	at org.gradle.internal.operations.DefaultBuildOperationRunner.call(DefaultBuildOperationRunner.java:53)
	at org.gradle.workers.internal.AbstractWorker.executeWrappedInBuildOperation(AbstractWorker.java:41)
	at org.gradle.workers.internal.NoIsolationWorkerFactory$1.execute(NoIsolationWorkerFactory.java:59)
	at org.gradle.workers.internal.DefaultWorkerExecutor.lambda$submitWork$0(DefaultWorkerExecutor.java:174)
	at org.gradle.internal.work.DefaultConditionalExecutionQueue$ExecutionRunner.runExecution(DefaultConditionalExecutionQueue.java:195)
	at org.gradle.internal.work.DefaultConditionalExecutionQueue$ExecutionRunner.access$700(DefaultConditionalExecutionQueue.java:128)
	at org.gradle.internal.work.DefaultConditionalExecutionQueue$ExecutionRunner$1.run(DefaultConditionalExecutionQueue.java:170)
	at org.gradle.internal.Factories$1.create(Factories.java:31)
	at org.gradle.internal.work.DefaultWorkerLeaseService.withLocks(DefaultWorkerLeaseService.java:267)
	at org.gradle.internal.work.DefaultWorkerLeaseService.runAsWorkerThread(DefaultWorkerLeaseService.java:131)
	at org.gradle.internal.work.DefaultWorkerLeaseService.runAsWorkerThread(DefaultWorkerLeaseService.java:136)
	at org.gradle.internal.work.DefaultConditionalExecutionQueue$ExecutionRunner.runBatch(DefaultConditionalExecutionQueue.java:165)
	at org.gradle.internal.work.DefaultConditionalExecutionQueue$ExecutionRunner.run(DefaultConditionalExecutionQueue.java:134)
	... 2 more


BUILD FAILED in 19s
21 actionable tasks: 21 executed
